company_worked,company_tier
Maestro systems and automation,3
Ford,2
Edernity,3
Dox Pro Robotics,3
Sir Syed Global Scholar Award,3
Synergy Marine Group,2
V Drone,3
Gadre Infotech Pvt Ltd,3
Triant software Solution,3
Defence Metallurgical Research Laboratory Hyderabad,1
ASQM DESIGN FOUNDRY,3
Virtue Infotech,3
Craftsman Automation,2
SAP Labs,1
Maybank,2
BIAS Corporation,3
Notion.,1
Telerad Tech,3
Adhita LLC,3
vimal industries,3
Pramerica Life Insurance Limited,2
Times Institute Of Management And Technical Studies,3
GSK,2
Service4startup,3
POHU Labs,3
Lithium Technologies,2
Citiustech Healthcare,3
Lodgistics Software India LLP,3
TeknoAvr,3
I-PAC,2
Delhi Metro Rail Corporation,2
Stalkboom Solutions Private Limited,3
BPCL (Corporate R&D center),2
Amul,2
Unitech Ltd,3
CDM Infrastructure,3
Signode India Ltd,2
Rabbit's hat,3
Samsung R&D Institute Bangalore,1
Unergia,3
KTM Service Centre,3
Green Sparrow solutions,3
Islamabad Electric Supply Company,3
SMG Infosolutions,3
Punjab National Bank,2
Narchem INDUSTRIES,3
winuall,3
Sva Syntex,3
Advansoft International,3
Sri Manjunatha Design,3
Gyrix TechnoLabs,3
BIG FIX,3
National Centre For Biological Sciences,1
IIT Goa,1
Vyas Telecom,3
Dhruv Consultancy Pvt. Ltd.,3
Atul Auto Ltd,2
Indian Academy Of Drones,3
Elegant Collection,3
Clairvolex,3
Cedarwood Afterschool Program,3
Nielsen Global Media,2
Shobha Construction,3
The intern Academy,3
3 Fold Design,3
klt automotive & tubular products ltd,2
Biogenomics,3
Finatics Technology Pvt Ltd,3
Confio Engineering Solution Pvt LTD,3
Green Hitech Solutions,3
Skellam AI,3
Mindefy Solutions,3
Linde Engineering India,2
Nineleaps,3
CallHealth,3
Digital Task Force (Pune Police),3
Soulpro Infologix,3
ASA & Associates,3
Flexmotiv Technologies,3
Karnataka Antibiotics And Pharmaceutical Ltd,2
BJIT,3
DLRL-DRDO,1
Plezmo,3
Kudankulam Nuclear Power Project,1
Cubix Automation Pvt Ltd,3
Mast Global,2
Carikture,3
Ypsilon it solutions Pvt. Ltd.,3
Perspective,3
Crompton Greaves,2
Cynthiasodyssey,3
Shri Ram Construction,3
ITC Limited,2
KPIT Technologies,2
Defense Research & Development Organization,1
Delta Electronics India,2
Siemens India Ltd,2
Kruti Architects,3
StudioHD Architects,3
Research And Development,3
DATACURATE Technology,3
Citizen Industries Private Limited (A Member of Daikin Group),2
Eeva,3
Huawei India,1
chatment   private limited,3
Aarete,2
Modelicon Infotech,3
Inherit Systems,3
Transvision AML Solutions,3
Rubit Technologies,3
Kidyfit Care Pvt Ltd,3
Olam Information,2
Delhivery,1
DKPR E LEARN pvt ltd,3
Ambuja Constructions,2
Sai Plast,3
Spyry Technologies,3
U.S.T,2
impressico,3
Charmboard,3
VBSoft,3
Local Ramu Pvt Ltd,3
Alepo Technologies,2
Tunneltech Solutions Pvt Ltd,3
Evertz Microsystems,2
Gridbots Technologies Ltd,3
Cohesity,1
CEJN,2
grt global logistics pvt limited,3
Sanfoundry,3
Tribetech Pvt. Ltd.,3
Balchuguri Tech,3
Ashwamedh Spaces Pvt Ltd,3
Inser Hitech,3
Meroku DAO,3
Bajaj Auto Ltd,2
Samarika Pharma Equipments,3
WebStag Technologies,3
Publicis Groupe,2
Learnpedia Education Pvt Ltd,3
propix technology,3
FIVE S INTERNATIONAL,3
Nav Clothing,3
Veda Iit,3
trillbit,3
Cyber Green Defense,3
smartech automation and controls,3
Vimal Pumps Ptv. Ltd,3
acumen capital market,3
Ball Aerocan,2
Fermat Education,3
Shiwalaya Infra Pvt. Ltd,3
CRY -Child Rights And You,3
Quality Matrix,3
Manipal,3
Sports Mechanics,3
ReportGarden,3
company law institute of india,3
ComTec Information Systems,3
Aakruti Architects,3
Dolphin Dive Technology,3
Shree Ambika Enterprises,3
Aqua Sub Engineering,3
"81 division medical services/ hospital Ikoyi, Lagos",3
Mphasis,3
Electric Avenue International,3
Csir IICT,1
Bioklone,3
Diatoz solutions pvt ltd,3
Auro Infotech,3
Bridge & Roof Co. (I) Ltd,3
Shree Venkatesh Buildcon,3
InstruMech Engineers Private Limited,3
EcoCoDE Nepal,3
Route Link Technologies Pvt Ltd,3
Four Brothers Software Solutions,3
Alfonso,3
Revolux Solutions Pvt Ltd,3
Bharat Sanchar Nigam Limited,3
HexaCoder Technologies,3
Croda India Pvt. Ltd.,2
Spotknack,3
Aker Solutions,2
Aman Associates,3
Panacea Infosec,3
MARS exploration Pvt Ltd,3
WonderBotz India Pvt Ltd,3
University Of California San Diego,2
Bestway Cement,3
Serveen Software Systems Pvt Ltd,3
"MDA Institute of Polytechnic, Latur",3
Phoenix solution,3
University Of Florida,2
Doha Bank,3
Sunshine Software,3
Dextara Digital,3
Mobiquest Solutions Pvt Ltd,3
Gieom,3
Kerkar Media,3
Udaan,1
Dwarkadas J. Sanghvi,3
Aashai Technologies,3
Safelink Agencies LLP,3
Epiroc Mining India Ltd,2
Fluor Corporation,2
Trellix,2
Koch Glitsch,2
CIPET,3
b,3
Engagedly Software,3
Zmags,3
Dummy,3
Cogno AI,3
The Blank Slate,3
Gensler,2
Cadila Healthcare Ltd,2
Ambure Engineering Works,3
Proyuga Advanced Technologies Pvt LTD,3
TransSys Solutions,3
RINEX TECHNOLOGIES,3
Intelizign Engineering services,3
AcetechNG,3
"HEMRL,DRDO.",1
Eantrix,3
Kirusa,3
Adobe Systems India,1
Suite42,3
Software Development Centre KJSCE,3
ICRISAT,1
DXC.technology,2
Cylus Creators PVT LTD,3
Italent Digital,3
Davangere Smart City,3
Ipsoft,2
Shree Swaminarayan Institute of Technology,3
yantrabyte,3
Naga Organics,3
Alarvy technologies,3
Brickwrks RMC,3
Cillyfox,3
Indian Institute Of Astrophysics,1
WorkIndia,3
Ola Electric,1
Insane Analytics,3
VirtuBate,3
Synergiz Global Services,3
Kushal CREDAI Pune Metro,3
Exusia Inc,3
Healthnet Global,3
Unilogic Technologies,3
Honeydoze,3
L&T LIMITED,2
Prism Bytes,3
CEPT University,3
TMF-Group,2
Jovian.ai,3
Innoeye Technology Indore,3
Stellium Inc,3
CrmOne LLC,3
Epicor Software,2
Raj Computer Institute,3
Sangrilla Microsystem Pvt.Ltd,3
Venus Infrastructure And Developers Pvt Ltd,3
Pune,3
University of Bolton,3
Tata Memorial Centre ACTREC,2
Karthikeyan & Jayaram Chartered Accountants,3
Neelay Industries,3
olety,3
Ducen,3
Nykaa,1
dynamic websoft,3
DENSO International India Pvt.Ltd.,2
Ikval LLC,3
Tismo Technology Solution,3
Landmark Group,2
Mann-India,3
Smart Cloud Infotech Pvt Ltd,3
Shanmugha Precision Forging,3
Premier Engineering Works,3
TCS Digital Enterprise,3
Innovative Machineries,3
Capgemini Technology Services India Limited,3
Research guruji,3
BETSOL,3
cellix bio,3
Sconce Solutions,3
Aragen Life Sciences Pvt Ltd,2
BLECAN INNOVATION'S,3
FIS Global,2
Avon Building Solutions,3
India Infoline,2
Indore Composites Pvt Ltd,3
Capitolmsn,3
Cognizant Technologies,3
Avenue Supermarts Ltd-Dmart,2
Kaizen Hi-tech Pvt Ltd,3
MTAR TECHNOLOGIES LTD,2
VSSC,1
ElSeq Technologies,3
509 Army Base Workshop,3
Yun Solutions,3
Uni Cards,1
Msa Global Logistics,2
Refyne Tech,1
Cybrhome.com,3
Universiti Teknologi Petronas,2
Wings international group,3
Directorate of Town and Country Planning,3
Sigma Trainers And Kits,3
Indraprastha Institute Of Information Technology,2
RR Plast Extrusions PVT LTD,3
ST Microelectronics,2
BoMoTix Pvt Ltd,3
TU wien,2
gyansys,3
iWant Technologies Pvt. Ltd.,3
Netmonestry,3
ClayWorks Spaces,3
Antraweb Technologies Pvt LTD,3
Gohitfit Pvt Ltd,3
GreenStory,3
skillovilla,3
Venture7 Technologies Pvt Ltd,3
Manthan,2
Techsmith,2
Local company,3
Culture Machine,2
Kanan park technologies,3
Alkem Industries,2
Quanticate India Private limited,2
Algonation,3
Dynamic Dreamz,3
Tezpur University,3
Websmith Technologies Pvt Ltd,3
Toshiba,2
Siemens Healthcare Ltd,2
Jarvis Labs,2
Canvas Technologies,3
Numeron,3
Ecolab India,2
Goodwin motors,3
Randstad India Pvt Ltd,2
Bpack Industries,3
Nucleus Software Exports Limited,2
Ivanti Technologies,2
Deck India Engineering Pvt Ltd,3
Next Generation Technologies,3
Gartner,2
Ceremorphic Technologies,1
IIT bhilai,1
Nelito Systems,3
One Whistle Inc.,3
Selan Exploration Technology Limited,2
Kla-tencor,2
invasion media,3
Telangana State Forensic Science Laboratory,2
Synopsys Inc.,2
Ssp Technology,3
Vijaya Hospital,3
Roving Impulse,3
Sonata Software,3
Rakesh Electricals,3
SCS Private Limited,3
ScriptLanes,3
Karma Developers,3
MBH Pumps,3
Windals Precision Pvt Ltd,3
ExpertsHub-Automotive_Industry,3
Gajra Infra,3
Indian Institute of Science Bangalore,1
EDMRC,3
IIFL,2
Unicon Technologies,3
Aeronautical Development and Establishments,1
CurvedPixel Technologies LLP,3
Trimble Inc,2
Deitya Infotech Pvt Ltd,3
Petrofac Engineering India Pvt. Ltd.,2
NIIT Limited,3
Mhetras Design RMD,3
Enpro Industries Pvt. Ltd. India,3
Metey Engineering and Consultancy Pvt. Ltd.,3
Fiverr Ltd.,2
INTERNATIONAL TRACTORS LIMITED SONALIKA,2
Central Electronics Engineering Research Institute,1
Eduauraa,3
Cerner,2
Harvard Business School,1
MPL Technologies,3
Wissenarie,3
prospera web,3
BRISKBILL SOLUTIONS PRIVATE LIMITED,3
Inceptor Technologies Pvt Ltd (Innovision),3
Vertiv,2
Trata E Systems Pvt Ltd,3
Allstate Solutions Private Limited,2
AGROTOP FARM EQUIPMENT PRIVATE LIMITED,3
Infosys consulting,3
reliance jio,2
"N K Orchid College of Engineering & Technology, Solapur",3
Ctrine Engineering Pvt. Ltd.,3
Military,2
Green Earth Engineers,3
SHV Energy,2
Voltamp Transformers,3
internship3,3
Murhopye Scientific Company,3
Smartcoin,1
Azentio Software Pvt Ltd,2
Innovative E-Gov Solutions,3
IIT Mandi,1
Zoho,1
Feast softwares pvt. Ltd,3
D28 Technologies Pvt LTD,3
Sree Sai Dental College,3
Expertia AI,1
NewFangled Vision,3
Avanza Engineering Pvt Limited,3
Local startup,3
Wrig Nano systems Pvt Ltd,3
AXA Business Services Private Limited,2
Volvo Eicher Commercial Vehicles,2
Huawei,1
Fervor Labs,3
7Frames,3
Alpha Nippon Pvt Ltd,3
Esilicon Corporation,3
Toyota Kirloskar Motors limited,2
NSET,3
3G IRPS Pvt. Ltd,3
CleverTap,1
Qburst Technologies,2
knorex,2
Upkey,1
TEDxSRMKattankulathur,3
Creative Cartels,3
Duke and Clyde,3
Creation Cradle,3
Anukoolan Solution,3
Triumphant Institute Of Management Education,3
The Anup Engineering,3
Sagar,3
Manudevi Industries,3
Indus Insights,2
"NTHU,TAIWAN",1
Apparel Parks Govt. Of Telangana,3
Datahive Labs,3
Toshiba Machines Chennai,2
Invotec,3
Dream Aquaa,3
company,3
GHMC,3
Ferrero India Pvt Ltd,2
Keihin FIE,2
OlaCabs,1
British Telecom,2
Friedrich-Alexander-Universitat Erlangen-Nurnberg,3
Cure.fit,1
Gamiac Studios,3
Bharath Dynamics Limited,2
JAKS IT SERVICES,3
Shanti Laundry And Drycleaners,3
Merck Ltd,2
MEDTRONIC,2
Intain AI,2
Karnataka Power Corporation Limited,2
Service on Demand,3
Siliconkraft,3
IRIS Business Services Ltd,2
The Brandiverse,3
ERMC,3
Fanatics inc,1
DBHWD,3
Indusind Bank Ltd.,2
Fluids control Pvt Ltd,3
Infinera,2
snowflake inc.,1
Pricebaba,2
Amazon Development Center,1
Eaton,2
"Aditya Polytechnic, Beed",3
"Nehru science center, Worli, Mumbai.",3
RAJKOT MUNICIPAL CORPORATION,3
HIL,2
nexgen inc,3
Piramal Enterprises Limited,2
Adani Wilmar,2
SMEC Automation,3
Lmr Impex,3
BizAmica Pvt. Ltd.,3
Mumbai International Airport Limited,2
Vignan Pharmacy College,3
Aimleap,3
Rolling Dice Studios,3
Ithaka - Travel Junkie Pvt Ltd,2
Thorogood,2
Indian Transport Corporation,3
Acuradyne Systems,3
Wabco Auto,2
Nippon Signal,3
Stupidsid,3
V2SOFT,3
Gainwell Technologies,2
sag infotech pvt. ltd,3
NoviTech R&D Pvt Ltd,3
Tinystep,3
Server Basket,3
centrica informatics,3
Experts Hub Private Internship,3
Bigfix,3
Swasthya AI,3
Prufer Technologies,3
apps associates,3
Lallubhai Amichand Limited,3
Perfect12 Technologies Solutions Pvt. Ltd.,3
DS & Analytics,3
SV99 Auto Services PVT. LTD,3
Omega Hospitals,3
JUSTAP Media Pvt Ltd,3
Shrishti Jewells,3
Liora soft Pvt ltd,3
Patel Infrastructure Private Limited,3
Finacus Solution,3
Padmavati Metal Industries,3
Hackveda Limited,3
Shakya Pharma,3
Kuvera,2
NYX Wolves,3
Dolphin Web Solution Pvt. Ltd.,3
IAMPL,3
Ushaitechlabs,3
NIC,2
Rently,2
Grofers,1
Prince English Solutions,3
Nikhtish Enterprises,3
H&M,2
Smc,2
Inspirisys,3
Alpha Design Technologies,2
CHIP Mumbai,3
Kwame Nkrumah University Of Science And Technology,3
Oye! Rickshaw,3
IIITDM Jabalpur,3
Thorogood Associates,2
Aerizone,3
Clairvoyant,3
Wipro,3
Salt Tech,3
Wadi,3
Hitachi Consulting,2
fjfutbdjsntb,3
Providence India,2
Lnt Infotech,3
Cutting Edge Medical Devices Pvt Ltd,3
49ERS TECHNOLOGIES PVT. LTD.,3
Walnut App,3
Blackbuck,1
Hourglass Research,3
SPCM,3
BlissQuants,3
LG Auto works,3
Secutech Automation,3
Indian Oil Corporation,2
techwondoe,3
Heraizen Technologies,3
SRISTI,3
Leibniz Insitute of Photonic Technology,1
Mobeserv,3
KAnOE,3
JNPT,2
Biztime IT Solutions,3
Dotcom Company,3
Nepra,3
SP Softwate Pvt Ltd,3
Daily Ninja,3
UNIRAC,3
Digyodha,3
Awign Enterprises,3
Vinzas Solutions,3
Halwasia And Co,3
hello world,3
Signant Health,2
BW Shipping Pvt Limited,2
AlphaGen software solution pvt.ltd.,3
Nueverainfotech,3
Analog And Digital Labs,3
YUJ Designs,3
Avalon Global Research,3
"Indian Institute Of Information Technology Design And Manufacturing, Kancheepuram",1
InTrain Tech,3
Cloud Security Club,3
Solartis Technology Solutions,3
Hewlett Packard,2
Mercedes-Benz Pvt LTD Chakan Pune,2
Sontakke Construction,3
Anand Properties,3
Akamai Technologies,2
Yantra Inc,3
NCompass TechStudio,3
Shri Falodi Trade Centre,3
Noida Power Company Limited,3
Max Aerospace Pvt. Ltd.,2
GGK Technologies,3
Appcake,3
Metadome,2
Eappsys,3
Locobuzz,2
Dell Emc,2
Square pharmaceuticals Limited,2
Stapid,3
Unlimited Technologies,3
Azure Knowledge CORP,3
Crest Solutions FZE,3
Sandvik Coromant,2
Mogli Labs Pvt Ltd,3
One Advanced,3
Ricardo PLC,2
Opsramp,2
STAR Orbitals,3
fetachain,3
Acentric Biotech,3
Mk Marketing,3
Kt280 Solutions,3
RCI,2
360 Inc.,3
Quantium Analytics,2
Forbes Marshall India Pvt Ltd,2
Cognizant Technology,3
Avanti Learning Centres,3
Bhagawati Nirman Sewa Pvt. Ltd.,3
Goyal & Co.,3
Shobhith Constructions,3
data patterns pvt ltd,2
LSI - MMS Pvt Ltd,3
Shree Samarth Krupa Engineering,3
Citiustech Healthcare Technology Ltd,2
Maneklal Sanatorium,3
Teleperformance,2
Meteosat Satellites (EUMETSAT),1
IFI Techsolutions,3
ShopBonanza,3
"Fr. Conceicao Rodrigues College Of Engineering, Bandra",3
Ideovate Research Pvt Ltd,3
Tahaan NGO,3
Xtream IT Solutions,3
Avishkar Tech Solutions,3
Austen C&C,3
CARS24,1
Technogem,3
Core View Systems,3
DesignQ,3
Bihar State Power Holding Company Limited,3
Imove,3
Triveni Gears,3
Anmerkung Solutions,3
Narendra Engineering Works,3
Tweeny Technologies,3
Creative Varchasv,3
Automate Engineering,3
Adarsha Control And Automation Pvt Ltd,3
Aspect Ratio,3
Axis My India,3
Quotient Technology Inc,3
MS Cubes Pvt. Ltd.,3
"Centre For Biotechnology, Anna University",3
3HD Media,3
Powerfield Epofiber Composites,3
Telecom Sector Skill Council,3
UBS,2
Schindler India Pvt Ltd,2
Merck Life Sciences,2
Altran Technologies,2
finari services pvt ltd,3
Cyient,2
S&P Globals,2
Vedansh Enterprises,3
Soft-Aid Computers Pvt. Ltd.,3
Brihanmumbai Electric Supply,3
Persistence Market Research,3
Western International Group,3
PALS GLOBAL SOLUTIONS Pvt. Ltd.,3
Narayana specialists dental clinic,3
DTDC Express LTD,3
Andhra Loyola college vijayawada,3
Algolitics Pvt Ltd,3
VNRVJIET,3
Loyola Marymount University,3
Princeton University,3
Technosoft,3
School of International Biodesign AIIMS New Delhi,3
Jbm Group,3
Anuta Networks,3
Wegile,3
Dunnhumby,2
Hle Glascoat,3
Fireman Care,3
Freight wings pvt ltd,3
JUNTRAN TECHNOLOGIES,3
Net Connect Global Pvt. Ltd.,3
Ciena pvt ltd,2
Truecaller,1
Hexamine Technologies,3
iSkew Learning,3
Reliable Autotech Pvt. Ltd,3
TUV Nord Middle East,2
Savantis solutions LLC,3
Pecten Labs,3
Modern machine Tools,3
Arcon Tech Solutions,3
Dr. Reddy's Laboratories Ltd,2
Gromor,3
Peppermint Robotics,2
Span Infotech,3
"Revenue Department, Government of NCT of Delhi",3
Van Aroma,3
Akal Academy,3
Genpact India,2
Trinity Advance Labs And Solutions,3
Omics International,3
",.",3
Elecon Engineering Ltd,3
Kalpataru Ltd,3
Blue Star Ltd,2
JPMC,1
Infrastructure Engineerin Services,3
Ccl Optoelectronics Pvt Ltd,3
EzETFs Solutions Pvt Ltd,3
Mumbai Rail Vikas,3
Talakunchi,3
PieInfocomm,3
Confidosoft Solutions Pvt. Ltd.,3
Tech Robotics,3
Indira Gandhi Center For Atomic Research,1
Orient Rubber Products,3
Microdot Softwares,3
Streetingo,3
Visteon,2
Simon Fraser University,3
coffeebeans consulting,3
Tesco PLC,2
ACM Student Chapter,3
Tbea Energy India Pvt Ltd,2
Graphic Era University,3
Flextrade,2
Kripya Solutions Pvt. Ltd.,3
NFThing,3
HealthySure,3
Studio Art,3
Blenheim Chalcot,1
Wabco India,2
Elite InfoWorld,3
Symbiosis centre for emotional well-being,3
Pmg Constructions,3
CollegeTips.Com,3
Vikram Sarabhai Space Center,1
UnFound,3
Nil,3
SDF,3
Airtel Africa,2
CSIR-CLRI,1
Ex squared solutions,3
Hike,1
Ireo Pvt Ltd,3
unemployed,3
rainbow industries,3
Dubai Leading Technologies,3
Conas Consulting Pvt.Ltd,3
US Startup,3
Maerskline,2
Xoriant solutions Pvt. Ltd.,3
"Bengal Institute of Architecture, Landscape & Settlement",3
CustomerXPs,2
FAWR Business Soln,3
Bluestreak Solutions LLP,3
Anheuser-Busch InBev,2
Finiq,3
uniqin.ai,3
Acuity Knowledge Partners,2
Airobix,3
Tohoku University,1
Suaval Lorven Pvt Ltd,3
People Assets for learning,3
QuirkHouse,3
Raja Software Labs,3
CMEpertise Infotech,3
CEO Infotech,3
SLK Softwares,3
Tech Analogy,3
Tasla Soft Pvt Ltd,3
iGeek,3
Flutura Decision Sciences And Analytics,2
TechnoInc,3
Wish A Design,3
Dhyanahitha,3
Vorto Energy,2
Texas A&M,1
Central Bank Of India,2
Al Jaber & Makhlouf,3
Globant,2
Quantanics TechServ Private Limited,3
"Commercial Bank, Qatar",2
Exl Analytics,2
Polltech Instrumentation Pvt Ltd,3
Aadithya Infomediq Tech,3
animated times,3
Impel,3
Creo IT Private Limited,3
Innovaccer Analytics,1
IIIT Sri City,2
BookMyStall,3
Trainity,3
RAF SOLUTIONS LLP,3
Coromandel International,2
Delta Technologies,3
Francophile institute,3
Codiva Software Solutions,3
Automotive Reseach Association Of India,2
Getting Lanco India LTD,3
"UOIT Oshawa, Canada",2
SPCE ROBOCON,3
Taneja Aerospace And Aviation Limited,2
Codevector Labs,3
P.K. Online Ventures Pvt. Ltd,3
Aeiota Solutions LLP,3
Sirena Technologies,3
Siemens Industry Software,2
HHAeXchange,2
Couldchip Technologies Pvt Ltd,3
Dharmanand Projects pvt lmt,3
Yantra digital,3
Ayanworks,3
ProM Machining Solutions India Pvt. Ltd.,3
L & T Technology Services,2
"Rites Limited,Gurgaon",2
Malay Infotech Pvt. Ltd.,3
Accenture Digital,2
Weapons And Electronics Systems Engineering Establishment,1
Sri Venkateswara Aersoapce Pvt. Ltd.,3
Zenrays Technologies,3
Sample,3
Force Motors Pune,2
Philips Lighting,2
22Feet Tribal Worldwide (DDB TRIBAL WORLDWIDE ),2
Gsonspower,3
Gopinath Engineering Company Pvt Ltd,3
Dev Construction Co,3
Amazon Seller services Pvt Ltd,1
Fortune Engineering,3
Unique Infraengineering India Pvt Ltd,3
Caelius Consulting,3
Flowtech Industries,3
Speedfam (I) Pvt. Ltd.,3
Neel-Tej,3
"Centre for Development Studies, Kerala",3
Thoughtsol Infotech pvt Ltd.,3
OpenText,2
Imark Digital Pvt. Ltd.,3
Sannibh Technologies,3
Altumcore Technologies,3
The Lalit Suri Hospitality Pvt. Ltd.,3
Wynk Music,2
Bridgei2i Analytics Solutions,2
L&t Technology,2
CSIR-CFTRI,1
Scaler Academy,2
UHSB,3
Widhya,3
Xeniapp.com,3
IVYhomes,3
Glocar,3
iLink Digital,3
Campture,3
Chenoa Information Services,3
Global Impex Services Pvt Ltd,3
Gujarat Alkalis And Chemical Limited,3
Directorate of Shipping Services,3
Shortlist Professionals,3
India-e-learn,3
Noon Academy,1
infospoke,3
Kicit Pvt Ltd,3
SumPositive LLC,3
vgm softtech,3
dataorc,3
Cyber Cohesion,3
Radiant Research Services Pvt. Ltd.,3
East west seed,3
Synergy Technology Services,3
Cppsecrets Technologies,3
Digital Clinics Pvt Ltd,3
Spoors Technology Solutions,3
Triple Point Technology,2
Online Becho,3
Star Union Daichi Life Insurance,2
Ramky Infrastructure,3
Techno Innovations Pvt Ltd,3
BioMed clinical lab,3
Private Dental Clinic,3
Converge Engineering Pvt. Ltd.,3
Unistring Tech Solutions,3
SalesCaptain,3
Duro Impex,3
Nestle,2
Military Institute Of Science & Technology,3
Sopra Steria,3
Wavicle Data Solutions Pvt Ltd,3
ved computech pvt ltd,3
314e Corporation,3
Sr Vani Education Center,3
RIVE Clothing,3
IMEG,3
Electronics For Imaging,3
Spectral Insights,3
Quaero,3
Atto atelier,3
Nomura Research Institute Financial Technologies India Pvt Ltd,2
BigBasket,1
TM Systems,3
Fusemachines,3
MEDsupervision,3
Tracks and Towers Infratech Pvt Ltd,3
Tekgeminus,3
TechCiti Software Consulting Private Limited,3
Jawaharlal Nehru Technological University,3
Volteo Digital,3
nutech cnc,3
wan and lan,3
Keon Designs,3
Medialytics,3
BorgWarner Ltd,2
Wudstreet Investment Services,3
next,3
Neptune Industries Limited,3
AngloGold Ashanti,2
Pace microtechnologies,3
Inteva Products,2
Gokul Milk Cooperative Ltd.,3
Raychem RPG Pvt Ltd,3
Krishikx,3
Hochtief India,3
S Suresh Babu and Co,3
Asmeeta Infratech,3
Ness Technologies Pvt. Ltd.,3
NIT Arunachal Pradesh,3
Southern Scientific Lab Instrments private Limited,3
Unschool Learning,3
Coursera,3
Rheo ai,3
ACR Project Consultants,3
Unique IT Solutions,3
Exposys Data Labs,3
Rateping Technologies,3
DYSL HYDERABAD,3
Telth systems private limited,3
NIT Kurukshetra,3
Purdue University,3
Vandan Enterprises,3
Vumonic Datalabs,3
G.D.sambhare.co,3
Unistanz Software Private Limited,3
AuthorCafe,3
d,3
Sugadhi Constructions,3
private company,3
FDI,3
Arzooo,1
DHFL GI,3
Impetus Infotech pvt Ltd,3
NexIO,3
Visual It Solutions,3
Xxx Yyy,3
ND Exports,3
"ACTREC Centre Kharghar, Navi Mumbai",1
Ar Hafeez Contractor,3
TechnoTriks,3
Aubergine Solutions Pvt Ltd,3
L&T Valves,2
Wisdmlabs,3
"DIGITAL SHARK TECHNOLOGY PVT LTD,",3
Aurosphere,3
Zoth,1
aivid techvision,3
Chapter 247,3
Satyam,3
GlowNexus Technologies,3
ThynkRyt,3
Vara Technology Pvt ltd,3
Verdantis Technology Pvt Ltd,3
Whitenife,3
Eicher Tractors Ltd.,2
Cetex Petrochemicals,3
Community Gaming,1
PARC Robotics,1
Ooba Labs,3
youngsoft india,3
National University Of Sciences And Technology,3
TEAM HAYA RACING,3
IDA,3
Pepcus Software Services,3
Asmita Solutions,3
Justdial Ltd.,3
Chemdist Process Solutions,3
Dalmia Cement Bharath Limited,2
ACC Ltd.,2
Coincap Systems And Pvt Ltd,3
Tsuki consultancy Pvt. Ltd.,3
A1 Fence products,3
Preseed Ventures Pvt Ltd,3
Atlantis Research,3
Logic Telecom,3
Celonis,1
Gitam university,3
LifeCykul,3
Samsung Electronics Pvt Ltd,1
Delivery Hero (Germany),1
Innoviti Payment Solutions,3
Brahmasastra Aerospace systems,3
Six Red Marbles,3
mri software,2
Thinkinnov,3
Power Research and Development Consultants,3
Real Estate,3
Geekwork,3
ImagoAI,3
Mettl,2
webdunia,3
Parisar,3
Akrivia,3
GFI,3
big o academy,3
Yugstart Technologies Pvt Ltd,3
Bluebanyan,3
Decimal Technologies,3
Exide Life Insurance,2
ABC,3
sallira technology,3
Shyena Tech yarns,3
Punchit.io,3
Thinsil Technologies,3
Cidco,3
YMCA University Of Science And Technology,3
Satyam Venture,3
Diginique Techlabs,3
Access Engineering Consultants,3
Trimax,3
MuSigma Business Solutions,2
Pro- Imaginations Pvt Ltd,3
The Hi-Tech Robotics Systemz Ltd,3
Bajaj Electricals Limited,2
Innomax IT Solutions,3
"Project Studsat 2, Twin Nanosatellite Project, Centre for Small satellite Research, ISRO facility, NMIT",1
Capital IQ,2
Macquarie Global Services Pvt Ltd,2
ARM,1
9X Ventures,3
Dimension Data,2
Vital Paper International Pvt Ltd,3
Kalpaka Chemicals Pvt Ltd,3
Jaguar Landrover,2
m16 labs,3
Accenture,2
Abcde,3
Navayuga Engineering Company,2
MAHLE Engine Components India,2
Kanex,3
Larsen & Toubro (L&T),2
8corners,3
University of Ilorin,3
Wavenet Solutions,3
Yashom Enterprises,3
PFSweb Global Services Private Limited,2
onkar polyplast,3
IH Castings,3
Muvi,2
Ramboll,2
Tripvillas,3
KTPS,3
North chennai Thermal power station,3
Praj Industries Ltd.,2
Task Consultants,3
Teamchat Inc,3
DHIPL Projects Pvt. Ltd.,3
Eigenrisk,2
Saksoft Limited,3
Code Stream Technology,3
Sciative Solutions,3
Metrohm,2
Outleap technology,3
Engage,3
One Convergence,2
Sunflowee BizTech Pvt Ltd,3
ECI Telecom,2
Tech Vulcan,3
Somdutt constructions,3
Anacon Laboratories,3
YesSV Energy and Infrastructure Pvt Ltd,3
Sickle Innovations,3
Voltfraction,3
Moffat and Nichol,2
Infosystems Itnetworkz Pvt Ltd,3
Validus Techfin Solutions Pvt Ltd,3
Springer Nature,2
Fintellix,2
Marvel Geospatial,3
Trisim Technologies Pvt. Ltd.,3
Schemopedia,3
Homelane,1
Raja Industries,3
Sneha Group,3
Ideabytes,3
Honda Cars India Limited,2
Synchrony Financial,2
Mathrithms,3
Al Burj Holding LLC,3
Piersoft Technologies Pvt Ltd,3
BotBakery,3
Huawei Technologies,1
sai control system,3
Aarti Industries Ltd,2
AlogTech,3
Rubixe,3
Amazon India Pvt Ltd,1
Hacklab Solutions,3
Viatris Inc,2
parivartan ek salah,3
BlackRock,1
Textronics,3
Forever Memories Photography,3
Sudharshan Pharma Industries Ltd,3
Fox Ai,3
Schbang,3
Cerner Healthcare Solutions,1
Acuris,2
"Tata Institute Of Social Sciences, Mumbai",3
Tikona Digital Networks,3
Acb India Limited,3
SoftSol India Limited,3
credavenue,1
innovative fabricator,3
Miraki technologies,3
Raja Ramanna Centre For Advance Technology (RRCAT),1
Teletalk Bangladesh Ltd.,2
TheTechIntern.com,3
Sibros Inc,1
Blazeclan Technologies,3
Stylework Innovation Hub Pvt LTD,3
Stracuity Consulting,3
Quacquarelli Symonds,2
AD Graphics Hub,3
Wisemalt,3
GPS Desk,3
"Eskayef Pharmaceuticals Limited, Tongi, Gazipur, Bangladesh",3
COSGrid Systems,3
edusera,3
MYSTORY,3
prelax,3
Sigsenz Technologies,3
Port City International University,3
Omkara builders And Developers,3
SM Entreprises,3
ZS Associate,2
Mobilytics Global,3
Nettech India,3
Firstsource Solutions,3
New Space Research & Technologies,3
Possier (Edlar Business Services Pvt Ltd),3
foray software,3
Tata Institute Of Social Sciences-MIT(USA),1
Creative Dynamic solutions LLP,3
University Of Hyderabad,3
IIT Madras,1
Tata Technologies Ltd,2
It By Design,3
CheckApp Healthcare Technology Pvt. Ltd.,3
DATAPHILICS PVT. LTD.,3
Innovative Engineer,3
The Asian Entrepreneurship,3
Flyo,3
Rivigo,1
Trianz,2
Arvos Group,3
Sparks Foundation,3
Design Ritmo,3
S J Contracts,3
IIITDM-K,1
"Capgemini Technology Services,India",2
speak-up world foundation,3
Fresh Gravity,2
L and T Info Tech,2
V2Solutions,3
Asset Telematics,3
Tata Toyo Radiator,3
SignEasy,1
Baruni Civil Consultant,3
ABSYZ Software Consulting,3
IBM Software Centre Of Excellence,1
Phillip CAPITAL,2
TSS Consultancy Pvt. Ltd.,3
ITK EDUCATION SERVICES PVT. LTD,3
Our Youth For Climate (OY4C),3
Newzera Techlabs,3
Indexnine,3
Lido Learning,3
sdada,3
Carobar Business Solutions,3
Space Zone India,3
Ceat Tyres,2
Biztime,3
Air products,2
TU Berlin,1
Xcelerator,3
Allerin Tech Pvt LTD,3
GTS,3
Lowe's,2
Laguna Clothing Pvt Ltd,3
bcc united,3
Asian Paints Ltd.,2
Maruti Construction Company,3
ai variant,3
Valeo India Pvt Ltd,2
Novanet,3
Central Road Research Institute,2
Quinbay,3
Zebo.AI,3
TruSkills Solutions Pvt Ltd,3
Throcare Technologies Ltd,3
Dashninja Technologies,3
Ruckus Networks,2
Effcon,3
A B Infosis,3
India Accelerator,3
Entero Healthcare Limited,3
TCP wave,3
"Indian Institute of Management,Lucknow",1
Kotak Mahindra Bank Ltd.,2
Xenon Automotive,3
AEON Integrated Building Design Consultant,3
zzzz,3
Bookmarked Ventures LLP,3
Accenture India,2
Techneos Solutions pvt ltd,3
Impactguru Technology Ventures Pvt Ltd,3
Aester India PVT LTD,3
Target Corporation,2
Opshub Technologies,3
lolwa,3
EIT,3
Interra Information Technologies,3
Naissance-I,3
Logicserve Digital,3
Bhate and Raje Construction Company Limited,3
Govt. of Telangana,3
Nepa India Pvt Ltd,3
Dynamic Megaceutics,3
Sun Petrochemicals,3
SGA DESIGNS,3
M/S FIBRO INDUSTRIES,3
ISON Technologies,3
Bethel Engineering Services,3
Interactive Brokers,2
Samsung Research Institute Bangalore,2
ENIGMA(Cybersecurity Club),3
SAC-ISRO,1
Edufic Digital,3
Advance Rubber Industries,3
Somewhere,3
Bhaktivedanta Hospital,3
Charter Global,3
Accelerity Infoventures,3
Tricog,2
Equinox films,3
Webcraft Technologies,3
Igeeks Technologies,3
Caterpillar India Pvt Ltd,2
Komprise,2
Godrej & Boyce Mfg. Co. Ltd,2
WTE Infra Projects Pvt Ltd,3
Hindustan Petroleum Corporation Limited,2
Soft Scribble,3
Harison Construction,3
Magnum Wings,3
eNova Technologies,3
WeWork Private Limited,2
Anlage Infotech Private Limited,3
Infosys BPM Ltd,2
"Student Welfare, VIT Vellore",3
Mad Street Den,2
MPS Tech,3
Cognizant Technology And Solutions,2
Brain O Vision,3
Youtube,1
CME Group,1
Yokogawa India Ltd,2
Futuristic Solutions,3
EON Designers,3
Ministry of Defence (BEL),2
Petroleum Institute,3
reliance communication,2
Uae Exchange Centre,3
Daikin Air-conditioning India Pvt Ltd,2
Synoptek,3
STUDSAT,3
Nokia,2
Promech Automation Pvt.Ltd.,3
sparc studio,3
Tech Vardhan,3
Abha Tooth World,3
"Yokogawa Middle East & Africa, Abu Dhabi",2
global chemicals and colours,3
Daddyoda,3
Cloud Security,3
BMC Software,2
Ascent Structural Engineers Pvt Ltd,3
Walmart Global Tech,2
Sevenhills Healthcity,3
Ingram Micro India,2
abax-oosa professionals,3
Indiana Led Lighing Llp,3
Integrative Design Solutions Pvt LTD,3
Deetya Soft,3
Embzoid,3
University Of Zilina,3
Fleming Laboratories Limited,3
Vigo Infotech Pvt. Ltd,3
Bigscal Technologies,3
Nvipani,3
Coding Sastra,3
Tribhuvan University,3
AiDash,1
Dexecure,3
Bulk MRO,2
Smokescreen Technologies,3
Dst Systems,2
Geninvo,3
Adzpert,3
MTG,3
Techera,3
Doss Ibs Private Limited,3
Mahindra and Mahindra,2
Verizon,2
Agilon health,2
Ags Health,3
Pratham Software,3
ADP Pvt Lmtd,2
Raghuvamsi Aerospace group,3
ShopLC,2
Protellabs private Limited,3
Space Designers And Constructors,3
Gep Worldwide,2
Eastman Crusher Company Pvt Ltd,3
Paramount Textiles Limited,3
Apparel Solutions,3
Design Elements,3
NextElement Pvt Ltd,3
TheSmartBridge,3
Buro Happold,2
Mahendra Realtors,3
chef kart,3
Apple India,1
Epiq System,2
CLRI,3
Bharti Airtel Ltd.,2
NCD International,3
Borderfree Technology,2
"CENTURY CARGO 
CARRIERS MOVERS",3
Unique Group,3
Nablasol Pvt. Ltd.,3
Mfine,2
Swaayatt Robots,2
Auroapps,3
Seven Square Design Studio,3
Affle,2
Excel Engineering Consultants,3
Cubit Medisurge LLP,3
Lariba Food and Agro Products,3
Sophos,2
Gokhale Construction,3
Exotel Techcom Pvt Ltd,2
Aquatro Infotech Pvt Ltd,3
Liquidhub,2
Proptiger,2
Prodigy Systems and Services Pvt Ltd,3
DKOP Labs,3
sunairiya technologies,3
Many,3
Startup,3
Satya Habitat,3
Engin,3
CDW,2
"Road & Building, Govt Of Gujarat",3
Mars Rover Manipal,3
triple I engineers,3
Morbium Technologies,3
Network 360 Media,3
Fingent Global Solutions,3
Happy Farmers,3
prakash equipment,3
Appventurez Ltd,3
btw,3
M/s A.K. Mukherjee Associates,3
Surya nepal pvt. ltd,3
Nicola Institute,3
Team D Technology,3
Programming Hub,3
Avizva Solutions Private Ltd.,3
Yogi,3
TeleNetworks Technologies Pvt Ltd,3
Future market insights,3
Kamal Construction,3
R Systems International,3
NSTL,1
sastra university,3
MIHUP,3
Supraja Technologies,3
UL Industries,2
Vinati Organic Pvt Ltd,3
Trileotech,3
Private Networks Nigeria,3
NorthOut,3
Sattva,3
Neural Systems,3
University Of North Texas,3
Processia PLM Solutions,3
LAGS Techsolutions,3
NoBroker Technologies Pvt. Ltd.,2
Axis Bank,2
Brilliant Electro-systems Pvt Ltd,3
Deloitte Digital,2
Indegene,2
UBS Solutions Pvt Ltd,3
price labs,2
Eclinicalworks Pvt Ltd,2
ResourceOne IT Solutions,3
AlcoveX,3
Design Office Architects Pvt.Ltd,3
IITM,3
Naukri.Com,2
"WESEE, Indian Navy",1
Om Enterprises Pvt. Ltd.,3
Amboseli HR pvt Ltd.,3
Vmock,2
Chennai City FC,3
MSCI Inc.,2
kychub,3
Mahabal Metals Pvt.Ltd.,3
4M Technologies,3
Samsung Research Institute Noida,1
Analysed.in,3
Maestrotek Innovations Pvt Ltd,3
"Umeed -  A Drop of Hope, NGO",3
Pytorq Solutions Pvt Ltd,3
STRATEMIS HR TECHNOLOGIES,3
Gravity Business Services,3
Technology Plastomech Pvt. Ltd.,3
D2k Technologies,3
Practo,1
Sungard,2
Defence Accounts Department,3
GE Appliances,2
Vabh Systems,3
In2IT Technologies,3
Tripstack,3
All Hands And Hearts-Smart Response,3
Smartway IT Solutions,3
National Aluminium Company Limited,2
JBS FOODS,2
Indian Engineering Software Company,3
savvychip technologies,3
Span Healthcare,3
"DRDO, Pune",1
City Smiles Dental Clinic,3
Astrault Technologies International Pvt Ltd,3
cox and kings,3
Kaizer 3D,3
Axiscades Engineering Technologies,2
Washington University In St. Louis,1
"Triveni Engineering & Industries Ltd. Mysore, India",2
White Label Resell,3
TakenMind,3
Vindiata Consulting Private Limited,3
Indihood,3
utegration LLC,3
Phyllo,1
Tesco Bengaluru,2
Johnson Controls,2
PINDEXX ENTERPRISES,3
SS Total Construction (India) Pvt. Ltd.,3
C-DOT,1
Matrix Energy Ltd,3
Startup 2,3
Blah,3
AIESEC China,3
Autonext,3
Cloudsek,1
Capco,2
Hotwax Systems Pvt Ltd,3
Spacenos,3
Verudix,3
Krtrimaiq,3
lnt,2
Finastra,2
CMP Metal,3
Arch-innova Design,3
Kshipra Simulators,3
Geeks of Gaming,3
Quadrisk,3
no,3
Dream11,1
JioSaavn,2
Toyota Motor Company,2
Redfrox Info Solutions,3
JSG Enterprise,3
Nepal Economic Forum,3
Daffodil University,3
Modular Homez,3
Service Now,2
Cloudfronts,3
HiPER Automotive,3
Aparna Constructions,3
reman lifecare,3
Acty System India Pvt Ltd,3
Bijnis,1
Airtel,2
Occipital Tech,3
Protovec Technologies Pvt Ltd,3
Capiot Software,3
ElasticRun,1
GNFC,2
Gujarat Narmada Valley Fertilizers and Chemicals Ltd,2
Bharathiar University,3
Tsi,3
Lowes India Services,2
Jarus Technologies,3
balmer lawrie vanleer pvt ltd,2
Haptik Inc,2
NTCL,3
Punjab Communication Ltd.,3
Dhiway,3
Ugam solutions Pvt. ltd.,2
Shri Vaishnav Vidyapeeth Vishwavidyalaya Indore,3
"Speech Research Lab, DAIICT",3
Markets and Markets,2
R R Donnelley,2
Hypeteq software solutions,3
Redington India,2
Freenlancer,3
Zhejiang University,3
ACE Construction Pvt. Ltd.,3
AIISC,1
Inforea Services Pvt Ltd,3
Silverwing Technologies Pvt Ltd,3
Varitrun Electro Products Limited,3
C M Smith And Sons Limited,3
Evolute Solutions,3
Celebal Technologies,3
Post Positives,3
Quovid,3
Seer Engg IT Sol Pvt Lmt,3
UnitedHealth Group,2
EsportsMate,3
Master Infrabuild Pvt Ltd,3
Mediatek,2
Fortune 500,2
Dsignwares,3
Cleveland State University,3
ValveTech Industries,3
Dee Piping Systems,3
King Abdullah University of Science and Technology,1
"Drivers, Vehicle And Licencing Authority",3
The Machine Learning Company,3
Brillio Technologies,3
Mahindra Vehicle Manufacturers Ltd,2
Knowledge Hub,3
Inferenze,3
SATUMA Pvt. Ltd.,3
Jord International,3
Artech Infosystems,3
Weengs Technology,3
Sina Mobilty,3
Vishesh Country Cache Pvt Ltd,3
Nobroker,1
Bridge Solutions Group,3
CSIR - National Physical Laboratory,1
TrendlineZ,3
D. M. Engineering Co.,3
CSoft Technologies Pvt Ltd,3
AllSight,3
Ghana Ports And Harbour Authorities,3
Fiabilite,3
Latentview Analytics,3
Qspiders,3
Modi Motors,3
Ease-assist Information Solutions Private Limited,3
Bhagwaan Mahaveer Cancer Hospital,3
Shiash Info Solutions Pvt Limited,3
Atlas Fasteners,3
BAS,3
Birdeye Technologies,3
Shapoorji Pallonji Engineering and Construction,2
Prodigy Infotech,3
Aryal Tractor Parts and Machinery,3
D-Link (India) Limited,2
gumpro drilling fluids,3
"Tata Trombay Power Plant,Chembur",2
Nimma Narayan,3
Raga AI,3
Mit Square,3
Sekai Lab Bangladesh,3
Bundl Technologies Pvt Ltd,1
MTE Industries,3
Cloudthing,3
Tata Power Co. Ltd.,2
Sumadhu Engineering Industries,3
All Flights,3
Community Outreach Programme,3
Technostar Pvt. Ltd.,3
Astral Management Consulting Pvt Ltd,3
bunchup (start-up),3
D. R. Electricals,3
Sportz Interactive,3
Mnc,3
OG Advertising,3
Equivaluesearch,3
Pollution Control Board,3
Northern Railways,2
Quixote,3
Utkarshini Edutech,3
Nandu Associates,3
Dhinchak Media LLP,3
August Analytics LLP,3
human X,3
CSM Technologies,3
Facedapter,3
RBD Engineers,3
Hard 'N Soft Consultancy,3
Epcos India Pvt Ltd,2
University Of Alberta,2
WebOccult Technologies,3
professional chiper,3
Bengeo & Associates,3
Bhagyanagar Gas Limited,3
Sonali Kulkarni dental clinic,3
Fadia Engineers,3
Finmarts,3
TechForSocial,3
Progress Software Corporation,2
NHANCE Development Partners,3
Edinburgh Napier University,2
Capco Water Solutions,3
Ntcs Corporation,3
Doppio Group Pvt Ltd,3
Temp123,3
Network18,3
Nanopix,3
Lear Corporation,2
UpForCoffee,3
E4U Services,3
Avekshaa Technology,3
Comcast India Engineering,2
National Informatics Centre,1
Rane EVL,2
YoloPekrs,3
Henotic Technologies,3
Americaneagle.com,3
Toppr,3
Biman Bangladesh Airlines,3
Aix Marseille University,3
Cyphysignals,3
NewCon Infosystems,3
Scientific Games Coorporation,2
Divami Design Labs,3
Mahindra Tsubaki Conveyor Systems Pvt Ltd,2
Sixth Consultancy,3
Accenture Solution Pvt Ltd,2
Hifx IT and Media Services,3
RBSA Advisors LLP,3
---,3
Styrax Pharma,3
Srilakshmi Divya & Associates,3
Jindal Steel & Power Ltd.,2
godrej Consumer Products Limited,3
Zebra,2
Manufast,3
Technip FMC,2
Cropmint,3
Kamineni Institute of Dental sciences,3
Coditas Technologies,3
IIT Indore,1
Symbionic Tech Pvt Ltd,3
4 at llc,3
Sansun Industries Pvt Ltd,3
Aerx Labs,3
Azure Power,3
Scry Analytics,3
needl.ai,3
Solar Secure Solutions,3
Analyttica,3
Junoon Theatre,3
SmartLogic,3
Cerebros,3
Miteck Systems Pvt. Ltd,3
Azista Composites Private Ltd.,3
National Golden Rock L.L.C,3
DSTPS,3
quintessential innovation and design pvt LTD,3
VESIT,3
Basecamp Startups Pvt. Ltd.,3
Indian Institute Of Technology Goa,1
Invisible Technologies,1
Fixstream,1
Easi Engineering,3
Six Face Tools,3
Chintan Traders,3
Reichindia Pharma Limited,3
Crrescita,3
Ceremorphic,1
Hello Zindagi Insurance,3
Perfect King W.P.C Industry,3
Ceratizit,2
DigiClinics,3
Precision Industries,3
Hyderabad metropolitan development authority,3
Oracle Financial Software Services,1
Process System Engineers (I) Pvt Ltd,3
Jade Global Software,3
Mirum Ad Agency,3
"IIT, BHU",1
Shalby Hospital,3
Liquid neurons,3
Andhra Pradesh State Police Housing Corporation,3
Neudesic,2
JP Morgan Chase & Co.,2
Digikraft Technologies,3
Startoon Labs Private Limited,3
Freelance,3
Sanchar Couriers,3
Techflux,3
Arctern Consulting Pvt Ltd,3
Oizom Instruments Pvt. Ltd.,3
Pukhraj Additives LLP,3
Civilsoft,3
green quest solution,3
Parvati Poundry,3
Deeptek Medical Imaging Pvt. Ltd.,3
Spulla,3
Airbus India Pvt Ltd,2
"TDSC, CTARA, IIT Bombay",1
RxLogix,2
Orion,3
Capgemini Technology Services,2
Shrivastav And Associates,3
"Centre of Data Science and Applied Machine Learning, PES University",3
Yuva Varadhi And HMWSSB,3
Cosmo Electro Industries Pvt Ltd,3
Mangalyam Technolabs,3
Independent Research,3
Gamesa WIND turbines Pvt Ltd,2
Ducat Creative,3
Robin automotives,3
Ampere Computing,1
Accolite Software india Pvt Ltd,2
Conscience Journal,3
L&T TS,2
Alight Solutions India Pvt Ltd.,2
Eclipse Instruments,3
Norbban General Limited,3
Manipal Institute of Technology,3
Ebolt Mobility Pvt. Ltd.,3
Fujitsu,2
Johnson & Johnson Pvt. Ltd.,2
Private Hi-tech Industry,3
gapsco,3
24 7.ai,2
Crio,3
University Of Southern California,3
Kabra Extrusion Technik LTD,3
Master Pcb Tech Private Limited,3
Trashin,3
Bharat Fritz Werner,2
Polytech Automation Pvt. Ltd,3
IIITD,3
AMTRON (Govt. of India),3
Magna Electro Castings,3
Exponential,3
Career Dreams Educations,3
Tech Studio of Engineering,3
H&R Block,2
Berger Paints,2
ESSAR Steel,2
FPG India Technologies,3
Encubate Tech Pvt. Ltd.,3
Astute Business Solutions,3
Seelogic International,3
Valuemomentum,2
Mahimtura Consultants Pvt. Ltd.,3
Dental Tribune,3
Lift Tech Material Movement Pvt Ltd,3
United Health Group,2
Foxconn India Pvt Ltd,2
Cerence,2
NISCIT,3
Orxa Energied,3
Wipro Limited,3
YU Televentures private Ltd.,3
North Carolina State University,2
Applikon IT SOLUTIONS PVT. LTD.,3
Montran Corporation,2
SCM Data India Pvt Ltd,3
Kuliza,3
QAD Inc,2
Pixit Solutions,3
"Indian Institute Of Management, Ahmedabad",2
"Indian Institute Of Petroleum, Dehradun",2
TechskillsIT,3
University Of Coimbra,2
Bennet and Coleman,2
Nissan Motor India Private Limited,2
Klouddata Labs Pvt Ltd,3
Varad Petroleum,3
Coign Consultants,3
Inventia Healthcare,3
Shree Shami Engineering,3
budhan engineerings private limited,3
11TechSquare Private Limited,3
IdeaS - A SAS company,2
DTU,2
Spares Pazari,3
Candid Technologies,3
Jupiter nepal,3
Yellow Messenger,2
blackbuck engineers,3
Eat My News,3
radiant cables,3
Balkrishna Tyres Ltd.,2
Integration Point,2
Synopsys,1
Tyresoles India Pvt. Ltd.,3
Robiotics Labs,3
Synamedia,2
Harman Connected Services,2
AIESEC,2
i-india ngo,3
FEV India Pvt Ltd,2
Pearl IT Services,3
Grinntech,3
Hirschvogel Components India,2
DRDL HYDERABAD,1
"College Of Engineering, Guindy",2
Tritek Microconteols,3
Press Metal Industries,3
Blue Data Consulting,3
ABC+D,3
IRICEN,3
The Maharaja Sayajirao University,3
webisean,3
Schneider Electric Infrastructure Ltd,2
Vistex Asia Pacific Private Limited,2
Vishnu Chemicals,3
Future Supply Chain Solutions Ltd,3
Vinyas Innovative Technologies Pvt Ltd,3
CLOUD HOSPITALITY,3
Discount Brand Factory,3
Printserv,3
Jalavahini Management Services Pvt Limited,3
Liberty General Insurance LTD.,2
Newgen Softwares Technologies Ltd,2
Fine Handling & Automation,3
My Analytics Mentor,3
Datazymes,3
Sukshi Technologies,3
"Robotics Research Center, IIIT Hyderabad",1
Virtuzo Consultancy Services Pvt. Ltd.,3
Hexagon,2
Twinvey Electro-mechanical Consultancy,3
Pieco Pvt. Ltd.,3
Continental India Pvt Ltd,2
YARA Fertilizers,3
Boku,2
Branch.io,1
American Megatrends,2
UCPro,3
"NSRCEL, IIM Bangalore",1
CSS Corp,3
Routerabbit,3
Ramkay TVS,3
Asthitva,3
CSIR-CEERI,1
Marine electricals Pvt Ltd,3
TEKsystems,2
Arjun Rathi Design Studio,3
xyzz,3
SRM Translational Medicine And Research Department,3
USS Designers Software Solutions,3
Entrepreneurship Cell VIT Vellore,3
L&T Realty,2
", Long Tail Sourcing India",3
YouStart Labs,3
Relcon Systems,3
Crestron Software Development India Pvt ltd,3
V N information technology private limited,3
BSNL,3
Zirlen Technologies,3
Production Engineer,3
United Spirits Ltd.,2
Gateway TechnoLabs (Gateway Group Of Companies),3
NielsenIQ,2
Electronics Corporation of India Limited (ECIL),3
Esparse matrix solutions pvt ltd,3
Kisigntech,3
Software Developmment,3
Dendrite IT Solutions Pvt. Ltd,3
Zacco,3
Deepak Fertilizers And Petrochemicals Pvt.Ltd.,3
RAIT Group,3
Vasundhara Industries,3
Ace Software Solutions,3
Global E procure,3
Control Engineers,3
InDepth Engineering,3
Hof University of Applied Sciences,3
U-Solar Clean Energy Solutions,3
Origami Engineering LLP,3
Neovatic technologies Private Limited,3
CSIR- SERC,1
Suthra Technologies,3
Spectrum Renewable Energy,3
Multilex Tech,3
Admatic Solutions,3
Monjin Interviews,3
Yamaha,2
Tata Consulancy Services,3
Ronald LTD,3
Automotive industry,3
Excelsior Medical Billing,3
Freudenberg Chemical Specialties,2
Ethnus Consultancies,3
Playment,3
....,3
Limpid Box,3
Roca Bathroom Product Private Ltd,2
"Universitat Politècnica de València,  Spain",3
Caindus,3
Impel Services pvt Ltd,3
Kohler,2
Siddhartha Bank Limited,3
Kmedika solutions private limited,3
GMX Mail,3
AIT Greenex,3
Baja,3
Eton Solutions,1
Decibels Labs Pvt Ltd,3
Cafell technologies,3
Allianz Cloud,2
Core Compete,2
Kalika Construction,3
Geeta Engineering Works Pvt. Ltd.,3
Studymonk,3
trumpets technologies,3
huddl.ai,3
CSIR-Indian Institute Of Toxicology Research,1
tapits,3
Fliprobotics,3
Mass Tools Pvt. Ltd.,3
Chaudhary Generator Company,3
Digital Tycoon Technology,3
Production Modelling India Pvt. Ltd.,3
Hyperverge Inc,1
Securonix,1
Tata Group Technology and Innovation Office,2
InTuition acadeME,3
"Redish Lab, Minneapolis",3
Cool Tech Engineers,3
Systems Creator,3
VeriFast Technologies Pvt Ltd,3
Vehicle Factory Jabalpur,2
Freedomfone Technologies Pvt Ltd,3
Sevy Inc,3
Marquis Technologies,3
Amiti Solutions,3
the renal project,3
Happyfox,1
Rusan Pharma,2
Free Doctor Helpline Pvt. Ltd.,3
Thermax,2
Consultadd Inc.,3
VR Labs,3
Mane Enterprise's,3
Pitney Bowes,2
feic cargo tech,3
Revmax Telecom Infrastructure Private Limited,3
Pragati Engineering Belgaum,3
Gain Credit,2
Landspace Projects LLP,3
Jekson Vision Pvt Ltd,3
Ernst And Young,2
Bhilai Steel Plant (SAIL),2
Pawan Hans Limited,2
Nothing,1
"Department of Social Welfare, Andhra Pradesh",3
Pangaea Technologies & Solutions,3
AIMonk Labs Pvt. Ltd.,3
Semiconductor Laboratory,3
Sri Krishna Infra Tech,3
Monarch Networth,3
Yazaki,2
Uflex Ltd,2
"Indian Institute Of Science, Education And Research, Thiruvananthapuram",1
Supreme Infrastructure India Ltd,2
UtopiaTech Pvt Ltd,3
Highwaymen Collective Pvt. Ltd.,3
C Earth,3
Ouroboros,3
Pradip Plastic Moulder Pvt. Ltd.,3
Majesco,2
Incepiom,3
Self Employed,3
Lemon Companies,3
Khyateh,3
Bitwise Solution Pvt Ltd,3
The Entrepreneurship Network,3
Epzeta Technologies,3
Gridlex Services,3
Prime Minds Consulting Private Limited,3
The Grapevine,3
MTU INDIA PVT LTD,2
Google Operations Centre,1
Michelin India Pvt Ltd,2
Applied Materials India Pvt Ltd,2
Nanomindz Technologies Ltd,3
Bharat Forge Ltd.,2
Startup 1,3
Tata Chemicals Ltd.,2
Shaman Wheels Pvt. Ltd.,3
Accenture Solutions Pvt Limited,2
Hudas Technologies,3
AIM Plast,3
REQOLENT QUALITY LABS PRIVATE LIMITED,3
Arth Infosoft,3
Mindscript,3
pragada,3
ACI Worldwide,2
AspireBits,3
Brembo Brakes,2
Real Time Data Services,3
APGENCO,2
Indiana Conveys,3
Atul Ltd.,2
Saddle Point Technologies,3
JSM Transport,3
Skilters,3
Mammoth Media,3
Embitel Technologies Pvt Ltd,3
West Pharmaceuticals Services,2
Saudi electricity company,2
Mad About Digital,3
Amadeus Labs,2
"TATACliq,",2
Human Cloud Business Solutions,3
Harbinger System,3
SRM Institute of Science and Technology,3
Market Simplified India Limited,3
Middlesex University,3
Bloombrain learning solutions,3
Silq,3
Bizzkloud infotech pvt ltd,3
oracle multi speciality clinic,3
University Of Westminster,3
ac&at,3
rank it right,3
Ubisoft,2
Glaxosmithkline Consumer Healthcare Ltd.,2
Shreyash Buildcon,3
Geist,3
Bilfinger Tebodin,2
Kothagudem Thermal Power Plant,3
ECIL,2
skilllync,3
Itihaasa,3
Zen Technologies,2
Technoidentity Solutions,3
EasyQueue,3
Adecco India Pvt Ltd.,2
Bhavni Nuclear Power Plant,3
Innovatus Technologies,3
Scriptune Solutions,3
o2s cloud,3
Enoch's Industries PVT.Ltd,3
Educomp Solutions Pvt Ltd,3
VVCE,3
Manomay Consultancy Services,3
Dr.Reddys Laboratories,2
Nectar Lifesciences Ltd,2
BMW Germany,2
Ashok Leyland Ltd.,2
Shri Ramdeobaba College Of Engineering And Management,3
Hydroseal,3
Technoforth Pvt. Ltd.,3
Textron India Private Limited,2
franklin templeton,2
Intellect Design Arena,3
Yes Bank Ltd.,2
Progility Consulting Pvt. Ltd.,3
Zestmoney,3
WebMD,2
Studio 8 Hats,3
Solize India Technologies,3
Webseeder,3
E21 Designs,3
Nucon Power controls Pvt. Ltd.,3
Ebixcash Technology,2
Kinetix Solutions Pvt. Ltd.,3
Anglo Eastern Ship Management,2
Diligent SCM,3
alien technology transfer,3
EFI,2
Rubix Data Science,3
IOCL,2
4B Networks,3
Sapio Analytics,3
Esmito,3
Expleo,2
Helix Tech,3
DBOI Global Services,2
S.p.singla,3
Teradata India Pvt Ltd.,2
VPT,3
Rutika enginnering works,3
Twigital,3
Scientia innovations,3
Sound NGO,3
Global Logic,2
Pharma Company,3
Saveetha University,3
Force Motors,2
Renewsys,3
imfitech,3
Sandeepani,3
Crazy For Success Foundation,3
"TCS,CTS,HCL,Equiniti",3
Freelancing,3
Crest Technology,3
L&T,2
Cmos Systems,3
"Chamber of Nishit Agarwal, Senior Advocate on Record, Supreme Court of India",3
Freescale Semiconductor India Pvt Ltd,2
Cotiviti,2
NphSat Systems Limited,3
Blinkit,1
Global surgicals,3
Yukti Enterprices pune,3
KRISHU MOTORS,3
Valuefy Solutions Private Limited,3
Hiringtek Inc,3
Kintu Design Pvt Ltd,3
Pioneer Enterprises,3
Jaro Institute Of Technology And Management,3
Particle41,3
Nyghtify,3
"Arcop Associates, New Delhi",3
Aero Telcom Solutions Pvt Ltd,3
Barracuda Networks,2
80/20 Consulting,3
Arihant Digiprint,3
"Central Manufacturing Technology Institute (CMTI) , Bangalore",1
Aarti Drugs Ltd,2
Classhopr,3
Adrianse,3
Metricfox,3
Cairn Oil and Gas (Vedanta Limited),2
Mobello Technologies Pvt Ltd,3
WS Atkins,2
Bidgely Technology,1
SOHAM AES,3
Kinaxis,2
Inator LLP,3
Mega Post Tension System,3
MangoOrange Group Pvt Limited,3
Infiniti Research,3
LightSpeedAI Labs Pvt. Ltd.,3
ALLPS,3
Mu Sigma Inc.,1
Grundfos Pumps India Pvt Ltd,2
Engineer Babu,3
The Hindu,2
Green Design And Engineeri G,3
Dazzle Robotics,3
Excelencia itech consulting Pvt Ltd,3
Ostello AI,3
Winkl,3
IBM India Systems Development Labs,1
pgs,3
Mean Metal Motors,3
Hindustan Steel And Iron Works,3
Maximl labs,3
Concentrix Pvt.Ltd,2
Larsen & Toubro Limited,2
Finrise softech,3
PRD Associates,3
Ulhas Pradhan Architects,3
Coron India,3
Manjila & Singh Innotech Pvt Ltd,3
Phillips Healthcare,2
NARAYANA EDUCATIONAL INSTITUTIONS,3
Commtel,3
Thinkly,3
Dosti Realty,3
Unity Gauge And Tool Co. Pvt Ltd,3
IUPUI,3
globalcert,3
Logicon Technosolutions,3
my homes,3
Sagar Defence Engineering,3
"GeekyWorks IT Solutions Pvt, Ltd.",3
Snc Lavalin,2
Vifr Tech,3
Sapcon Instruments,3
Druva Software,1
AL-SAIF Computer Academy,3
Zynga,1
Shahi Exports Pvt Ltd,3
Compro Technologies,3
Blaze Automation,3
Corteva Agriscience,2
Mcfadyen Solutions,3
Orangewood Labs,3
Infinite Computing Systems,3
Astorianz,3
bruhashith,3
PM Construction Pvt Ltd,3
Informatica,1
Xiaomi India,1
Saglobal,3
Psyliq,3
Saif Automation Services,3
WissionTalks,3
Amazon,1
Ministry Of Finance,1
Constorium Engineering,3
Karza Technologies,1
Inautix,2
GetMyParking,1
Paperflite,1
Manepally Jewelers Pvt Ltd,3
Centre For Development Of Advanced Computing,1
"Indian Statistical Institute, Kolkata",1
DSR ENGINEERING CONSULTANCY,3
Thinking Machines,3
Jadhao Expellers,3
Glow Logic Media,3
UNILAG CONSULT,3
"Indian Institute Of Technology, Varanasi",3
Cummins India Ltd.,2
Terafast Networks,3
Gujarat State Petronet Limited,2
SARANYA INFRASTRUCTURE PVT LTD,3
Vengai Software Solutions,3
TNI Career Counselling,3
Audi Coimbatore,3
Ernet,1
Mobiliya Technology,2
Godfrey Phillips Pvt Lmt,2
KPMG India,2
Sakpro Automoto Components,3
Dataqubez,3
Mahalanobis National Crop Forecast Centre,1
Faurecia,2
PHD & Associates,3
FGH,3
VitalHealth Software Pvt Ltd,3
"Education And Research Network, India",1
Sidefx Entertainment,2
Anonymous,3
Suzlon Engineering Ltd,2
20Cube Logistics Pvt Ltd,3
Great Learning,2
Shripal and Venkat Architects,3
Wolken Software,3
Ohm Engineers,3
Mengi Engineering,3
Robert Bosch,2
HUSTL FIT,3
Vitech Systems,2
sleek ltd,3
Retrocausal AI,2
Mukund Soft Pvt Ltc,3
First Source Limited,3
"Aruba, A Hewlett Packard Enterprise Company",2
Untapd Technologies,3
Himalaya College Of Engineeeing,3
Civil Contractor,3
Fyllo,2
NetBramha Studios,3
Branding Catalysts,3
Entosa,3
Divgi Metalwares Pvt Ltd,3
simmi foundation,3
BiztechCS,3
Staqu,2
Torry Harris,3
visa Incorporation,2
CSIR NAL,1
CSIR-NCL,1
Field Core International Solutions,2
Engineer Philosophy Web Serviced Pvt Ltd,3
Noida metro rail corporation,3
HDFC Bank Ltd.,2
Morningstar,2
Power Mech Projects Ltd,2
swaroop agrochemicals,3
NxtStack,3
LPG equipment and research centre,3
Maigha Media Private Limited,3
Crayon Data,2
S&P Global,2
Axxela Advisory Services,3
Sucoso Private Limited,3
Mittal Coins,3
Lava International Limited,2
The Experitos Studio,3
HostAnalytics,2
Seed Infotech,3
Air India,2
Smart IMS,3
Zupersoft Solutions Private Limited,3
JVS Labs,3
Allame Helli 4 High School,3
Pvt Ltd,3
Flipkart,1
Apnatomy,3
Golchha Organisation,3
autocluster pune,3
Oaktree Capital Management,1
Chitra Rubber Udyog,3
Hcl Cdc. Pvt. Ltd.,3
Idealabs Futuretech ventures,3
CannonDesign,2
Rail Wheel Factory,2
Rera Easy,3
huber+suhner,2
Xilinx,1
Ameex,3
NIT Jamshedpur,3
Heamac Healthcare Pvt. Ltd.,3
Virtusa Consulting Services Private Limited,3
Sabarmati Ford,3
Hitachi,2
Igrid Technology Solutions Pvt LTD,3
J. N. Moulds,3
Bhushan Steel Limited,3
Indian institute Of Technology kanpur,1
Union Bank Of India,3
Gulberga Heart Foundation and Research Centre,3
abc inc,3
Klassic Wheel PVT Ltd,3
Riktam Technologies,3
Centelon,3
Punt Review,3
Binks,3
Black Hawk Technologies,3
Kailasa Capital Advisors,3
Intangles Lab,3
Trainedge Consultancy Pvt Ltd,3
International centre for emerging technologies,1
matchbook,3
FirstRand Bank,2
Telesto Energy,3
BlueScope Steel Limited,2
Fibonacci Agency,3
SDG Cooperation: IT Risk and Solutions,3
Airstacks Network,3
Rational Solutions,3
Dawn Enterprises,3
Bilt Middle East LLC,3
Shankar Narayan architects,3
Lockheed Martin,2
Emanjha,3
Jaishree Engg Pvt Ltd.,3
Public Works Department (PWD),3
Metamorphosys Technologies,3
Robosoft Technologies,3
Tino Iq,3
RWR (Pvt) Ltd,3
Coromandel Fertilizers Ltd.,2
Digel systems,3
Opentext Technologies,2
Ishi Systems,3
Niyantra Software Services Pvt Ltd,3
Eunimart Multichannel Pvt Ltd,3
Aishva Financial Services Private LImited,3
SRI SAI ENTERPRISES,3
Badische Anilin Und Soda Fabrik (BASF),2
Intellisoft Systems LLC,3
Stack,3
Cambridge Technology enterprises,3
Lemosys Infotech,3
Becton Dickinson,2
EMC India,2
Laminds Technology,3
Aegis school Of Data Science,3
GE vernova,2
Puffalope Productions,3
LogMeIn,2
Bidco Africa,2
Banca Sella Group,3
plus ppa,3
Rane,2
Kothari Info-tech (P) Ltd,3
Consultbae,3
Menon & Menon,3
Toothsi,3
Indian Political Action Committee,3
Sigaram Technologies,3
Tookan,3
Pure yields,3
Vlabs IIT Bombay,3
Stanley Black & Decker,2
Lido,3
Kraft Powercon,3
Prosix,3
Century Pulp And Paper,3
Tanuj Enterprises,3
B-TONIC,3
DVC,3
Algobrains,3
Dentist,3
Trio Motion Technology,3
"Civil Hospital, Ahmedabad",3
Tirupur,3
TU Vienna,3
Sami Labs Limited,3
Hanu Software Solutions,3
Saxena & Associates,3
Pcnet Infotech Pvt Ltd,3
Kotak Securities,2
Pupilshare,3
Tata Steel Ltd.,2
Kathmandu Metropolitan City,3
Campwork,3
"Career and Placement Cell, IIT Mandi",3
Global AI Hub,3
ZR Constructions,3
JungliDonkey,3
educare institute of dental sciences,3
Sourcebits,3
KonaRRK,3
Trabacus Technology Pvt Ltd,3
Australia And New Zealand bank,2
Delloitte USI,2
L and T Infotech,3
St. Lukes Hospice,3
Jwalamukhi Enterprises,3
Nasdaq,1
Tata Communication Transformation Services,3
HawksCode,3
HiLite Builders,3
Lonsen Kiri Chemical Industries Limited,3
DRDO(CAIR) Bangalore,1
Sculptsoft,3
Karan security Systems,3
TCET,3
Swecha.Org,3
"VISTA Lab, IISc",1
Tata Aig,2
Rolta India,3
Wiseass Inc.,3
Zefo,3
Onedirect,3
Parijat Builders,3
Ignitus,3
Intel Technology,1
A Kickass Semiconductor Company,1
CSIR-CGCRI,1
Mybellastore,3
Adrixus Tech Studio,3
Asort,3
Ionos Networks,2
Apparel Made Ups And Home Furnishing Sector Skill Council,3
SellerApp,3
Startologic Technologies,3
Automate India,3
SAS,2
Renu Electronics Pvt. Ltd.,3
HEMARE Technologies,3
Onlinesales,3
R.C. Foundation,3
Webonise Lab,3
Bravura solutions,2
Vem Technologies Pvt Ltd,2
Fravashi International Academy,3
Grepthor Software Solutions,3
Lions Club International,3
Atyati Technologies Pvt Ltd,3
Bizense Technologies,3
Endeavour Technologies,3
Omspace Rocket And Exploration Pvt Ltd,3
INEL,3
CDSAML - PES University,3
Arsgs Solutions Pvt Ltd,3
Shilpi Engineering,3
Visa,2
Hilti,2
CODSOFT,3
Mindhouse,3
"University Of Petroleum And Energy Studies, Dehradun",3
Mukkudal Robotics,3
Exadatum,3
telangana state police housing corporation,3
SRKay Consulting Group,3
WebMobi 360,3
MITU Skillologies,3
Kiprosh,3
M/S. Samsherian,3
DKD Projects Pvt.Ltd.,3
JBI,3
Micro Focus,2
Zircle Technologies,3
Defence Research And Development Laboratory,1
eLuminous Technologies Pvt Ltd,3
Pricol,3
Micro Supreme,3
Cashfree Payments,1
NIIT Technologies,3
Om Sai Ram Construction,3
Prisma DSA Industries,3
Konnectbox,3
Srinivasa Enterprises,3
Genworks Health Pvt Ltd,3
Useready,3
Sreevatsa Construction,3
Exam Preparation Online,3
Nutron Systems,3
Chevron,2
IIT BHUBANESWAR,1
Chartered Finance Management Limited,3
Rakuten Symphony,2
Aero2Astro,3
Dentsu Aegis network,2
Chakr Innovations,3
PGT Consultants,3
Desk Nine Private Limited,3
Neolith Studios,3
REESS,3
IOTAP,3
Product based US company,3
Triveni turbine,3
Sourcecube Technologies,3
Double Down Retail,3
Sigma Con.(P) Ltd.,3
Fag Bearings,2
Cisco Tech,1
ipomo,3
EngineerBabu,3
Bangladesh Rural Electrification Board,3
Wipro Holmes AI,3
GULF OIL CORPORATION LIMITED,2
Namo Ideas,3
Delloitte,2
Nandan GSE Pvt Ltd,3
Reliance Composite Polymers,2
Jemena,2
Hams Infotech,3
Leo Burnett,2
Hutlabs,3
Technocolabs Softwares,3
Nakshatra Infrateck,3
iTalent India Management & Consulting Pvt. Ltd,3
Temperate Technolgies,3
Sigma Solutions,3
Flsmidth,2
Epsilon Electronic Equipment & Components Pvt. Ltd.,3
IHPC,1
brightCHAMPS,1
Nit Raipur,3
Tibco Software Inc,2
Holcim,2
Intern X,3
SBEM pvt. Ltd.,3
Nano Technologies,3
ETH Ltd,3
Prolific Constructions,3
Reliance Retail Ltd,2
Wootz Technologies,3
Telusko,3
gama infotech innovations,3
Rubico IT Pvt Ltd.,3
Ion Exchange,2
panchal industries,3
Raise Click Solutions,3
Jmc Projects (India) Ltd,2
DreamWorks Animation,2
Servilink Engineers,3
Premier Explosives Limited,3
Vehant Technologies,3
Redseer Management Consulting,2
American Express,2
Ernst &Young,2
Decurtis Software Solutions,3
Mahindra & Mahindra Ltd,2
Mowito Inc,2
DuPont,2
Blueberry Semiconductor,3
Coromandel International Limited,2
Torrent Power Limited,2
Annam Weighing System And Service,3
Idea Cellular Ltd.,2
Codavatar Tech Pvt. Ltd.,3
Tredence ANALYTICS,2
Daraz Nepal,2
GlobalData Plc,2
Prasad Group Of Companies,3
SKG Real Estate Developers LLP,3
laqshya infosoft solutions,3
Ti Cycles,2
National Dairy Development Board,2
"ESD department, Telangana e-governance",2
Rubber soul architects,3
Reputation,2
Acxiom Consulting Pvt. Ltd.,3
JMD Services,3
Citicorp Services India Pvt Ltd,2
Jetzy,3
Sprinklr,1
Contentstack,1
Innoventes Technologies Pvt Ltd,3
ARP Investments,3
"Institute Of Nanoscience And Technology, Mohali",1
SNG Constructions,3
Allianz Technology,2
sheetal Kumar and associates,3
Knackroot,3
VERTEX TOTAL LOGISTICS PVT.LTD,3
Cyberactivetech,3
Ogee Studio,3
Entransys,3
Nature's Delight,3
Millennium Technosoft Private Limited,3
Local Road Bridge Program,3
University of The Ryukyus,3
FinTech Lab NJIT,3
S.E.LOGISTICS PVT.LTD,3
cpl aromas,2
Veena World,2
Tata Thermal Power Plant Trombay,2
Pristine Infotech,3
socio maven,3
Novire,3
Chegg,2
RV-VLSI,3
Qafco,2
Krishna Cotton Mills,3
E-Hands Energy,3
NCR Atleos,2
Infinity Space Club,3
Brand Online,3
Qubicle,3
Artoon,3
Datalense services,3
Logilinks Pvt. Ltd.,3
Godrej And Boyce Mfg Ltd,2
Appetizer Mobile,3
Tata Elxsi,2
K S Aiyar & Co Chartered accountants,3
Sinohydro Corporation Ltd.,2
Qorql,3
Ensight Global,3
Grab Greco LLP,3
Ivy comptech,3
Fin Church Aid,3
Yanmar,2
Adfinity Global,3
Hsbc Software Development,2
Jane Aerospace Pvt. Ltd,3
Crane Process Flow Technology,2
comp expo cybersecurity,3
Ubiquiti Networks,2
TechSysIn,3
kritaka.ai,3
Perfect Packaging,3
Vestas Wind Systems A/S,2
Triad Square Infosec,3
Cherub IT Solutions,3
Money view,2
Rave Technologies,3
CloudGen Systems,3
Athulitha Labs Pvt Ltd,3
moxie.xyz,3
variable solutions,3
Athenahealth,2
Proton Chem Labs,3
Parksons Packaging,2
anonymous,3
Aadhya Infra,3
Photon Infotech,3
Florida software solutions,3
Expertrons,2
Mithilia Enterprises,3
Prelude Netcomms,3
Vijaydeep Agencies,3
Ugentam,3
Imanage,3
"PICT, Pune",3
Sentienz,3
Psiog,3
Hansa Solutions PVT LTD,3
EUREKA IT SOLUTIONS PVT.LTD,3
Accord Synergy Private Limited,3
Andig Systems,3
Koemtech,3
Imaginnovate,3
A large MNC,3
Gigamon,2
Varna Tech,3
Orbit Software Solutions,3
UP Jal Nigam,3
"Alkove Design, Pune",3
Standard Chartered Bank,2
Platform 9,2
ejy health,3
Adiraaj Art of Finanace,3
Caliche Pvt. Ltd.,3
Gulf Ocean Insurance Brokers,3
Seed Infotech Ltd,3
Bechtel India Private Limited,2
Foruppo,3
CILERE digital strategy,3
Lti Infotech,3
Mercer Mettl,2
Compliance Group,3
GES RHSCOEMSR,3
Volkswagen India Pvt. Ltd,2
U Mohammed & Associates,3
Infidata Technologies,3
Ameyo,2
Bits Dubai,3
HelioKraft Energy Pvt Ltd,3
Carwale,2
Bridgestone India Pvt Ltd,2
Profinch Solutions Pvt Ltd,3
Bharat Dynamic Limited,2
Ducere Technologies,2
Freestone Infotech,3
Teevra Edutech Pvt. Ltd.,3
Sanghi Industries Limited,2
Affimintus Technology,3
Samsung R&D Noida,1
Samsung R&D Institute Delhi,1
Indian Institute Of Technology,1
Healthium MedTech Pvt Ltd,2
DAZN,2
Equifit Technoart,3
Platform9 Systems,1
HR Biotech,3
MGI,3
credit vidya,2
Nvidia Graphics Pvt Ltd,1
The Car Laundry,3
UAB Barcelona,3
UBER,1
INFLIBNET Centre,3
East India Technologies Pvt Ltd,3
Seatizen,3
Sofmen Technologies,3
Indovance Inc.,3
Jaaga Startup,3
Tektronix India Private Limited,2
Paninian,3
Andpad INC,1
Old Dominion University,3
Isker Akparat,3
"Saha Institute Of Nuclear Physics, Kolkata",1
Zen Rays Technologies,3
Yodlee,2
Indiba Businees Solutions,3
Immortal Tech Solutions - Jalgaon,3
Relaince Jio,2
ROURKELA Steel Plant,2
Oracle Financial Services Software,1
Indian Green Building Council,3
Hitachi Solutions Pvt. Ltd.,2
avaesa,3
Cyble Infosec India Private Limited,2
Karnataka State Natural Disaster Monitoring Centre,3
Pegasus Fininvest,3
Zuru Tech India Pvt.ltd,2
K J Somaiya College of Engineering,3
Bank Of India,2
Northern trust,2
Twilio,1
Microkernel Technologies Limited,3
NDT Lab Pvt Ltd,3
SCRO,3
United Works,3
Project Mudra,3
Nference Labs Pvt. Ltd.,1
NICE Ltd.,2
Robokidz Eduventures Pvt Ltd,3
BatchMaster Software Pvt Ltd,3
Medicover hospital,3
Disney Star,2
Larsen and Toubro Construction,2
"Information Sharing and Analysis Center, INDIA",3
Merilent,3
Mu Sigma,1
wichitra auto limited,3
Mahaveer Construction,3
MOON Lab @ IISER Bhopal,1
QualStream,3
o9 solutions,1
yui,3
Roads And Building Department Telangana,3
Ciena,2
Unique Enterprises,3
News Technology Services,3
GagaGugu,3
Interestship Career Solutions Pvt Ltd,3
cylogic,3
Goglides,3
Angel Starch And Food,3
somewhere,3
Cloud Counselage,3
Smaaash Ent. Pvt. Ltd,3
Ladder Media,3
Ameriprise Financials,2
wilder west adventures,3
SBS Technologies,3
Ernst & Young LLP,2
Ninjacart,1
C4 Indra,2
Top Vision Engineering Consultancy,3
Autoliv India Private limited,2
Prodigenius Edtech Solutions,3
Irage Capital,3
populardigital.ai,3
iacademia,3
R P Era,3
Kun Aerospace,3
silicon labs private limited,2
Team 1.618,3
Genx Software Pvt Ltd.,3
Softenger India Pvt. Ltd.,3
admirz Plus,3
Itelligence,2
Bajaj Finance Limited,2
OnActuate,3
Equal Identity Private Limited,3
GE Digital,2
Flameback Capital Pvt Ltd,3
Expedia Group,2
PopcornApps,3
NASA Jet Propulsion Laboratory (Caltech),1
Manufacturer,3
Aristocrat Technologies,2
Cobalt Speech And Language,3
Unscrambl,3
Wowlabz,3
Elite Technologies,3
Nestify,3
Oil Field Instrumentation Pvt Ltd,3
Talentas Technology Private Limited,3
Letstute,3
Allsoft Solutions,3
ECLAT-INFO TECH,3
Mavenir,2
Pheonix Robotics,3
Rafay Systems,3
Fusion Motors,3
"Government General Hospital, Kakinada",3
Corporate Gurukul,3
Carbon Minus,3
EnRich Digital,3
ESI Hospital,3
Strato IT,3
Wipro @ Turbo,2
Unmanned Engineeria,3
Overture Infotech,3
Golden Source,2
R.K. Agro And Packaging,3
National Museum,3
Localpad,3
AB Initio,2
Fixy,3
Air Liquide,2
Ezops Inc,3
Company 1,3
Orthocrafts Innovations,3
Argusoft India Ltd.,3
Eko India Financial Services Pvt Ltd.,3
CardeaHealth,3
Larsen And Toubro Electrical And Automation,2
Sabudh Foundation,3
Proteam Advisory Solutions,3
Ranjanas Beauty Academy,3
IPvision Canada Inc.,3
Renalyx HEALTH Systems PvT Ltd,3
Maan Buildcon Pvt. Ltd.,3
Chubu University,3
HCC,2
ManBroSys,3
Godrej Consumer Products Ltd.,2
"CESC SGS Unit, Thermal Power Plant,2 X65 Mw",2
Jindal steel and power,2
HyperDimensions Pvt. Ltd,3
McAfee Software,2
Book My Show,1
BACANCY TECHNOLOGY,3
e-Emphasys Solutions PVT LTD,3
Gyanberry,3
Panorama Contracting and Engineering Services.,3
Tarique Hasan & Associates Ltd.,3
A&W Engineering Works,3
EQ Technologic,3
UMAS india pvt ltd,3
Simplewealth,3
Otis Elevators,2
HealthEdge,2
Mitsubishi Heavy Industries,2
Geostructurals Structural And Foundation Consultants,3
Insight Engineers,3
Zuneeue Pvt LTD,3
Wallace Pharmaceuticals,2
Arkema Thiochemicals,2
Comofi Innovations,3
C.H. Robinson,2
The University Of Trans Disciplinary Health Sciences And Technology,3
"The Dharamsi Morarji Chemical Company, Ltd",3
Gulf Atomation,3
Visa Inc,1
Vibracoustic,2
Bharatbenz,2
monark university,3
Magnes Motors India Pvt. LTD.,3
SG Analytics,3
Osun State University Osogbo,3
Aakash Exploration Service Pvt Ltd.,3
Halainfosec,3
Bansal Classes,3
Mindstix Software Labs,3
Business Setu,3
Deepak Nitrite Ltd.,2
Aaa,3
Yardi,2
JSW Steel Ltd.,2
Fiat Chrysler Automobiles,2
Sun Holidays,3
Hindalco Industries Ltd.,2
SRN Construction,3
GigIndia,3
WoodFlake,3
Encore Advantage,3
Exl Services,2
CWS,3
Skill-Lync,3
RedOrange Technologies,3
SAC ISRO,1
Reached IT consulting Pvt Ltd,3
Bufab India,2
Ivtl Infoview,3
Savair Energy Ltd,3
NanoSniff Technologies,1
Alliance Engineering,3
AllStates,3
Hebeon Technologies,3
Novac Technology Solutions Pvt. Ltd,3
Saviors Foundation,3
Accenture AI Lab,2
Intertek,2
Gameday,3
Epik Cleansing Solutions,3
Indriyn Pvt Lmt,3
Fafadia Tech,3
Pooja Food Products,3
NEC Corporation,2
Kundan Industries Ltd,3
Gowra Aerospace Technologies Private Limited,3
Welspun Corp Ltd,2
Perkin Elmer,2
KSS Abhishek Safety Systems Pvt. Ltd.,3
Mahindra CIE Automotive Ltd.,2
KubixSquare,3
Fabrsio,3
Mojo Networks,2
Smartron,3
Detusche Bank,2
Inteliment,3
The Value Crew,3
DB Xento Systems Pvt Ltd.,2
Adobe,1
ImageART Consultancy,3
Headout,1
Roima Intellengence,3
Eins Technology India Pvt Ltd,3
Edulyt India,3
United Group Of Companies,3
Ofab Etechnologies,3
ProtectOnce,1
tanla,2
Myracle.io,3
MPB Ark exim private limited,3
SEAS,3
SS Designers and planners,3
Allios,3
Adya Systems Software Pvt. Ltd.,3
KMC Constructions,3
Prudential Assurance Malaysia Berhad,2
Proceedit,3
Lanxess India Pvt LTD,2
SAS Institute,2
Tcs Ltd.,3
Infra IT solutions,3
JPMorgan Chase & Co.,2
Advik Hi-Tech,3
"Dzin Centre, Bangalore",3
Sytechlabs,3
Delight Auto Industry Pvt. Ltd.,3
TSGENCO,3
BBM Biopharma Laboratories Private Limited,3
Sundaram-Clayton Ltd,3
Network Intelligence,3
Analytics Vidhya,3
Ticketnew,3
De Scribe,3
SSERD,3
Technogrowth Software solution,3
concepts iconnect,3
thomson,3
Raycon Services,3
Adisys,3
Saama Technologies,2
H & A Health Care,3
TA Digital (Techaspect),2
Akanksha Power & Infrastructure,3
T-Star Instrumentation,3
United Contractor Services,3
Einsite,3
Ronuk Group,3
Neend.app,3
True Value Infosoft Pvt. Ltd.,3
Kaizen Advertising And Event Management,3
ArtiQ,3
Yamaha Motor R&D India,2
Pune Metro Rail Project,3
Datamatics Global Services Ltd,3
Hilda Automation,3
vaid architects,3
Disney,2
Spektra Entertainments,3
Flygen Media Pvt Ltd,3
Rotek Electronix,3
Kan Innovations,3
Xyz Company,3
Gangamai Sugar Factory,3
Nexa Mumbai,3
ssingularity technologies,3
Freecharge Paytech Ltd.,2
SJ TECH,3
Syndicate Bank,2
The Indian Economist,3
Nirman Builder's,3
Caprealise Software Solutions,3
HAZ Pvt Ltd,3
Novo Nordisk,2
Nabh Infracon LLP,3
Intransure,3
Customer Analytics India Pvt Ltd,3
Braddock Infotech,3
Kuhne Gmbh,3
asdlfkj,3
Realpage,2
Naxap Technology,3
Redcarpetup,3
Binghamton University,3
Crane Global Solutions Limited,2
Polycom,2
Artson Engineering Pvt Ltd,3
DHL,2
Ralph Lauren,2
RR Donnelley,2
Sardar Patel University,3
cognext,3
SJVN Limited,2
Icenet Technologies,3
MTNL,2
Education,3
Gujarat Flouro Chemicals,2
Johnson Matthey,2
"Ikk, KSA",2
Xoriant,3
Sundaram Finance Limited,2
Au Educations And Solutions Private Limited,3
Heady,3
Tamarind.ai,3
UMAS,3
Biz Insights IT Solutions,3
Shore Infotech Pvt LTD,3
eitacies inc,3
mantra events and promotions pvt. ltd,3
ZestIoT Technologies Pvt Ltd,3
Pioneer E-Solutions PVT. LTD.,3
Vibha Agencies,3
Multinational IT company,3
Bonito Designs Private Limited,3
Wren Sterling Financial services,3
Cognizant Technology Solutions Pvt Ltd,3
No Name,3
Aerus Infotech,3
siemens Industry Software India pvt Ltd.,2
Computer Society Of India,3
Indian Telephone Industries,2
Klikr,3
STMICROELECTRONICS,2
Utthunga technologies,3
ACM-VIT Student Chapter,3
MAX healthcare,2
Jammu and Kashmir Power Development Department,3
MMRDA MUMBAI,3
S S Engineering Enterprises,3
Saptashrungi Engineering,3
Scientific Games,2
Mitacs graduate research internship,2
West Bengal Power Development Corporation,3
Ministry of Energy and Mineral Resources of Republic of Indonesia,2
Flowserve Sanmar Ltd,2
Integrated Telenet,3
Adapty,3
Total Quality Logistics,2
CitizenInfotech Pvt Ltd,3
Blue prism,2
Innoventory Solution,3
VentureLab Thapar,3
Kuwait National Petroleum Company,2
artigen,3
FOLKDevelopers,3
Travelspends,3
Eagleview,2
Excel Crop Care Limited,3
FEV North America,2
Social Tab,3
Copart Inc,2
Criollo Automobiles,3
Tokopedia,1
Swati Jain Education Group,3
Yamato Scales India Pvt. Ltd.,2
Blogvault,3
Axxela,2
Cognizance Pro Solution,3
Makonis software Solutions,3
IQVIA,2
Govind Milk And Milk Products,3
Spezar Tech Private Limited,3
xxxyyyzzz,3
Telstra Telecommunications,2
Varun Motors,3
S&P Global Market Intelligence,2
NC media Networks,3
Beed Management,3
Surya Software,3
RM Education,3
Surin Automotive Private Limited,3
BRD Indian Air force,2
xxxx,3
Roast Media Pvt Ltd,3
Tata Steel Limited,2
Vaisansar Technologies Pvt. Ltd.,3
MATLAB Helper,3
Sri Vensy Technologies PVT.LTD,3
Shakti Enterprises,3
Jocata Finacial Services,3
Buildon Plaster Private Limited,3
ABVP and Associates,3
"GTRE,DRDO Bangalore",1
Nadhi Bio Products Pvt Ltd,3
Avantari Technologies Private Limited,3
AIT GLOBAL,3
Entorno Bengaluru,3
***,3
Sensara Technologies,3
Analytics,3
JCB Gadre Engineering,3
innoventory,3
Hertz transElektro,3
RideNext Software Solutions,3
Symbiol Mobitech LLP,3
Prescient Technologies,3
Camcann Technologies,3
Raam group,3
Aalborg University,2
Department Of Physics,2
Iicae,3
Varad Electricals,3
Raj Fasteners,3
UrbanClap,1
Innodatatics,3
Syrma,3
Bank Of America,2
Toshiba Mitsubishi-Electric Industrial Systems Corporation,2
Vardhan Consulting Engineers,3
FalconX,1
JNCASR,1
FiveOTA,3
Sps Hospitals,3
Rajasthan Rajya Vidyut Prasaran Limited,3
Swachh Bharat Abhiyan,3
Bruno's Computer Solutions And Software International,3
InfoObjects,3
Absolute Inc,3
SAM Building Contracting LLC.,3
Sonicwall,2
Larsen & Toubro InfoTech,3
Agilisys IT Services Private limited,3
SwiftAI,3
Mancini Enterprises Pvt Ltd,3
Meru Cabs,3
The Souled Store,3
Pine Labs,1
The Boeing Company,2
Sterling Software,3
Toyo Engineering India Ltd.,3
EMCO Ltd,3
Formcept,3
Saipem,2
Vecros,3
Pristine Infosolutions,3
Juggernaut,3
Sardar Vallabhbhai National Institute Of Technology,3
goego network,3
Softlink International Pvt Ltd,3
Asco Contracting Pvt. Ltd.,3
Coal India Limited,2
infinite Engineers,3
Wathare Infotech SOLUTIONS,3
Andhra Bank,3
Founding Minds Inc,3
GREedge,3
Godrej And Boyce Manufacturing Company,2
AI Planet,3
Tvs Logistics,2
T.V.Padhye & Co,3
Headway Academy,3
Kenome Technologies,3
Micromatic Grinding Technologies,3
Ctrls Data center Pvt Ltd,2
Quadmagnus,3
Lyriclious,3
SAMEER IIT BOMBAY,1
Genuine IT Systems LLC,3
Everest Web Solutions,3
IPG,2
Plivo Communications,3
Newvision Software Private Limited,3
Marmeto,3
Colab Company,3
Sobti Infratech,3
First Economy,3
The Loud Kitchens,3
Xlant Infra LLP,3
Value Labs,3
Om Sai Packing,3
Cashkaro,3
OnGrid,3
Edutor Technologies,3
SunTec Business Solutions,3
science utsav,3
Sigmaway,3
SR Software,3
Government Of Maharashtra,3
Toybank,3
RAA Technocrates,3
Ashgen Enterprise,3
Metlok Private Limited,3
Irrigation Department,3
Centre For Nanomaterial And MEMS,3
EZLock,3
Walmart Labs,2
goIIT.com,3
Dun And Bradstreet,2
iauro systems Pvt. Ltd.,3
Gaatha,3
Prime Focus Technologies,3
Information Technology,3
Bhagwati Developers,3
Noble Enterprise,3
Deora Groups,3
Pastel XML tourism,3
resideo,2
Impact IT,3
Katerra Technology,1
mantha associates,3
Krishnae infrastructure Pvt Ltd,3
nobel medical college,3
Empower Retirement,2
Home total,3
zebi data ind,3
Simulation Lab,3
ReCycle,3
Madinfotech,3
Janadhar Foundation,3
Mobileum,3
EpikIndiFi Private Limited,3
University of Dhaka,3
Arbunize Inc.,3
Rane Madras Ltd,2
Acharya Institutes,3
Technowin Solutions Pvt Ltd,3
ZopSmart,2
Abvolt,3
Mouri tech,3
ContinueServe Softtech india Pvt Ltd,3
AgNext Technologies,2
Exact Techfleeters,3
Beneathatree Educational Services Ltd,3
SRM IST - Big data Research Center,3
Dev Duct Engineering,3
Rajkamal Builders Infrastructure Pvt. Ltd.,3
MyCaptain,2
PQR,3
Sri Venkateshwara Sugar Factory,3
FlexiEle Consultants Pvt Ltd.,3
Ioncurerx,3
Ekbana Solutions Pvt. Ltd.,3
The Achiever's Academy,3
Ministry Of Coal,3
Cyber,3
anchuri and anchuri architecture company,3
Tif Labs,3
gurado India Pvt. Ltd.,3
Ahex Technologies,3
mtree software private limited,3
Kid Aptivity Pvt. Ltd.,3
ACI Limited,2
Kokuyo Camlin Ltd,2
Brilliant Tutorials,3
Cresco Developers Pvt. ltd.,3
eAutomaton Cognitive Services,3
The Tech Academy,3
zeeshan international Agencies Private Ltd,3
DevCool Inc.,3
Radical Infrastructure Pvt. Ltd.,3
Anil H Haria And Co.,3
Campus Management International,3
Nagravision India Pvt Ltd,2
Iotiot.in,3
Oneture,3
Wunderman Thompson,2
Singapore based start-up,3
Bombardier Transportation,2
Ashtech Industries,3
Air India Ltd.,2
Lamere Advertising,3
CMS IT SERVICES PRIVATE LIMITED,3
Kearney,1
Appirio,3
Fracktal Works,3
Ganatech Systems pvt ltd,3
ARTPARK,1
Finisar,2
Orient Technologies,3
Fargo Telecom Holdings,3
baskethunt private limited,3
"IEEE Student Branch, AMU",3
Playo,3
Cognizant Technology Solutions India Pvt Ltd,3
Kivi Capital,3
Mistral Solutions,3
"Lookout, Inc.",2
Startup 3,3
Addnode India,3
SRF LTD,2
Hettich,2
Khulna University of Engineering & Technology,3
Highiq Robotics India Private Ltd,3
TU Graz,3
ozone cloud,3
ITIVITI AB,2
Goodspace,3
Hgs,3
Kubric,3
KIET Group Of Institutions,3
virchow healthcare,3
Comp-Tel Consultancy,3
Bhagirath Construction Company,3
Foxmula,3
Siemo service,3
Cetpa Infotech,3
Antevorta Developers,3
Vinelabs,3
AstraZeneca,2
Digitlabz,3
Surat Municipal Corporation(SMC),3
OK Catalyst,3
Shraddha construction,3
soft techno solutions,3
Bizpulse Software Systems Pvt Ltd,3
SmartSOC Solutions Pvt. Ltd.,3
Simple solutions,3
Yantra Energy,3
Catking Classes,3
"Techrobotix, FZCO",3
CaptiveAide Advisory,3
Shree Stamping,3
Master Motors Corp Ltd,3
SUDE Engineering Corporation,3
GFK,2
Corizo,3
98Fit,3
Shree Automotive and Vipra Industries,3
University Of Tokyo,1
LazyDevs,3
kwality paper conversion,3
Harnex Systems,3
Temenos,2
Model N,2
Nin Energy India Private Limited,3
Trontek Electronics Pvt. Ltd.,3
HCL Technologies Ltd.,3
K. J. Somaiya College Engineering,3
ANR Software PVT LTD,3
"Illinois Tech, Chicago",2
Bhumi - NGO,3
Steelbuild,3
VERONICA PLASTOMATICS,3
The Digital Fellow,3
Reliance Infrastructure Ltd.,2
Ar. Rushikesh.H,3
Ultraviolette Automotive Pvt Ltd,1
Objectwin,3
Aerospace Engineers,3
Devitpl,3
Xemi,3
Shreeji Woodcrafts,3
Brac University,3
Rsvr Tech Pvt Ltd,3
Sakshishri Construction Pvt. Ltd.,3
AiHello,3
PacteraEdge,2
Asomi Finance Pvt Ltd,3
Mylan Laboratories,2
MK Graphics,3
Construction,3
SPLIT Chennai,3
Anand Contractor And Developer,3
Presston Engineering Corporation,3
Fabless Semiconductor Design House,2
Talentoj IT Consulting,3
Bangalore Aircraft Industries Pvt. Ltd,3
sathyabama,3
Vistaar Systems,3
KSB,2
Protech IT Solution,3
Recursive IP Solutions,3
roboxatech,3
Crysagi Systems Pvt. Ltd.,3
Mindarika Pvt Ltd,3
Chetana Technologies,3
Volansys Technology,3
Green wave IT,3
Makerzhub,3
PBOPlus Consulting Pvt Ltd,3
virtue info,3
CyberSophy,3
Peco Valves Ltd,3
Rudder analytics,3
KTA Spindle Toolings,3
InnAccel,3
Rlly,3
Nirma University,3
Alfaleus,3
Playpower Labs,3
IFORTIS WORLDWIDE,3
C M & Sons,3
Peer Robotics,3
Navtek Solutions,3
Lupin Ltd,2
Gabriel India Limited,2
Shimadzu,2
Millennium Switchgear,3
Vios Medical,3
Extencore solutions Pvt Ltd,3
SR Lalan Automations Pvt. Ltd.,3
West Agile Labs,3
Akansha Powetronix,3
Urban Narratives,3
Loesche,2
Indian Institute of Information Technology Sricity,3
Intel Technologies,1
Fermion Infotech,3
Veooz Labs Pvt Ltd,3
Agtuall,3
Sneakfit.in,3
JK Technosoft,3
"Toshiba Transmission And Distribution Systems, India",2
mg infra,3
Teklink Software Pvt. Ltd,3
MachinFabrik,3
AgroCast Analytics Pvt Ltd,3
Pie Infocomm Pvt. Ltd.,3
Barbero,3
CA Firm,3
Genpact India Pvt Ltd.,2
Mindpath Innovations,3
Sovereign Company,3
Gujarat Institute Civil Engineer And Architecture,3
DBS Tch India,2
Narayana Hrudayalaya,3
Atos,3
Halmar international,3
Havells India Ltd,2
Bookmyshow,2
Bajaj finserv health private limited,2
Power Finance Corporation Ltd.,2
Eigenmaps.ai,3
optimized solutions Inc,3
Prof. C.N.R. Rao Centre for Advanced Material laboratory,1
Govt College of Engineering Karad,3
EFE,3
Billed Right,3
Micron Technology,2
Smt. K. P. Sanghavi Hospital,3
Delightful gourmet pvt LTD,3
ISG,2
CricXtasy,3
LTIMindtree,3
Ankit Aerospace Pvt. Ltd.,3
Melbourne University,3
Sri Nidhi raja Packing Solutions,3
Procter and Gamble,2
HCL America,3
"I/E, IT, EduTech",3
Prajyo Instrumenta And Maintenance Services,3
Choudhary Gupta & Co.,3
S J Contracts Pvt Ltd,3
Edgeforce Solutions,3
OrbitX Aerospace (P) Ltd.,3
SM AUTO PVT LTD,3
MindFresh Training,3
HMS Medical Systems,3
P&G,2
San ridge Pvt Ltd,3
Luk India,2
Al Ajiji Limited Corporation,3
Searce Logistics & Analytics,3
Rk Consultant,3
GS Lab,3
Momento Tech,3
Glii,3
Om Constructions,3
Hydroteck Engineering Company,3
GIA,3
ochreink architects and interior design studio,3
Bolt IoT,3
Clowork,3
Kaarwan,3
Eli Lilly And Company,2
Param Machines and Moulds,3
Eata Plast Fabric,3
TripToes,3
OLA Electric,1
National Highway Authority Of India,2
Sharp Micro Technologies(India),2
United Phosphorus Limited,2
Motilal Oswal Financial Services,2
Fullthrottle Labs,3
GREATER HYDERABAD MUNICIPAL CORPORATION,3
BPCL,2
Bush Electromech Pvt Ltd,3
Charotar University Of science And Technology,3
Al Mulla Engineering,2
fitness denn,3
Webloom Solutions,3
Manpushp Software,3
Outcast India,3
Pheonix Human Capital Pvt Ltd,3
Stack Nation,3
Wosumo Marketing Firm,3
Innoplexus,2
Sirion labs Pvt Ltd,1
Vasundhara IT Pvt. Ltd.,3
OSI Consulting Private Limited,3
BetterPlace Safety Solutions,1
Softlink International,3
NYU Jean Monet Center of Law,3
Ingnius System Pvt Limited,3
IntuVision Labs,3
Alorica,2
TOYOTA,2
Textron,2
Synchronoss Technologies,2
Nigata Software And Solutions Pvt.Limited,3
Larsen And Toubro,2
Tranex,3
Bennett University,3
Servon LLP,3
Claywork,3
JBMS Retails Pvt Ltd,3
DRDO Kanpur,1
Fitternity,3
Codoid,3
Phemesoft,3
American NGO,3
Vymo,1
Aircel Business Solutions,3
TEX E.G.,3
Eyemote Vision Inc.,3
QuadLogix,3
Cyber Cloud Shield,3
Hp Inc,2
UAS DTU,3
National Aerospace Laboratories,1
Grab a grub services,3
Terralogic,3
IRCON International,2
Colourtex,3
L and T power Training Institute,3
ThinkSmart IT Solutions,3
Shiva Motors,3
Harvard Medical School,1
CodeBind Technologies,3
Appscms Technologies,3
Pibythree,3
PangeaTech,3
Adani Enterprises Ltd.,2
Origin Learning Solutions,3
IIT Ropar,1
Efficient Engineering,3
e-Zest,3
Dr ulhas patil college of physiotherapy,3
Saptang Labs,3
Rambus Chip Technologies,2
Tecnoprism,3
Rajamane And HEGDE PVT Ltd,3
CPSGateway,3
Indian Oil Corporation Limited,2
Deloitte Consulting USI,2
Benue State Water Treatment Plant,3
M.G AUTO,3
International Human Rights Organization,3
Sumax Ent Pvt Ltd,3
Galundia Electricals,3
Ducati Hyderabad,3
Engati,2
Auroville Consulting,3
Algotrak-Systematrix Solutions Inc,3
National Payments Coorporation Of India,1
WaaysLive,3
Msr cosmos,3
"Smart Campus Cloud Network, Terre Policy Centre",3
360DigiTMG,3
Bharat Heavy Electricals Ltd.,2
BlueStacks,1
Emudhra,3
Narayana Hospital,3
Razorse,3
Telangana State Power Generation Corporation Limited,3
Envisage,3
Communixlab Private Limited,3
bradesco,2
Cisco Systems Inc.,1
konnectsu,3
N.m jewellers,3
Indian Institute of Technology Indore,3
ATA,3
Jc Penney,2
State Monitoring Unit - Maharashtra Government,3
GlobalShala Education Pvt Ltd,3
Suman Engineering,3
OPTYM,3
Oracle Cerner,1
MWYN Tech Pvt ltd,3
CSIR-ccmb,1
Alita Infotech,3
Bilent Services Pvt Ltd,3
powerup cloud,3
JJ Engineers,3
Advantage Club,3
Stackfusion Pvt. Ltd.,3
Aika,3
Vestas,2
Axis Creative Agency,3
stup,3
Indesign Elements,3
open systems,3
Wenergie Ecoworks,3
Maxgen Pvt.Solutions,3
Internshala,3
School,3
Bios,3
teamlease Edtech,3
Sankalp semiconductor,3
HI TECH Sweet Water Technologies,3
cloud mentor pvt ltd,3
Coats Bangladesh Limited,2
Revolut India,1
Samsung Noida,1
WiSig,3
Malahini Solutions,3
FinTech,3
Vikify,3
"Shri vinayak industries 
Ekdant moulders & Engg. Pvt Ltd",3
Legrand,2
ARKO ENGINEERS,3
Konsultera,3
Auradigm,3
Viya Solutions,3
Toyota motors,2
Netcamp Solutions Private Limited,3
Bombay Hospital,3
Khatabook,1
CESC Ltd.,2
Aureole Technologies Pvt Ltd,3
MLveda,3
engineer chaiwala,3
Goldfinch Engineering Services Pvt. Ltd.,3
PRODENT DENTAL CLINIC,3
Maruti Suzuki Service Station,3
Silabtech,3
"All India Radio, Prasar Bharati.",2
InfraCloud Technologies,3
UNV India,2
XYZ,3
Meiko Clean Solutions,3
expertisehometutions.com,3
247,3
Al Shirawi U.S Chillers,3
Reflexis Systems India Pvt. Ltd.,2
Fushun Cranes And Equipments India Pvt LTD,3
Suzlon Energy,2
Quantum Aeon,3
Indian Institute of Technology Jammu,1
InnovaCX Tech Labs Private Ltmd,3
data foundry,3
Comviva,2
United Technology,2
e-Zest Digital Solutions Pvt Ltd,3
Bdo India Llp,2
Adarsh Dye Chem,3
Google,1
NewSpace Research And Technologies,2
Volvo Group,2
Maulik Taranga Pvt. Ltd.,3
BizSherpa,3
All India Council For Technical Education,2
Supertech Instrumentation Services,3
Lechlar India Ltd,3
growth arrow,3
Barcode Entertainment,3
BSES,2
LACEPL,3
Chalkstreet,3
Jcpenney,2
Digitaljeevi Ltd.,3
Elecon Company Engineering Limited,3
Fellowship.AI,3
Pratham Youth Community,3
Tech,3
Oracle-Cerner,1
InfiCorridor Solutions Pvt Ltd,3
Algorisys Technologies Pvt Ltd,3
Ask Electrical,3
Purplechai Technology,3
Ametek,2
"Institute for Systems Studies & Analyses, DRDO",1
cproz,3
Aara Industries,3
Colgate Global Business Solutions,2
ThinQbator,3
CSIR-CSMCRI,1
CREO Tech,3
Maventic Innovative Solutions,3
Motoroids India Ltd.,3
University Of Emerging Technologies,3
growthjockey,3
Netcracker,2
Think And Learn Pvt Ltd,1
Infoview Technologies Pvt Ltd,3
Aarupadai Veedu Medical College and Hospital,3
HYVA India,2
Kushi Industries,3
Pinnacle Consultant Group,3
Hal,2
hp enterprise,2
testAIng,3
One Direction Ventures,3
Meijer,2
Aarti Industries Limited,2
DoTech Technologies LLP,3
Belong.co,3
Hudson's Bay Company,2
Nit Trichy,3
Sawbon,3
Creation Publication,3
Accenture Solutions Pvt Ltd,2
Q3 technologies,3
Cloud Computing And Big Data Lab,3
technip Energies,2
Citicorp Services Limited,2
DeepJudge AG,3
Lancesoft Inc.,3
Kansal Agro,3
Infostretch,3
PVR cinemas,2
AUS architecture,3
Pmi,3
Kumaran Systems,3
Mahindra Agri Solutions,2
Ethnus Codemithra,3
Ostrich Software Solutions,3
Velotio Technologies,3
ROVER ASEB,3
Barola Technologies,3
King George Hospital,3
AccelQ Solutions India Pvt Ltd,3
Otto-von-guricke University Of Magdeburg,3
DeepSight AI Labs,3
Altsense,3
Hughes Systique Corporation,3
Symtronics Automation Private Limted,3
Clayworks Spaces,3
Bharat Forge Ltd Pune,2
"Burning Desire Technology, Surat",3
Dheeraj Realty,3
SpringML,2
First American India,2
Atomberg Technologies Pvt Ltd.,3
Evolve Aqua Solutions LLP,3
REI Systems Pvt. Ltd.,3
Zen3 Infosolutions,3
Swa+P Architects,3
Bootstrapguru Digital Solutions,3
Ritzy Technology,3
Hofars,3
Easygov,3
Amaze Lifestyle Products Private Limited,3
Cimtrix Systems Pvt Ltd,3
Bristol Myers Squibb,2
ComakeIT,3
Speridian Technologies,3
GetMeLive,3
Kantar,2
Rife Software,3
Forbes Media,2
Ficus Telecom Fiber Connect,3
Emerson Automation Solutions,2
cropdarpan,3
Tower Research Capital,1
bgauss,3
Ajit India PVT LTD,3
Amphora Plastolite,3
Svs Projects,3
College Visa Hub Education Consultants,3
LIO Discovery Services,3
IKF - I Knowledge Factory,3
Esko Graphics,2
Truechip Solutions Pvt Ltd,2
Grail Research,2
Cochin International Airport Ltd,2
Chittagong Urea Fertilizer LTD,2
Redantio,3
Arcelik Global,2
AlphaICs,1
Gensuite Software Systems & Services Pvt Ltd.,2
Kritinsoft It Solutions,3
pts automation pvt ltd,3
Twowaits Technologies,3
Company,3
Flux Auto,1
Backend Helping AI,3
Innominds,2
Zomato Feeding India,1
Defence Research And Development Organization,1
Arthchakra Capital,3
Dhani constructions,3
Digitronics,3
ParadigmIT Technology Services,3
CEMILAC,1
IFM,2
Omvitsab,3
MK Reddy and Associates,3
IBM India Software Labs,1
Videojet Technologies India Pvt. Ltd,2
H S Mehta Infra Pvt Ltd,3
KraftPowercon,2
Unicoconnect,3
Applied Information Sciences,2
Dexler Energy,3
California State University Los Angeles,2
Toshiba Software India Pvt. Ltd,2
Personifwy,3
Padeco India Pvt Ltd,2
Kfintech,2
Acumed Biomedical Company,2
Microtech,3
Eximius Design,2
Sion Semiconductors Pvt Ltd,2
DigitalDeepak.com,3
University Of Massachusetts,2
Leidos,2
Robotries,3
Infobizzs,3
Stirring Minds,3
Amstech Incorporation Private Limited,3
Inncircles,3
Camplus App,3
Tata Motors,2
Yash Solution,3
Cognibot Robotics,3
HolidayIQ.com,3
C DAC,1
MSEB,3
Boilerplate Technologies,3
Edunet Foundation,3
akums lifesciences ltd,3
Indian Institute Of Technology Patna,1
Gemsan A.S,3
Twin Reality Technologies,3
Commtel Networks Pvt. Ltd.,3
Continuity1,3
Arun Bajaj Automobiles,3
Test,3
Fipple IT TECHNOLOGIES PVT LTD,3
LETS Innovate,3
Ford Motor,2
Bangalore Gas Agency,3
Tatvasoft,3
IBoon Technologies,3
Cognifront,3
Bhaskaracharya Institute For Space Applications And Geo-informatics,1
Rexaware Solutions,3
IICHE-Terragreen Technologies,3
AlgoAsylum,3
Fynd Research,3
Lakshmi Vilas Bank,3
Blue Star,2
Mphasis Limited,3
Advance Technology Consulting Services,3
Merilytics,3
knowledge lens,3
Smaat Apps And Technologies Pvt Ltd,3
Oneyes Technologies,3
Pamtrons Healthcare Devices,3
Panchayat Raj Engineering Department,3
Mitatronics,3
Aam Aadmi Party (Research Cell),3
Relyon softech Limited,3
Green Line Engineering Consultant,3
TCS - Tata Consultancy Services,3
Robodel,3
Vedanta Ltd,2
Dream Destinations,3
govt. contractor,3
Tarants Software,3
Home Drone,3
Suman Enterprises,3
LS Automotive India Private Limited,2
Surbana Jurong,2
Kauvery Hospital,3
Niraj Industries,3
True Projects,3
Folds Design Studio,3
Rheal Software Pvt Ltd,3
Earth Energy EV,3
Olcademy,3
WINGHERRY TECHNOLOGIES PVT LTD,3
Ninja Marketing,3
"BMW Parsoli, Ahmedabad",3
Darshan Pharmachem,3
Setuserv,3
Tenac Group Company,3
Cord Digital,3
Silicon Wireless Systems Pvt. Ltd.,3
memberane system specialist,3
Google Summer of Code,1
Svamitva Architecture Studio,3
Vaibhav Global Limited,2
Practo Technologies Pvt Ltd,1
Alchem Synthon Private Limited,3
Rarecrew,3
Lifesignals,3
Megavenues.Com,3
Gemba Concepts,3
Sevenseas Water Equipment Trading,3
Gunakar Private Limited,3
Pavna Zadi Security Systems,3
Meteorite Systems Pvt. Ltd.,3
Shoptimize India Pvt Ltd,3
Vasundhara Geo Technologies Pvt Ltd,3
Flock Directi,1
Blue Ocean Financial Services,3
Dhaval Technologies,3
Pixiq Cinetech,3
Bright Engineers,3
TAISTech,3
NEA Engineering Company,3
priv 1,3
Logic Fruit Technologies,3
Times Internet Ltd,2
Tessact,3
Crystal Electrodynamix Pvt.  Ltd.,3
Newton School,2
Local construction firm,3
HCL Technologies,3
Tractor and Farm Equipment (TAFE),2
Refinitiv/ London Stock Exchange Group,1
Pronisi,3
cbs flivver,3
Lakmè,2
TS TRANSCO,3
Zaheen Systems,3
Arthur D Little,2
Cynap,3
Orange techno lab,3
Ideamagix,3
University Of Saskatchewan,3
Gap Inc,2
Fair Pay Technologies,3
"IRDE, DRDO, Dehradun",1
Jhub JNTUH,3
dousefire,3
Veertu inc,3
Alpes,3
Arvind Singh Consultant Pvt.Ltd.,3
Infosys Technologies,3
american mnc,3
Mando Automotive India Pvt. Ltd,2
Indospirit,3
MCBS,3
MOFA Studios,3
Alf Engineering,3
i3systems,3
company a,3
Central Cooperative Bank,3
Blues Star Limited,3
Gamezeniq,3
Consultech,3
Airobosoft,3
Bucketbolt,3
Grpdiscount.Com,3
BMW Group Plant Chennai,2
Siene Products Pvt Ltd,3
Aspire Digital Technologies,3
NMDC Ltd,2
Student,3
VenusLabs,3
JSW Energy,2
Sapours Technologies,3
Maharashtra Information Technology Corporation Ltd.,3
HITEC University,3
EdWave,3
International Model United Nations,3
Momspresso,3
Divo technologies Pvt Ltd,3
VirtusaPolaris,3
4th Dimension Technokrats,3
Cipla Ltd.,2
GrowAI,3
Sony Center,3
Voiceqube,3
Seebach Filter Solutions Ltd.,3
Tomia,3
Welcomevet Pharma Private Limited,3
Muse nanobots private limited,3
Blubears,3
Eruvaka Technologies,3
BYJUS THE LEARNING APPLICATION,1
Inmovidu technologies,3
Canspirit Ai,3
Thepsi,3
ProjectPro,3
DiOlO,3
QiWorks,3
Graebert India Software Private Limited,3
Coda Line,3
Empower People,3
Daisaria Associates,3
Diwa Nirman Sewa Pvt. Ltd.,3
Western Refrigeration Pvt. Ltd.,3
Intel Corporation,1
No.1 Premium Yarns,3
Perk Finance,3
GetParking,3
Meesho,1
Vertocity,3
"DRDO, Hyderabad",1
Prebuy.in,3
Shakti Pumps India Limited,2
Concorde Engineering Works,3
Gmmco,2
Silcon,3
Yupptv India,2
Bodhtree,3
Mindgroup,3
Multisoft Systems,3
LokalApp,3
VECC,1
Jyoti Cnc,2
Karpagam Engineers,3
Crowncloud Australia,3
JPM Industries Ltd,3
Itdeation Technologies,3
Bhartiya City Developers,2
"Satnam Global Infraprojects Ltd, Delhi",3
Meril pvt.ltd,3
L and T Technology Services Limited,3
Mlit Solutions,3
Volvo,2
MaxPi,3
Sudarshan Electrical Engineering Works,3
IETE,3
Arris,2
VIS Networks Private Limited,3
Aquasub Engineering,3
Atos Syntel Private Limited,3
Friends Engineering Works,3
vkraft,3
Paramount Autobay Services,3
Bosch Ltd,2
NASTECH,3
Mns Solution,3
Almoayyed International Group,3
Neosoft Technology,3
Sorbet Digital,3
Nalsoft,3
Sportskeeda,3
PacketPrep,3
Soham Vadje & Co.,3
Giftkarting.com,3
Striim,1
Amazon ML Summer School,1
Fission Labs,3
NVH Auto Parts,3
Maantic Technologies,3
Infosys Ltd.,3
Cousins Infotech,3
IDOS INDIA PVT LTD,3
Accenture Solutions Pvt. Ltd.,2
McKinsey & Company,1
Astrazeneca Pharma India Ltd,2
The Literary Club,3
Rancour & Zamil,3
PicoStone Technology Pvt. Ltd.,3
Etisalat Egypt,2
Samsung Service Center,3
Dinrack Integrated Systems,3
Pivox Labs,3
.....,3
Swabhav Techlabs,3
Embedos Engineering LLP,3
Alphonso Inc,2
IKE Electric Pvt Ltd,3
Cimtrix Systems Private Limited,3
Vijeet Sales,3
PRIME Consultant & Engineers,3
NextEducation,3
WittyParrot,3
Cardio Beats LLP,3
Idcengineers,3
Garuda Aero inventive Solutions,3
Sasken Technologies,3
Lamprell,3
Webtek Labs.,3
Invento Technology,3
Nokia Networks,2
Whizkid,3
Oracle India,1
python Mate,3
Crescenta Tech,3
Apporchid Inc,3
Hyundai Construction Equipment India,2
PrimeNumbers Technologies,3
getpy analytics,3
S Technologies,3
NLT Infotech Private Limited,3
Alpha Technology,3
Salesforce.com,1
Phoenix Tech,3
Achala It Solutions,3
"Srujana Center For Innovation, LV Prasad",3
Haldor Topsøe,3
SK Autotech,3
Excelmax Technologies,3
Indian Data Science Hub,3
Reliance Petrochemical,2
VSP Softtech Systems Private Limited,3
Vedantu Innovations,3
Crive,3
Blue Cross Laboratories Ltd,3
Coshal Unfolding Artistry,3
Bits Pilani,3
biogreen remedies,3
MAN trucks india,2
Prudent Controls Pvt Ltd,3
Orbit,3
Dyfo automation,3
Unilog Content Solution,3
New Look Buildcon Pvt. Ltd.,3
INICTEL-UNI,3
Neilsoft Pvt Ltd,3
DSSProject Management,3
Client Network Services Inc. (CNSI),3
Team Computers,3
GATI welfare society,3
BrainyBeam Technologies Pvt Ltd,3
JP Enterprises,3
Maryam Nouri Office,3
Sensing Technologies Private Limited,3
Quinnox Consultancy Services,3
Crimsonlogic,3
Open Destinations Pvt Ltd,3
Innavx Technologies,3
Inventeron Technologies And Solutions,3
SFO Technologies,3
Zeki Software Solutions Pvt. Ltd.,3
Citi Bank,2
Ampool India Pvt Ltd,3
Yara International,2
Mobicruise Solutions Tech Ltd,3
Mediaiq digital,3
Versa Networks,2
Kia,2
Biotech Park,3
InnoAge,3
LumosLabs/SmartCardia,3
BeeOnline,3
GICEA,3
Cygnet Infotech,3
Jio,2
Abin Design Studio,3
Biological E,3
Qualden Technologies,3
Microlog Systems And Tech Pvt Ltd,3
Techfidelite solutions Pvt Ltd,3
megha urbanscapes,3
FESTO India Pvt Ltd,2
Trident Ltd,2
Untangle,3
Websym,3
Goldmine Advertising Agency,3
Stanra Tech Solutions Pvt Ltd,3
Ultratech Cement Ltd.,2
neomentors,3
Sms Magic,3
Codroit Tech Pvt Ltd,3
Infocouture Solutions Pvt Ltd,3
Rawsome Family Care Products,3
Central Bank of Uzbekistan,2
Private Company,3
Advance Infrastructure Pvt LTD,3
Himpact Technologies,3
"Balaji Structural Consultants, Amravati",3
E-con Systems India Pvt. Ltd.,3
Equity Data Science,2
Trianz Holdings Pvt Ltd,3
Charms Group,3
Nagarro,3
Taiyo AI Inc,2
R.K.J. FRAGRANCE,3
Sahjanand Medical Technologies Pvt. Ltd,3
Unique infrastructures,3
Eduprime Technologies,3
Vikram Solar Limited,2
Somaiya & Associates,3
"CSIR-CRRI, New Delhi",1
Blisstering Solutions,3
Sunquest Information Systems India Pvt Ltd,2
Ford India Private Limited,2
Cadila Pharmaceutical Ltd,2
Maverick Labs,3
Shapeai,3
Renault Nissan Technology And Business Center India Private Limited,2
tcs,3
Apisero,3
Kloudgin Enterprise Signals,3
Lennox International,2
Amadeus,2
Lodha Group,2
"Centre of Innovation and Entrepreneurship, PES University",3
Appleton Innovations,3
Sunbeam Institute Of Information Technology,3
Samsung India Electronics,1
"Ministry Of Skill Development And Entrepreneurship, Govt. Of India",3
KPIT Technologies Pvt Ltd,3
J-pal SouthAsia,1
Admitkard,3
SoilTech India,3
Technova Imaging Systems,3
Datalore Labs,2
One Broadband,3
Today's Youth Asia,3
Periwinkle Technologies,3
Telus Networks,2
Skylight solutions,3
ASR engineering and infrastructure pvt ltd,3
KKB TECH SOLUTIONS PVT LTD,3
Progress Engineering Consultancy Pvt. Ltd.,3
R.K Infratel,3
Fero.Ai,2
Prosetta Bioconformatics,2
Vital Solutions Pte Ltd,3
Lynkit,3
Direct Admission,3
Castalia Labs,3
Web kraft IT,3
Malla Reddy Narayana Hrudayalaya,3
IIM Nagpur,3
P A Mahajan & co,3
Emotix,2
Simhachalam Sub Station,3
Amexs ITLH,3
Ittiam Systems,2
Hero Motocorp Ltd.,2
Envision Enterprise Solutions Pvt Lt,3
element5,3
CSIR-Indian Institute Of Chemical Technology,1
ACPL,3
3M India Ltd,2
Morning Dew,3
Anand Rathi Wealth Limited,2
Smart Bridge,3
Accucorps Technologies Private Limited,3
Best Enginners Pumps Pvt Ltd,3
VMstack,3
Kankam Finance Pvt. Ltd.,3
Ernst & Young,2
Bitlance,3
Anagha Industries,3
Braynix AI,3
Larsen & Toubro Infotech (L&T),3
Association Of Mechatronics Engineers,3
Belcan Engineering,2
Evolvus Biotech Pvt lt,3
Opus Consultanting Solutions,3
Collegepond,3
Aarav Solutions Pvt Ltd,3
SAE-INDIA,3
Janasena Party,3
Bikeadvice,3
Renew Power,2
"MNC, Semi Conductor Company",2
SoftwareAG,2
Technocraft Industries India Ltd,3
FindMind Analytics Pvt Ltd,3
grey enterprise,3
Datametica,3
Slangcode Pvt Ltd,3
Origiin IP Solutions,3
Fluxkon Technologies,3
Emids Technologies,3
MPOWER Financing,2
MesTech Systems Private Limited,3
RUGVED,3
AI Consultancy,3
Growfitter,3
Wissen Baum Engineering Solutions,3
Shreerangam Packaging Industries Ltd.,3
Otto,3
Data Science Intern,3
Yatri Design Studio,3
Digital Engineering Consultancy,3
Respro Labs,3
sr Institute of technical training,3
1mg Technologies,1
Sankalp Semiconductor Pvt Ltd,3
Chennai Port Trust,3
TEG Analytics,3
RightRev,3
mahindra electric mobility limited,2
mvj,3
Ricago,3
ModulusPI IT Solutions Pvt Ltd,3
TCS Innovation Lab,3
DENSO,2
NESPAK,3
Hughes,2
Iwave Systems Technologies Pvt Ltd,3
Diamanti,2
DIMA Engineering,3
Techbuzz Private Ltd,3
Greenleap Robotics Pvt. Ltd.,3
We Are Plymouths,3
Vodafone Intelligent Solutions,2
Cairo,3
Dhanwantri Clinic,3
Stones2milestones,3
Internship 1,3
Radiance Technologies,3
Vijay Nirman,3
Skoda Auto Volkswagen India Pvt Ltd,2
Aam Aadmi Party,3
AT&S India Pvt Ltd,2
Thingscloud,3
ITI Limited,3
R.S Academy,3
RSGA,3
Ellucian,2
DURE TECHNOLOGIES,3
N.B. Company,3
Control N Limited,3
AA Pvt Ltd,3
Planet-i,3
Punias Marketing Consulting LLP,3
Abhinam Chess Academy,3
Mpiric Software,3
KOSHA Designs,3
Center For Development Of Advanced Computing,1
"Regional Remote Sensing Centre(ISRO), Nagpur",1
Indev Consultancy Pvt. Ltd.,3
Regology,3
Jensnns,3
"Department Of Science And Technology, Government Of India.",1
Orient Cement,2
Loylty Rewardz Management Private Limited,3
Fortinet,1
Quikr,1
Project internship,3
Paysafe,2
Gist,3
Vembu,3
Orbees Business Solutions,3
Continental Device India Ltd,3
Prakash Kochar & Co,3
Mech Mocha,1
insideFPV,3
Global OnLine Solution,3
Singhbhum Machinometals,3
We Design Code,3
Kalgutkar And Associates,3
G A Bhillare Consultants Pvt. Ltd.,3
Syndrome Technologies,3
People Tech Group,3
Matchbox Pvt Ltd,3
Coffee Day Global - Beverages Division,2
Transcal,3
Total Environment Building Systems Private Limited,2
Enrichwise Financial Consultancy Pvt Ltd,3
TechGy Innovations,3
Progressive Stamping Private Limited,3
Canam Group,2
oasis infobyte,3
Gigsky,3
Rohan Builders,2
Messold Technologies,3
SMA,3
LocoNav,2
deepam hospital,3
Fine Jewellery,3
Columbia Asia Hospital,2
M.Tech India Pvt Ltd,3
Chubb,2
AWS,1
Vertonix Pvt Ltd,3
Uttara University,3
DESI-ADDA,3
Amity Electricals,3
Deccan Info Systems Pvt Ltd,3
Cloudfactory,2
Afro International Pvt Ltd,3
Lipidata Systems,3
Yupptv,2
CodeArray,3
Designers' Consortium,3
naresh constructions,3
Hackerrank,1
CuriousJr,3
Technifab Engineering,3
Clicklabs,3
Zonta Infratech,3
Relfor Labs,3
Torrecid India Private Limited,3
RCI- DRDO - Ministry Of Defence,1
Ruby Hall Clinic,3
Cbirt,3
Aarms Value Chain Pvt Ltd,3
Bell Helicopter,2
Prince Mohammed Fahd University,3
The Banyan,3
Central Railways,3
Govt Dental Hospital,3
TechRacer,3
Vtitan Corp Pvt Ltd,3
CRK Gida Technologies,3
Smartknower,3
Kaustubh Const Pvt Ltd,3
Light and Craft technologies pvt Ltd,3
Acroknack Pvt Limited,3
Qikwell Technologies Pvt Ltd,3
Vizag Steel Plant,3
Limetray,3
Sterlite Technologies Ltd,2
IMC Ltd,3
IIT BHU,3
Lion Circuits,3
SONO X IMAGING SERVICES,3
USLABS,3
Cognam technologies,3
AIESEC Malaysia,3
Shopmatic LLC,3
A B See Brand Advisory,3
Ramanani And Associates,3
MastechInfotrellis,3
It Firm,3
Aptiv Components,2
Candidroot Solutions Pvt Ltd,3
Danske IT,2
Sageable Technologies,3
G. K. services,3
Private Coaching,3
Finnact Technology pvt ltd,3
Persona3,3
Valued Epistemics,3
Zifo RnD Solutions,2
Extreme Networks,2
Divum Private Ltd,3
Botanic Healthcare,3
Juniper Engineering Services,2
Bytesbizz technology,3
Flextronics Technologies (India) Pvt Ltd,2
AB InBev India,2
Cognius.AI,3
"DMC, Hyderabad",3
ENVOI,3
Transformers And Rectifiers India Limited,3
Smarttruckz,3
Shukra,3
AirAsia,2
Switchme Technologies And Services,3
Career Point Pvt. Ltd.,3
Manjula Global Construction,3
Wxyz,3
Aurobindo Pharma Ltd,2
Cloudnix Software Labs Pvt Ltd,3
IT Company,3
Logicfruit Technology,3
Bytedance,1
Codenow,3
Indian Pens & Stationeries,3
CoConnexion,3
Healthcare,3
Qainfotech,3
Barclays,2
Oersted Auto Private Limited,3
Pegasystems Worldwide India Pvt Ltd,2
Idfy,3
Subros,3
Prolanceer,3
Navkar Plastipack Pvt ltd,3
Dentweb,3
Wellsprings,3
Techzilla India Infotech,3
Inf,3
A2 Innovatives,3
Skilltree,3
Goomo,3
5x data,3
MIT Academy Of Engineering,3
P G Patki,3
Shamal Azzour,2
"Central Agricultural University, Imphal, College Of Fisheries",3
Cyberaegis IT Solutions Pvt Ltd,3
danieli india ltd,2
Oracle-Health,1
Eatlex.Com Online Food Delivery Services In Nanded,3
PCT Pvt Ltd,3
Aircel,2
jams wealth,3
Pramuk healthcare,3
Infotechsolz,3
Digital Indian,3
"CRSST, PES University",3
Xeggo,3
Pavani Group Of Companies,3
Dynamic Portal,3
Adityaraj Builders,3
Prasol Chemical Pvt. Ltd.,3
V4WEB,3
Quest,2
Nikulsan Pvt Ltd,3
Honeywell Automation India Ltd,2
Pole To Win International Pvt LTD,2
golden hills capital india,3
Bohr Technology Inc,3
Signer Tech Pvt Ltd,3
Mansa Automation,3
Snk,2
Electronic Corporation Of India Limited,2
Thoughtspot Inc,1
OCEAN TRANSWORLD LOGISTIC PVT LTD,3
Beautdor,3
Collab Solutions Pvt Ltd,3
CIES,3
docu3C,3
Uniris,3
BizAcuity Solutions,3
Socview,3
NBCC,2
MERO,3
Technical School,3
Antuit,2
Ottoulrik Tech Pvt. Ltd.,3
Centre For Computational Technologies,3
A Square Innovations,3
Nielson,2
"Monotype Solutions, Noida",2
Stellar Value Chain Pvt Ltd,3
Igarashi Motors India Limited,2
Peace Infotech,3
Adani Total Gas,2
Saggezza,3
9 Business India Private Limited,3
Vibencode,3
National Remote Sensing Center,1
CivicDataLab,3
Crytonix Solutions,3
Veracitiz Solutions Pvt Ltd,3
SaaS,3
Arknine Technologies Pvt Ltd,3
Hasura,1
Metagogy Learning Systems,3
Goods and Services Tax Network,2
Alphonso Globat Solutions,3
The Verticals,3
Allegis Group,2
Kaaye Technology LTD,3
Tech Manos,3
TechVibrant,3
Uniqus Consultech,3
Venkataramanan Associates,3
PepsiCo India,2
Agility,2
Streamlyne,3
Tessolve Semiconductor Pvt LTD,2
Metdine,3
intellify Solutions,3
Signify Innovations,2
Pantech ProEd Pvt.Ltd,3
1234,3
JS Water Energy Life Co Pvt Ltd,3
Dolphin Foods India Limited,3
Viasat Inc,2
Lanware Solutions,3
iQGateway,3
Tvast IT Solutions,3
Crest Infosystems Pvt. Ltd.,3
Vrunda Energy Solutions,3
Infocusp Innovations Pvt Ltd,3
Market Data Forecast,3
Benzsal Corporation,3
Iwi,3
Insurdata,1
ConnectedH,1
Primary Health Centre Ejigbo,3
Local Farms & Co.,3
Criotam Technologies,3
Klearai,3
Centilytics,3
innova Solutions Pvt Ltd,3
Chemionix e-Solutions,3
TIME Bangalore,3
Opsveda,3
accolite digital,2
Sunil Industries,3
objectedge inc,3
Shubham Extrusion,3
YAAANA,3
Onivart Design Studio,3
Wydr,3
Takvavita Analytics Pvt Ltd,3
MANAC info tech,3
Skoda Auto India Pvt Ltd,2
Techracers,3
Emilda Solutions,3
ShriRam Sahkari Sugar Factory,3
KAKINADA SEA PORT,3
Oxeye,3
BlobDesign,3
ancons international LLC.,3
Jindal Itf Ltd,3
"CVRDE, DRDO",1
Elixia Tech,3
G9projects,3
Business Artificial Intelligence Machine,3
DriveU - Humble Mobile Solutions Pvt LTD,3
Boston Consultancy Group,1
Arion Online Pvt Ltd,3
Finmitra,3
H-Bots,3
PNB MetLife,2
Lupin Ltd.,2
Alaf LTD,3
Engineering College,3
Performics.Convonix,2
Karbonn Mobiles,3
Infobite Technology,3
Capital Float,2
BizSecureLab Pvt Ltd,3
Genvio Pharma Limited,3
Equal Experts India Pvt. Ltd.,2
hilabs,3
Tick Tech IT Solutions,3
Technomech International,3
TOX Pressotechnik India,3
Assistant sales manager,3
Banyan Tree Software Solutions,3
Simeio Solutions,3
JoStick Adhesive Private Limited,3
Metropolis Healthcare Limited,3
H@ckedemist,3
Lucid Software Limited,1
HPCL,2
Segritech,3
RIPO,3
India Youth. Info,3
Sprhava,3
VMS consultants,3
A M Solutions & Projects llp,3
Pubmatic,2
frshr technologies,3
Jay Hari Shiv Ganga Engineering,3
Pioneer Soft,3
Columbia University,2
Invex Corporation,3
SkyIndya Technologies,3
Libratherm Instruments Pvt Ltd,3
DeltaX,3
Techbuzz workshop,3
Bubble Insurance Solutions,3
Neal Analytics,2
Towards Data Science,3
Coviam Technologies,3
Napesco,3
Br Concepts,3
Pride Drugs And Pharma,3
Keystone Data Systems Pvt Ltd,3
Deeshant Polson,3
Tiger Analytics,2
Connviva,3
Vertiv Software Lab,2
Poshmark,2
Moon Iron And Steel Company,3
EA TECHNOLOGIES FZCO,3
Saral Information Technologies Pvt Ltd,3
Kochi Port Trust,3
Infocepts Technologies,2
Prolifics,2
Novartis Pharmaceutical,2
Mphasis Private Limited,3
Tops Technology,3
Carveniche Technologies,3
Hubilo,1
Henkel Adhesive Technologies,2
Kremlin Tech,3
Vinfotech,3
NIVIDOUS SOFTWARE SOLUTIONS PRIVATE LIMITED,3
Data Resolve Technologies Pvt Ltd,3
Cadence,2
Hubino Technologies,3
UVA Institute,3
Zeus Switchgears,3
Atlas Copco,2
Mindmap Research,3
Coincent.ai with Microsoft,3
CFPL Healthcare,3
Creamcollar,3
ADRIN,2
Idealake Information Technology,3
Stridely Solutions,3
Mirraw,3
Kalki Fashion,3
Karan Constructions,3
Mechatol Solutions Pvt. Ltd.,3
Sunteck Realty,3
Balnc Care,3
Upstox,1
24*7,3
sunstone,3
Triyam Technologies,3
Mindtree,3
Ecom Express,3
Wheaton Advisors,3
CGI,2
Emug Technologies Pvt Ltd,3
InvokHR,3
JOHNSON CONTROLS INDIA ENGINEERING,2
CleanXy,3
Insititute for Industrial Interdisciplinary Research and Product Development (IIIRPD),3
Kizora,3
AlgoShack Technologies,3
Jobmosis,3
Caculo Earth Movers(JCB),3
RAZRLAB,3
Patterns7 Technologies Pvt LTD,3
IGATE,3
Sun Pharmaceutical Industries Ltd.,2
Technospirit,3
magichouz,3
M/s Yesodha Engineering Services,3
Summarize Technologies,3
"Knowledge Solutions India, Microsoft AEP",3
ProductDossier Solutions Private Limited,3
Virendra Engg Works,3
Bank Of Maharashtra,3
Webtrigon,3
IEEE Student Chapter - PESU,3
Innomet Advanced Materials,3
Gtech Enterprises,3
Scikiq,3
"Analog Devices, Inc.",2
Finwell Technologies,3
BISAG,2
Crane Process Flow Technologies,2
Genset India Pvt.Ltd,3
Markytics,3
Birlasoft,3
Hasya Software Private Limited,3
Paytm Mall,2
Maquet Medical,2
Geeta Steel,3
dB Sys Online,3
Digital Intellects,3
University of Texas at Arlington,3
L & T INFOTECH,3
InfyU Labs,3
Interspence Solutions,3
Plash Digital Labs Private Limited,3
Adaptable Services,3
NCC,2
Foodpanda,2
Godb Tech,3
No work,3
Gooffer,3
"LPSC, ISRO",1
Vasumathi Castings,3
Vivek Enterprises,3
Million minds Infotech,3
Hindustan aeronautics,2
B/S/H/,2
Accenture Technology,2
Defenson,3
Accenture Solutions,2
Tsaro Labs,3
ConforMIS,2
PRDC,3
Blue Star Limited,2
Ibm India Software Labs,2
Gilead Pharmaceuticals,2
Unnat Bharat Abhiyan,3
Cenveo Publishers Services,2
Gruh Maintenance Bill Pay Corporation,3
Indian Engineering Company,3
Shoreline Iot,3
Ogilvy,2
Invesco India Pvt Ltd,2
Blinklink Solutions,3
4 Dimensions Infotech pune,3
Aten ventures,3
Foresight Group International,2
YogiFi,3
RPG,2
"National Centre For Flexible Electronics, IIT kanpur",1
Inter University Of Astronomy And Astrophysics,1
Wellsfargo,2
QA Infotech,3
Bajaj Allianz Life Insurance,2
1Stop,3
Toppr.Com,2
Numerify,2
Unibreakers,3
ONGC,2
Techneplus Softwares Pvt. Ltd.,3
Cignex Datamatics,3
SP Robotics,3
Interconnection Systems,3
BugBusters,3
Quantiphi Analytics Solutions Pvt Ltd,2
auxilo fin serve,3
IMS,3
NIT CALICUT,1
Transport Solutions India Pvt Ltd,3
The Medicians,3
Enthralled Tech Pvt Limited,3
LTIMindtree Ltd.,2
Whizjuniors,3
Focus softnet,3
Epson India,2
Sprighub,3
CITL,3
Brahmastra Aerospace systems,3
Mandala Architects,3
Biological E Limited,2
Eduquity,3
Deloitte Support Services India private Limited,2
United Online,2
Hindustan Motors Ltd,3
appsynergies,3
Currae hospital - Patni Healthcare,3
Volkswagen Group India,2
Hellbent Software & Educational Services LLP,3
MNC,3
The National Small Industries Corporation Ltd,2
Noah Elite Pvt ltd,3
Syntel,2
compsoft,3
Zaki and Associates,3
Antariksh Logipark,3
Chronic InfrastructureS,3
Frenzi,3
hubstream,3
Shapoorji Pallonji And Company Private Limited,2
VITWIT,3
WebShar,3
Tectona Soft Solutions,3
Steel Authority Of India Ltd.,2
WeKonnect,3
Mr. Cooper,2
South Central Railways,2
Center of Integrated Circuits and Systems RVCE,3
Siemens Healthineers,2
Central Coalfields Limited,2
Symantec,2
Mas Solar,3
Dynamatic Technology Limited,2
Accenture Strategy,1
Subex Limited,2
Nisham Developers,3
Hopebox,3
Maker's Muse,3
AJ SimplyPurify Pvt Ltd,3
P.K. Enterprises,3
Tata Elxsi Limited,2
Digital Api Craft,3
Junkminds,3
BytzSoft Technologies Pvt Ltd,3
Elecro Power Engineers,3
DataArt,2
"BASF, Italia",2
Katonic AI,3
Hanon Automotive Systems,2
Raman Research Institute,1
Oxygen to Innovation,3
Rubicon Red,3
Accel Frontline,3
Rashtriya chemicals And Fertilizers,2
ESHAN IT SOLUTIONS PVT LTD,3
chennai engineering services,3
Raksha Technologies,3
Ajackus Consultancy,3
edureka,3
ZTE Telecom India Pvt Ltd,2
ESCORTS LMT,2
Akamai,1
Quadra Systems,3
Pretr Online Service Pvt.lmt,3
"Alex Ekwueme Federal University, Ndufu-Alike, Ebonyi State",3
ICEM,3
omviser,3
CubeSimple,3
LogicHive,3
Viryual Simutech Pvt Ltd,3
Cigniti Technologies,3
United Forge And Foundry,3
Infinium Solutionz Pvt LTD,3
BioSpectrum India,3
Airport Authority Of India,3
ServHub,3
Jet Airways India Limited,3
UMA control,3
iopex technology,3
Sigtuple,2
Bohiyaanam Technology,3
Florida Atlantic University,3
Stumagz,3
Hyde Park Solutions Private Limited,3
DBT ICT,3
Sri Engineering,3
National Dairy Research Institute,3
Solid state practice,3
"School Of Engineering And Applied Science, Ahmedabad University",3
VE Commercial Vehicles,2
United Technologies Corporation,2
Lister,3
AL Exports Pvt. Ltd.,3
startup,3
Delta Software Pvt Ltd,3
Aspiration,2
Inkers,3
Xoolit,3
Ministry Of Defance,3
Mroads,3
Dharmik Infra,3
unacademy,1
Collins Aerospace,2
Midinnings,3
Configit,2
mitsubishi electric india,2
Lumax Industries,2
IMI Mobile Pvt Ltd,2
Schneider Electric,2
RKC infrabuilt Pvt. Ltd.,3
MySmartPrice,2
AmritaCREATE Labs,3
Construction Company,3
"Centre For Development Of Telematics, New Delhi",1
Robosoft Systems,3
Civica Resource Pvt ltd,3
Precision Automation & Robotics India Ltd,3
Company 2,3
Tavisca Solutions Pvt. Ltd.,3
Navia Life Care,3
Accolite Labs Pvt Ltd,3
Komet,3
Phonepe Private Ltd,1
Lotte India Corporation,2
"iCAN Chapter, Chennai",3
Cloudyfox Technology,3
Entrust,2
Tamil Nadu Agricultural Institute,3
Tu Dresden,3
Msil,2
NeenOpal Intelligent Solutions,3
Dr. D.D. Giri's Clinic and Homoeopathic Consultancy,3
Software Shop,3
Vintex Fire Protection Pvt Ltd,3
honeydata,3
Indowings Pvt. Ltd.,3
TechUstaads,3
Scholarsbook,3
Delta Technology,3
FarmERP,3
Densoft Infotech Pvt Ltd,3
Metso,2
Mandapati Architects,3
AMZ Automotive,3
tech trunk ventures,3
Electrob Technologies,3
Radius,3
M/s Sai Uma Corporation,3
Century Enka Ltd.,2
Soumya Infratech,3
Invento Maker Spaces,3
Advan Engineering LLP,3
DataRPM,2
International Centre For Free And Open Source Systems,3
Techflow Engineers India Pvt. Ltd,3
Optmyzr,3
Abstract Digital World Pvt. Ltd.,3
Aakash Educational Services Pvt. Ltd.,3
SMART NODE,3
Esya Soft Technologies Pvt. Ltd.,3
Lummo,1
Sanginfo Pvt Ltd,3
Vision Mechatronics,3
ZF Steering Gear India Ltd.,2
SB Constructions,3
Alfa Laval,2
FirebirdVR,3
Pioneer Xenergy,3
Datavail,3
Sri Balaji Engineering services,3
intellectyx,3
Some Company,3
webfortis software,3
Agreem Technologies,3
Cariesco Exports,3
Hoganas India Pvt. Ltd.,2
Soliton Technologies,3
Pennar Industries Limited,3
torrent gas,2
Amrita School Of Engineering,3
Quadrical.ai,3
Movate,3
Universal Construction Machinery And Equipment Private Limited,3
Simli,3
CAD Works India PVT.LTD,3
Insignia - KJSCE,3
Fleet Management Europe Limited,3
Wiley Mthree,2
Gramworkx,3
Aeromech Engineers,3
UNIWRAP PACKAGING SOLUTIONS,3
Cognizant India Pvt Limited,2
WI GROUP PVT LTD,3
Gujarat Maritime Board,3
Ingrain,3
Mindfire Solutions,3
Gsecl,2
Maruti Suzuki India Ltd,2
KIA LUCKY MOTORS PAKISTAN,2
Asiczen Technologies,3
Sanjay Roopkishore & Co.,3
Smartconnect,3
Bld Design Studio,3
SBP Consulting Pvt Ltd,3
Samson Controls Pvt Ltd,2
Dwarpaal,3
Worley,2
capgemini Engineering,2
Lansum,3
New,3
Shakti Gear Manufacturers,3
Virtela India Pvt Ltd,2
teksol,3
Atmecs Technologies Pvt Ltd,3
clerisy solution pvt. ltd,3
Litmus7,3
Wabco India Limited,2
IOVISTA,3
TEKsystems Global Services,3
Andhra Pradesh Innovation Society (APIS),3
Mehansh software solution,3
Nokia Siemens Networks,2
Wipro Infrastructure Engineering,3
Unique Punch Systems,3
Computer Emergency Response Team,3
Enpro Industries,3
Adani,2
Life Insurance Corporation,2
Danske Bank,2
Techolution,3
Logikview Analytics,3
Webelight Solutions,3
SUMUL,3
360 Digital Printing Innovation,3
Workspace Infotech,3
skillbanc,3
Ranjit Buildcon Ltd.,3
Ti diamond chain,2
Samyag Multiplast LLP,3
Canopus Software Solutions Pvt. Ltd,3
ConnectM,3
Automation Edge,3
VentureDive,3
Industrial Technologies,3
Megha Engineering And Infrastructure Limited,2
Temenos India Pvt.ltd,2
Nutanix,1
Advanced Polymers Private Limited,3
Cintana Technologies,3
Tata Digital Health,2
Eclerx Services,3
iRunway India Pvt. Ltd.,3
igrenEnergi,3
Delphi,2
Hindustan Petroleum Corporation Ltd.,2
Business Web Solutions,3
Arcturus Infotech,3
Algoscale,3
Kernel Insights,3
Neo-Modern Architects,3
Continental AG,2
Hirevalley,3
Payu India,1
Anomaly Solutions,3
Xiaomi,2
Codingmart,3
Tripeur,3
The Energy And Resource Institute,2
Kota Super Thermal Power Station,2
Corbinsoft,3
Venuemonk,3
National Agency For Food And Drug Administration,2
i3 Indya Technologies,3
Ak Capital Finance Limited,2
trail blazers,3
Matic,2
Safehalo,3
Digitech Indian,3
Arizona State University,2
Indian School Of Business,2
Mangalore Chemicals & FERTILIZERS,2
Story Digital,3
Rockbridge Construction Company,3
Zinnov Management,2
Innovarch Architects,3
Nitin Industries,3
Riidl,3
BDL,2
Smart IOPS,3
DISP,3
KIOT,3
Yallas technology solutions,3
Learning Destiny Private Limited,3
The Kerala Minerals and Metals Limited,2
Scholarship track,3
Sandvik Asia,2
Center for Airborne Systems,1
Digital AI Technologies,3
Rocket Chat,2
CMS IT,3
Rajveer Solutions Pvt Ltd,3
HBL Power Systems Ltd,2
The Hartford,2
Ernest and Young,2
Openplay Technologies Pvt Ltd,3
Edurific,3
cannot verify my phone plz add me on WhatsApp +8618369287028,3
Krishna Enterprises,3
HSBC Technology India,2
Maruti Suzuki Comet Motors - Vyara,3
Krushi infras india  Pvt Ltd,3
Nichebit,3
Ubona Technologies,3
Western Digital,2
VMA Global Solutions,3
DreamAspectSoftware,3
Tata Cummins,2
Sulekha,3
No Job,3
"Everlytics Data Science, India",3
Sandeepani School Of Embedded System Design,3
Rupeek Fintech Private Limited,3
ThinkAnalytics India Pvt. Ltd,2
Riddhim Siddhim Steels Pvt. Ltd.,3
Vizury Interactive Solutions,3
GyanAngels,3
Java Motorcycles,3
SRIET Industries,3
Anvipro It Solutions,3
Association Of Billion Minds,3
VR Careerz,3
CSol Technologies,3
Teach For India,3
Celigo,2
Happy N Content,3
TANEJA AEROSPACE AND AVIATION PVT LTD,3
Bank Of Baroda,2
Brands.Live,3
Vascon Engineers Limited,3
Saint Louis University,3
SoGoSurvey,3
MISR Lab,3
Narola Infotech,3
BASF India Ltd .,2
Lapp India,2
Pharma Access,3
Appin Technology Labs,3
Ecolab,2
Goebazar Retails Private Limited,3
Shriram Axial Pvt. Ltd.,3
ARK Enterprises,3
Soft.Com,3
Katira Construction Company,3
A-Square Innovatives,3
Binary Numbers,3
Mehrotra Biotech,3
MagikMinds,3
Health Tap,3
IARE,3
North Eastern Space Applications Center,1
"NITS, MIRZA",3
Talenthome Solutions,3
Hiveminds Innovative Market Solutions,3
eureka industrial equipments pvt ltd,3
Majestic Engineering,3
Ifanow Futurewise Technologies,3
Société Générale Global Solutions Limited,2
Danaher Corporation,2
Lendingkart,1
QuanTech Origin,3
Electrotek,3
indrones,3
The StreetStyleStore,3
Parkzap Labs,3
Cybercycloid,3
sinzo,3
Royal American Construction,3
University Of Nevada Las Vegas,3
aryan automation,3
"Willings, Inc",3
Medyug Technologies,3
ANB Systems,3
SPA Delhi,3
Mahindra Rise,2
GMR Infrastructure Ltd.,2
Tevuen Company Limited,3
Jyoti Associate,3
Smartstream Technology,3
Econ,3
n-GEn Automation,3
Dominix,3
Kony India Pvt Ltd,2
ZS As,2
Elster-Instroments pvt ltd,2
Imech Labs,3
Synapsenet Systems Private Limited,3
Mawai Infotect Ltd,3
Indian Institute of Information technology Vadodara,3
Enerzinx,3
Lloyds Engineering Corporation Pvt. Ltd.,3
SugarLabs,3
Digimation,3
None,3
The Sparks Foundation,3
Okay Industries,3
Dailybrief,3
Kirloskar Toyota Textile Machinery Pvt LTD,2
A.N Builders and Developers,3
A Marketing Agency,3
"Government Of Gujarat, India",3
Senpro Technologies,3
Makkajai Edu Tech Pvt Ltd,3
Rane Brake Linings Ltd,2
SoluLab Inc.,3
Fenesta Windows,3
Manpro Equipments Private Limited,3
Pepperfry,3
National Reconstruction Authority,3
SAS Automation Pvt. Ltd.,3
"EERC, IIIT Hyderabad",1
Anna University,3
Nova agri tech,3
wall street oasis,3
DigiLateral,3
Purplle.com,1
Techmicra IT Solutions,3
Development Consultant Private Limited,3
RADIENCE EDUTECH,3
TalentServ,3
Decimal Point Analytics,2
GE Healthcare,2
Deltecs Infotech,3
Corporate Infocom Private Limited,3
Aglocom,3
Kaggle,1
Aviso Inc.,3
VLSIUVM TECHNOLOGIES (OPC) PRIVATE LIMITED,3
YBI FOUNDATION,3
...,3
Shunya OS,3
Adig-net Systems Pvt Ltd,3
Datasigns Technologies,3
Cognic System,3
Vehant Technologies Pvt LTD,3
Infocept,3
"athabasca University, Edmonton",3
HCG Cancer centre,3
Rentbaaz,3
Speedlabs,3
Indian Institute Of Technology Ropar,1
Sutherland global services Pvt ltd,3
paddling foundation,3
Vitesco Technologies,2
BucksB,3
Vionn Technologies,3
DSPM KORBA,3
Innvectra Info Solutions,3
Tribal Ace Pvt. Ltd.,3
Natwest Group,2
Excitel - Lucknow,3
Sponsdo Technologies Private Limited,3
Quascenta Pte. Ltd.,3
vervesquare technologies,3
DJ Alexander,3
Rajguru International,3
Blueberry Semiconductors,3
Adarsh Dye Chem Pharma Unit-1,3
Reliance Industries Limited,2
Positka,3
Matrix CAD Academy,3
Runshaw Technologies,3
Espic Consulting,3
indium software,3
"Tech Smart Systems, Pune",3
Chegg India,2
MSN Laboratories Pvt Ltd.,2
Raybaby,3
Thoughtworks,2
Ctci Corporation,2
RoofandFloor,3
RMSI,2
Techiebutler,3
Tata Motors Ltd.,2
Dover India Innovation Center,2
Technovert,3
Tantragyaan Solutions,3
Swati Moulds and Dies,3
ad2pro media solutions,3
Ventuno Technologies`,3
Dapplogix Software Private ltd,3
Krishna Infrastructure,3
Inzuquimica,3
Interstellar Consulting,3
App Orchid India Pvt. Ltd.,3
Yasho Chemicals,3
Clean Harbors,2
Allegion,2
Searce,2
K. N. Vasu & Sons,3
Macromill Research India LLP,2
"Chef Middle East, Dubai",3
Truckporter,3
Sri Sai Tirumala Constructions Pvt Ltd,3
Novelis,2
APMT MUMBAI TERMINALS,2
MathWorks,1
Axis Technolabs Pvt Ltd,3
Creations Engineers Pvt Ltd,3
Sinew Techno Industry,3
aaaa,3
The British Institutes,3
Bhagat Impex,3
Apro Greentech,3
Alliant Infotech Ltd,3
Rain jobs,3
CRIME FREE BHARAT,3
Realtors Private Limited,3
Navayuga Spatial,2
Den Network,2
Verity Knowledge Solutions,2
Wavelabs,3
Module143. com,3
Bunkerfit,3
Freespace,3
reezanorp it services (opc) pvt.ltd,3
Hindustan Coca-cola Beverages Private Limited,2
Yali.ai,3
Kirloskar Oil Engines Ltd,2
sparsh children hospital,3
Aim Advertising,3
Hyderabad City Police,3
Popvue,3
Amazon Web Services,1
Leons Digital Technologies,3
Amazon Internet Services Private Limited,1
Orgro Energy - The Renewable Energy Company,3
Icomm Tele Limited,3
Go Digital Technology Consulting,3
8848 Digital,3
Pollinate Energy,3
Dental Clinic,3
Branch International,2
Jamna Auto Industries Ltd.,2
Indian Academy Of Science,3
Drona aviation Pvt. Ltd.,3
Gear,3
Nira Finance,3
Luceats,3
Ilensys Technologies Pvt Ltd,3
Theia Solar Systems,3
Clarity,3
Cmate Web Solutions,3
Web mind Solutions,3
Aeron Systems Pvt. Ltd.,2
Larsen & Toubro Ltd.,2
Lear Automotive India Ptv Ltd,2
Aptech,3
EOLStocks,3
OTSI,3
Technowrites Pvt Ltd,3
Revolo Info Tech,3
Kaar Technologies,2
LTI,2
hackersdaddy,3
Edgate Technologies Pvt Ltd,3
Tssgh,3
abgf,3
UKBIT Solutions,3
Rista Mobility,3
Alembic pharmaceutical,2
Whiteknife,3
sneha electrical group,3
Xcaliber Infotech,3
Prysm Displays,2
Data,3
InTouchApp,3
CrawlMyBiz Web Solutions,3
Manali E-business Pvt Ltd.,3
Milan Laboratories Pvt Ltd,3
Amines And Plasticizers Ltd,2
TechAsia Mechatronics LTD,3
Tekie,3
My study buddy,3
Central Mines Planning & Design Institute Ltd.,2
Mizuho Global services private limited,2
Seagate Technology HDD India,2
Cummins Technologies India Limited Pune,2
Cvent,2
Designit Wipro,2
E14 Technologies Pvt. Ltd,3
"ACIPL, Thane",3
Ajna.AI,3
Godavari Agro,3
turabit solutions,3
SEMLeap Digital Media Pvt Ltd,3
Envestnet Yodlee,2
Vijra Technologies,3
Papa.fit,3
Azcom Technology,3
Architect Hafeez Contractor,2
Bio Tech Services,3
Engineers India Limited,2
Atharva Automations,3
ICICI Lombard General Insurance Corporation,2
Meg-o-engineers,3
Quantile Analytics Pvt. Ltd.,3
e-Pragati,3
Kataria Automobile,3
Gandhi Automations Pvt. Ltd.,3
Saint Joseph's College Orba.,3
Wurth IT India,2
Internshipstudio,3
MT Educare Pvt. Ltd,3
Dpr Capital Advisors,3
Omkar Electronics,3
HINDUSTAN LIFE CARE LTD.,3
Arctern consultant pvt ltd,3
HPE,2
Be-A-Nerd Club,3
Vastushilpalaya Consultancy Pvt. Ltd.,3
Quicken,2
Shree Adisoft Technology Pvt. Ltd.,3
Osmania University,3
Parkway,3
gridle,3
Andhra Sintex Private Limited,3
yellow ai,1
"National Institute Of Biologicals, Noida",1
Pacific Granites Ind Pvt Ltd,3
National Informatics Center,1
Teal Labs,3
vishumangal Technologies private limited,3
Thakur College of Engineering and Technology,3
Finware Technologies,3
Metapix,3
Mealawe,3
Kustard Technologies LLP,3
Supermakfoils PVT LTD,3
Proyozone Labs,3
Profile Data Center Solutions Pvt. Ltd.,3
The Climber,3
Design Academy,3
Singereni Collieries Company Limited,2
Srashtasoft,3
L & T,2
Edge biochemicals,3
Willis Towers Watson,2
indot,3
SPM Design,3
Adutech,3
Jcb India,2
Indian national youth foundation,3
project competition at mastek,3
Accolite Software,3
SnuckWorks Platforms,3
Searce Inc,2
Madras architecture studio,3
Sana Plastic Industries,3
Selec Controls Pvt Ltd,3
Smart Sampark,3
An NGO,3
LightSpeed Mobility,3
Chetan Engineers,3
Maharaja Agrasen Public School,3
Mahisa Packaging Systems LLP,3
Fixto Fixtures And Tooling,3
zeronsec,3
Saligram,3
Shraddha Auto Consultancy,3
LA E Gamers,3
Gridscape Solutions,3
meaww,3
Yuva Unstoppable,3
Naina Power Pvt Ltd,3
WeAsssemble,3
Tanish Infotech,3
Amrita super specialty clinic,3
Veritas Technologies LLC,2
Zenhotline,3
Aktrix Technologies Pvt. Ltd.,3
InfoLabz,3
Oye busy Technologies,3
Pusham Computers & Software Pvt Ltd,3
Tata Teleservices Limited,2
Moog Inc.,2
AIESEC Iran,3
Inube Solutions Pvt LTD,3
Shree Shyam Super Bazaar,3
Magnetic Particles Technologies LLP,3
Impact Infotech,3
In2things Automation Pvt. Ltd.,3
Nebulas Automation Pvt Ltd,3
Bright Money,2
Aeronautical Development Establishment,1
American International University-Bangladesh,3
MIT WPU,3
Marathon Realty,3
Standard Plastic,3
Merkle Sokrati,2
Ecole Centrale De Lyon,3
Deeplearning.ai,2
BrickView Studios,3
CEPTES,3
sleek international,3
Turbizo,3
indira gandhi centre for atomic research,1
SG Aerospace,3
ITC Ltd,2
Brahmworks,3
Diet On Click,3
Reliance Jio Infocomm Limited,2
Xgro Technologies,3
McKesson,2
Texas Instruments University Program,2
CA Technologies India,2
Ecofrost Technologies,3
Sidhhi groups,3
PMT,3
Medfin,3
Kwality Photonics,3
Chatur Ideas,3
IIT Delhi,1
Adani Electricity,2
Softtek India pvt lmt,3
Eurofins,2
Vihav group of constructions,3
STPL - SRM Techsol Pvt Ltd,3
Nvg Associates,3
Research Centre Of Imaraat,3
IP Infusion,2
Sani Solar,3
Sansera Engineering Ltd,2
CHTC,3
Erudex India PVT LTD,3
Creative Valuers And Engineers,3
100xstartup,3
CommerceIQ,1
Knoah Solutions Pvt. Ltd.,3
Oloop Technology Solutions,3
ADVA Optical Networks,2
Gomechanic,3
Accelya Consultancy Pvt. Ltd,3
Om Associates,3
Sasspal Tech,3
Absentia VR,3
Valuedge Solutions,3
Flairsoft Consulting Group,3
Mouser Electronics,2
Raincloud Digital,3
Danone,2
pepper square,3
Johnson Controls India Pvt. Ltd.,2
RoadMetrics,3
The Data Team,3
Global Enterprises,3
Tesco,2
Mercury,3
Spark International Private Limited,3
Mastersoft ERP,3
Distinctive Technologies Pvt Ltd,3
Shri Lakshmi Narayan Industries Pvt Ltd,3
Central Diesel Locomotives,3
Anna Drone,3
Cipla,2
Dharmanand Projects pvt ltd,3
kodem legal technology,3
DRK Test Solutions LLP,3
NOCIL,2
Prosares,3
LAUTECH,3
Chandigarh Administration,3
Ministry Of Communication And Information Technology,3
Apollo Gaskets & Engg.,3
Valuecom INFOSOLUTIONS,3
ConceptServe Technologies,3
Mehk Chemicals Pvt Ltd,3
Rayna Tours Pvt Ltd,3
Miracle Software Systems,3
Sitel,3
Hexagon Capability Center India,2
Infibeam Inc Ltd,2
jay ambe engineering works,3
Indian Tobacco Company,2
Spoton Logistics,3
Descon Engineering Qatar Llc,2
Hindusthan Shipyard Limited,2
Sri Kramah Organics,3
UNO IS&T Attic Lab,3
suntist,3
Vista Rooms,3
Nippon Data,3
Headstart,3
Vastu Shilp Consultants- Sangath,3
Institute of Molecular and Cell Biology,3
nexLOOP,3
The Upside Story,3
PrepBytes,3
Solutions Analysts,3
RoboVR,3
Qube Cinema Technologies,2
Wipro Ltd.,3
Aditya Birla Chemicals Grasim,2
Dharmsinh Desai University,3
Xoriant Solutions,3
Finflock Systems,3
Blackcurrant Apps,3
Bhakti Builders And Developers,3
Mindtree Ltd,3
Safran Aerospace,2
Amazon Development Centre (India) Private Limited,1
Areteans,3
Albetrios,3
EUPHOTIC LABS,3
CenturyLink,2
Evive Software Analytics,3
Svakarma FINANCE,3
Central Water & Power Research Station,2
GreyB Research Pvt Ltd,3
HighRadius,1
Verizon Data Services INDIA,2
Apex Tool Tech,3
Narayana Health,2
Illenium AI,3
Avenues Payments Pvt. Ltd,2
Malar Electronics Private Limited,3
Indian Institute Of Science Education And Research Pune,2
Adrosonic IT CONSULTANCY SERVICES,3
Tanahu Hydropower,3
ATC Tires Pvt. Ltd.,3
Varroc Engineering Limited,2
Nippo Batteries,2
Stevens Institute Of Tech,2
Emerson Virgo Valves and Controls Pvt Ltd,2
CCD Technical Solutions Ltd,3
Laxmi Civil Engineering Service,3
reelkart,3
Cell propulsion,3
Citi,2
General Electric,2
Voltas Limited,2
Cybermotions,3
Prudential,2
Cognizant Technology Services,3
Aircon Engineers,3
Spinta Global Accelerator,3
Iksula Services Pvt.Ltd.,3
Verzeo EduTech Pvt Ltd,3
Grow By Data,3
The Sustainability Mafia,3
Trans Infra & Logistics Pvt Ltd,3
Jalil Sheikh Consultants,3
indo American Hybrid Seeds,3
"SDC, KJSIEIT",3
Excers,3
University of South Carolina,2
Engineering Connect,3
esmob technologies pvt ltd,3
Virtuos Solutions,3
Quantiphi Analytics,2
Blowhorn,3
Vats Filteration Technologies,3
Neara Energy Private Limited,3
ezDI,3
Bionome,3
Creators Touch,3
Rasane Engineers & Contractors Pvt. Ltd.,3
s h info sol,3
University Of Sherbrooke,3
Areksoft Technologies,3
"Rang InfoTech, Surat",3
Robert Bosch Engineering And Business Solutions,2
Krista Software,2
Studio Chintala,3
Reserve Bank Information Technology,2
Neeti Solutions,3
aviyaan Consulting,3
Moneyview,2
Brandhunters,3
Shreeji Developers,3
Azure Skynet,3
sri sai lakshmi construction and co,3
ShopG,3
Astra Flavours and Fragrances Pvt. Ltd.,3
IndikaAI,3
TVS Sundaram Clayton,2
India Japan Lightning Pvt Ltd,3
Letoile Systems,3
8KMiles,3
Sensegrass,3
CPAG Graphology LLP,3
Arviti Infotech,3
Dhiraj Agro,3
Dataflair,3
Shamgar Careers,3
MyBox Technology pvt ltd,3
DMRC,2
Grad Dreams Pvt. ltd.,3
RS Labs,3
Bsnl Earth Station,2
uTest,2
Infoview Technology Limited,3
Master Control Facility,1
AUTODESK,2
Shell India Markets Private Limited,2
Haldirams Food International.Pvt.Ltd.,2
Hexon Instruments,3
Yousoftech,3
Rypto Energy,3
Piramal Foundation,2
SwiftPrep,3
Ixia Technologies Pvt. Ltd.,2
Honda Motorcycle Scooter india Pvt Ltd,2
Metro-nom,3
SS Kothari Mehta & Co.,3
Finlatics,3
Khethworks Pvt. Ltd.,3
Humble Code,3
Konica Minolta,2
SRM FILMS,3
Geny Medium,3
Quess Corp Ltd,2
Bharat Dynamics Limited,2
Intis Auctions Pvt Ltd,3
Kfx Circuits And Systems Pvt Ltd,3
Risemetric LLP,3
zevvo,3
Valuence Technologies Japan,3
Nuziveedu Seeds Pvt. Ltd.,2
Mahindra & Mahindra,2
SimplyPhi Solutions Pvt.Ltd.,3
Elias Engineering Work,3
Indian Institute Of Science Bangalore,1
Gamenous,3
Remedico,3
Kissht,2
Alstom Transports India Limited,2
Innoprime Technologies,3
LogiXair,3
Protel,3
The Beast Apps India Pvt Ltd,3
kore.ai,1
Symkraft Systems,3
NFC Solutions,3
Global Market Insights Research Pvt Ltd,3
Hindustan Zinc Limited,2
Omfurn,3
Xenstack,3
Tibco Software India Private Limited,2
Skarma,3
IBSL-IT,3
Prama Instruments Pvt Ltd,3
NowFloats Technologies,2
Tenetcomputer and communication private limited,3
Vision Engineers,3
Rabbit and Tortoise Technology Solutions Ltd.,3
Mactores,3
ClearSpot.ai,3
Infogain Pvt Ltd,2
IESL pvt ltd,3
Nus,3
Avtec Limited,2
Qulp,3
GahanAI,3
Axiomio,3
Quinnox,3
Sparkynode Analytics,3
Samsung Semiconductor Research India,1
extech global,3
Tudip Technologies,3
Jolte Patil,3
Mckinsey,1
kept bug technologies,3
Moschip Semiconductor,3
Gravity iLabs,3
Sorceo Technologies Pvt Ltd,3
Nvest Campus Pvt Ltd,3
Cognida.ai,3
Irobokid,3
FoggyAI,3
CNBC-TV18,2
Rajasthan Housing Board,3
Diamond Engineering,3
VITc Formula Electric,3
Mutual Industries,3
Innovians Technology,3
Merchant Navy,3
Ebix India Private Limited,2
Intelliswift Software,3
Jetbro,3
Construction Chemical Specialty,3
Unilever,2
C3i,2
Icipl,3
Rane Madras,2
L M,3
Wichita State University,3
Stanford University,1
"GMR, Delhi International Airport Limited",2
Volvo Bus,2
Egregore Labs,3
LevelUP,3
Nair Hospital Dental College,3
Lucid Imaging Pvt Ltd,3
I-Ray Solutions,3
Jabsz Gaming Studios,3
WADWearable Assistive Devices,3
Kennametal India Ltd,2
Jocil Ltd.,3
Avaya Private Limited,2
Parikshit Dalal Design + Architecture,3
ICICI Prudential Life Insurance,2
Vijay Enterprises,3
Deepthought edu tech,3
Excelra Knowledge Solution,3
JBF (Just Be Friendly),3
Dodia Multifab Specialities,3
"Center for Information Security, Forensics and Cyber Resilience",3
Fabulous Engineering Company,3
Convasys Technologies Pvt Ltd,3
Bharat Electronics Limited,2
Form Architecture Studio,3
Start Up,3
stellar value chain,3
Comau India Pvt. Ltd.,2
SK Robotics LLP,3
Cognifyz technologies,3
TalentServe,3
Quickwork Technologies Private Limited,3
R&Sport Development,3
CMI FPE LTD,2
Trolex Indiav Pvt Ltd,3
Adrin ISRO,1
Xoriant Ltd,3
Shreemeera Electronic Services Pvt Ltd,3
N/a,3
Electrophile,3
Nagarjun Construction,3
Blocklogy Edutech,3
PEaaS Software LLP,3
Tata Hitachi Construction Machinery,2
Wiksate,3
Smart Interviews,3
Aadi Enterprises,3
Ptw,3
Tata consulting engineers limited,2
Supercut Engineering Works,3
Suvidya Institute Of Technology,3
Siddhi Constructions,3
BCS Technology,3
Yojna Technosoft Pvt. Ltd,3
PMX,3
GetBoarded,3
AIMS technologies,3
Fictiv,1
Montronics Electronics pvt ltd,3
Fractal Systems,3
DeGS,3
Voola Software Solutions,3
Banijay Asia,2
Makino India Pvt Ltd,2
itor,3
Pneucon Valves,3
Acadview,3
U R Rao Satellite Center,1
Eduvance,3
Viacom18,2
IHS Markit,2
TCG LifeSciences,2
Jadhao Gears Pvt Ltd,3
Cybernetik Technologies Pvt Ltd,3
Anulom Technologies,3
Solbots Technologies,3
Arka Energy,3
Wepower,3
Emmvee,2
Ethical Edufabrica Pvt.Ltd,3
AIESEC India,3
Serum Institute Of India Pvt Ltd,2
Bank,3
Miven MAYFRAN,3
Intel,1
Lexmark Inc.,2
Elecon,2
Ground Work Architecture,3
Wipro Ge Healthcare,2
GLG,2
Kore Digital Private Ltd,3
"Chamber of Harisreedhar, Senior Advocate at Telangana High Court",3
Agnitio Education Systems India Pvt. Ltd.,3
Shyena Solutions,3
Fisec Global,3
Hubilo Softech Private Limited,2
3D Engineering Consultancy,3
Cadvision Engineers Private Limited,3
Lucien Solutions,3
Capternal Systems,3
National Textile Corporation Ltd,2
Aprobuild Architects,3
Hi Tech Dies And Tools,3
USHA International,2
Sparkout Tech Solutions,3
SimpleCoding,3
Rishabh Rotary Dies,3
Elitetechnogroups,3
Garve Developers,3
black march studios,3
G P Associates,3
DiFACTO Robotics,2
Secuark,3
KJ Somaiya College of Engineering,3
Tolaram,2
Rivach,3
Naini Group Of Industries,2
Firstep.In,3
Reliance Industries,2
Cosmos Consulting Engineers,3
Bharat Benz,2
Students' Council KJSIEIT,3
HT Labs,3
Orange Business Services,2
"Sans Architects, Pune",3
psi,3
Secure Meters Ltd,3
FieldGlobal Market research,3
Wooterra,3
juggle enterprise,3
Exicom Power Solutions,3
Civic Infotech,3
Boeing,2
Rxlogix Corporation,3
Autoninja,3
L&T Technology Services Ltd,3
buddica,3
Accenture japan,2
BND,3
Like My Styles,3
TechnoCon Industries,3
Tata Boeing Aerospace Ltd,2
Steinnlabs,3
Bsnl Rttc,3
BuildTrack Automation,3
Hackveda,3
Ivoyant LLC,3
Feedspot,3
Go4Web Technologies,3
Xilinx Inc.,2
Gayatri Constructions,3
Sharda University greater,3
Harkesh Rubber LLP,3
A-1 Fencing PVT LTD,3
"Software Development Center, Manipal University Jaipur",3
IAESTE,3
Coda Global,3
HW Saver LLP,3
the grey planet,3
Mahindra Logistics Limited,2
Hobnob,3
M/s Jain's Packaging and Solutions,3
Maruti Suzuki India Ltd.,2
Sthapati Architects,3
Zifilink,3
Citrus Payments,2
IIIT Delhi,3
Lufthansa technik services,2
Rheaa Civitech Pvt Ltd,3
Aquacare Solution Enviro Engineers,3
Oppo R&D Centre,1
Jicamarca Radio Observatory,1
Marzii,3
Make My Trip,2
Cleo,2
Planys Technologies,3
"Trivia Softwares, Mumbai",3
picwa,3
Varistor Technologies,3
Bir hospital,3
Primus Global Technologies,3
atelia software,3
Hansa Customer Equity Pvt LTD,2
Athenahealth Technologt Pvt Ltd,2
NewAgeIT,3
Unikove Technologies,3
chips,3
Pragati Electrocom Pvt Ltd,3
OLA Electric Technologies Pvt. Ltd.,1
Product Foundry,3
Dfitlab,3
Adani Ports And Special Economic Zone Ltd.,2
Mistrial solutions,3
MMM Hospital,3
Real Time Solution,3
Simeio Solution,2
A5E Consulting Pvt Ltd,3
Thangavelu Builders,3
Kreatio,3
Cellcom Teleservices Pvt. Ltd.,3
Veena Developers,3
Infoedge,2
Mongia steel pvt ltd,3
Sys Two,3
Rigtech,3
MetricStream,2
Bank Of New York Mellon,2
I-Exceed,3
BCITS Pvt Ltd,3
Softuvista,3
hiranya pathaye technologies pvt limited,3
Beyondscale solution Pvt. LTD,3
Chipedge Technologies Pvt Ltd,3
Leonis Consultancies,3
Pragstack,3
Lucideus,2
"Hp, Inc",2
Probyto,3
Thakkar Associates,3
"Dell Technologies, Bangalore",2
Clear Exam,3
Don't Memorise,3
TVS Motor Company,2
Andrew Yule,2
Gamma Rotors,3
LVPEI Center for Innovation,3
Mable,3
Barclays Technology Center India,2
Parmar Brothers,3
Embibe Indiavidual Learning,2
Pavan Fabs,3
Manleo Designs,3
Kalp Technologies,3
Umasree Texplast Pvt. Ltd.,3
Jk Tyres,2
Inversion Consultancy LLP,3
Dataphi Labs,3
32 mins Digital Consultancy Services,3
L&T ltd,2
The University of Alabama,3
Gromor Finance,3
Ims Health,2
Infotech Academy,3
Yield Invest,3
Misplaced Minds,3
techaspect,3
Nepal Digital System,3
Kasakai Mumbai,3
Bits Hyderabad,3
Om Engineering Works,3
Black N' White Legal Journal,3
Syed Coaching,3
National Centre For Performing Arts,3
DXC Technology,2
Alembic Ltd,2
Geneiobits,3
HTC GLOBAL SERVICE,2
DYP Infraprojects Pvt Ltd,3
unikul solutions,3
Q2 Software Inc,2
Inncrewin Technologies,3
App Lab Technogies,3
IIT Bombay,3
Shopclues,2
Embee Group,3
Marsh McLennan Companies,2
"Vansh enterprise, vadodara, Gujarat",3
Inventonus,3
GlobalLogic Technologies Private Ltd.,3
IRD Mechanalysis Limited,3
"Government dental hospital, Hyderabad",3
Brownstone Foundations Pvt Ltd,3
Microfilt India Pvt. Ltd.,3
Tabner,3
Capella infotech solutions,3
Power Holding Company Of Nigeria,3
Cogoport,1
Trugeek,3
Freudenberg,2
Varsun,3
gateway hr solutions,3
Maersk Tankers,2
"Movidu Technology Pvt Ltd, New Delhi",3
Protegrity,2
MRCC,3
rakshaniti,3
Pulsars,3
Tata Pigments Ltd.,2
Onsurity Technology,2
JRD Infratech Private Limited,3
new york burrito,3
DealMonkeyIndia.Com,3
Assured Services,3
Philips Healthcare,2
Deep Construction,3
Airport Planner And Design Consultant,3
Gurugram Cyber Crime Police,3
Linkyviz.com,3
ION Trading,2
Shri Sagduru Vishwanath Maharaj Rukadikar Trust,3
avani Software Pvt Ltd,3
DigitalPetro Private Limited,3
Affine Analytics,2
Pravara Sugar Factory,3
Bharat Light and Power,2
MET COMP INDUSTRIES,3
Forsk Technologies,3
Infosys Living Labs,3
Melvault,3
OpenSpace Services,3
AIA Engineering Ltd,2
Iitian's Pace Education Pvt. Ltd.,3
think true technologies,3
Mahindra Aerospace,2
PlexusMD,2
Maruti Suzuki India Limited,2
Betaflux consulting private limited,3
nosch labs,3
Cyberspace Networks Limited,3
Epam,2
CSIR Institute Of Genomics and Integrative Biology,1
NLC TAMILNADU POWER LIMITED,2
Alpine Interactive,3
Freshdesk,1
GMS EBPL,3
Apoorva IT Solutions,3
Ocean Energy,3
Ishida,2
NLP Labs,3
Unnamed,3
Prygma,3
Vast Dream Group,3
Am Mnc,3
Kinvolk,2
Inrhythm,2
Trident,3
"Jss Academy of Technical Education, Noida",3
Nxp Semiconductors,2
Swastiknet,3
Dot4tech,3
BSG ITSOFT,3
Gemini Automobile,3
Trivy Technologies Pvt. Ltd.,3
A V Global Enterprise,3
vriddhi software,3
"IIIT, Sri City",3
Catterpillar Inc.,2
Rolls-Royce Plc,2
All India Institute Of Local Self Government,3
Rahul Deshpande And Associates,3
Compnova Solutions India Pvt.Ltd,3
Midori Architects,3
National Institute Of Technology Rourkela,3
ABLE educare,3
Endeavor Careers Pvt Ltd,3
Tesla Innovations,3
Ariyat International,3
DEFT INFOTECH,3
Capital hospitals,3
Texmaco Rail And Engineering,2
Tata Communications Limited,2
Acorn Embedded Systems Private Limited,3
Indus Valley Partners,2
Chalng.me,3
Dp World,2
Raptor Design Pvt Ltd,3
Ashadeep Science School,3
Edukinect,3
GSD Constructions Indore Pvt.  Ltd.,3
Cisco Systems India,2
KEYOB,3
Experian Services india Pvt Ltd,2
Unnamed Startup,3
Voltamp Solar,3
KITINFINET,3
Visual IQ,3
J.P. Morgan Chase & Co.,2
Speedstep Software Solutions,3
Rephrase AI,1
Q9 Services,3
Kumar Process And Consulting,3
Manas Engineers,3
Xperi,2
Chemfab Alkali Puducherry,3
Udacity,2
Make it Digitel,3
Ibt,3
Vistaara,3
IFP Petro,3
MPL,1
Environ Structure Ltd.,3
Vydehi institute of dental sciences,3
RIA Advisory,3
Pharmaceuticals,3
Hackstrap,3
Rv Vlsi,3
onetrust privacy software,1
Lumiq.ai,1
Lacritz AI,3
Ambition Education Point,3
RINL VISHAKA STEEL PLANTE,2
DEEPAK BUILDERS,3
Triniti Advanced Software Labs,3
Itd Cementation India Ltd,2
Blr Labs,3
Kinetic Taigen Pvt Ltd.,3
Cognizant,2
Don't Wish To Disclose,3
kwalee,2
Bio Pharma,3
B.K Constructions,3
Automation & Control Systems,3
Hyundai Motor India Engineering,2
TCSL,2
Institute Of Mathematical Sciences,3
SanShel Engineering Pvt. LTD,3
NLF,3
Renishaw,2
WhiteHat Junior,1
Radisys Corporation,2
Rebelfoods,1
Texas Instruments India,2
Krify,3
Axtria Inc,2
MGH GROUP,3
Wenger & Watson INC,3
HashTech Ventures,3
SeekApp,3
CoreFlex Solutions Pvt. Ltd.,3
Symphony,3
tech tomatoes,3
confiar engineers,3
Itc Limited,2
Gainsight,2
IHX,3
Docubyte Software Solutions,3
Dwail Serives LLP,3
genser aerospace,3
Chilime Hydropower,3
VSM Venture Control Systems,3
VARDHMAN AGENCY,3
Vigneshwar Induastries,3
Orbit Technologies,3
Talent Excel,3
Global Network,3
AHAM co,3
Cavis InfoTech,3
Syneos Health,2
Vihik Cabs,3
Avery Dennison,2
Evergreen,3
dYZ,3
Optum,2
MP Police State Cyber Cell,3
Edodwaja Private Limited,3
VS Automation,3
Neebal Technologies,3
Deloitte Consulting,2
Cardinal Health,2
Pithavadian And Partners,3
WOIR Software India Private Limited,3
Kambaa,3
Plaza Properties Limited,3
Mediana,3
Green Circle Technology,3
GE,2
Awiors,3
Toronto Metropolitan University,3
Data Flair,3
Saras Analytics,3
Genotypic,3
Unisys India Pvt Ltd.,2
Audatex Pvt. Ltd.,2
Swym,2
afame technologies,3
ABB,2
Siddhivinayak Builders,3
IBM India Pvt Ltd,2
Cyber Metric services Pvt.Ltd,3
Tata Institute Of Fundamental Research,1
3i Infotech,3
DRK Construction,3
Rochester Institute of Technology,3
Pearl Chem,3
some,3
Allied Digital Services Ltd,3
Patil Agrochemicals,3
aptransco,3
Skp Bearing Industry,3
Atlas,3
Unisight Technologies,3
clinivantage health care solutions,3
National Service Scheme,3
"CIIE, IIM Ahmedabad",2
Indian Institute Of Technology Gandhinagar,1
Vi Microsystems Pvt Ltd.,3
Prazision,3
DRDO LRDE,1
NSIC,3
Kshitij constro,3
Techlearn,3
Make A Wish Organization,3
Jersey Group,3
Avighna India limited,3
Deerwalk,2
ABP Consult,3
Housing and Urban Development Corporation,3
Seth Hirachand Mutha College,3
Pantech Solutions,3
Innort Technologies,3
Inforill Technologies,3
Team ONE INDIA,3
Warana industry,3
MedPrime Technologies,3
Vidcentum R&D,3
Pratham Education Foundation,3
Harman International,2
Solix Techonologies,3
EasyCrop tech  PVT LTD,3
California Info Systems,3
Wells Fargo India Pvt Ltd,2
Livquik,3
Yuan-Ze University,3
Ethogas Green Energy Systems,3
Hyundai Motors R&D India,2
Lumen Technologies,2
EVage Ventures,3
Juni,2
MFCSL,3
Agnikul Cosmos Launch Vehicle Pvt. Ltd.,1
Bitwise Academy,3
Torm,2
IoTmatic Automation And Control Pvt Ltd,3
Ineuron.ai,3
Edtex,3
Appstek Corp,3
University of Sydney,3
Tech Mahindra Ltd,3
Vakrangee,3
ORL Industries,3
Amazing Training Basket Ptv. Ltd.,3
Tresvista,2
Streebo,3
IMS Learning Resources Pvt Ltd.,3
Total Supply Solutions Pvt Ltd,3
Abhijeet Power Pvt LTD,3
SpeakBinary LLP,3
IEEE TENCON 2017,3
Varenya Softech Pvt Ltd,3
Laptechnos,3
Jyoti Classes,3
Edo State Urban Water Board,3
Urban Piper,2
Inventrom,3
Praxis,3
SunEdison,2
Startup Studio,3
Fermedicius Labs,3
Uptown Automations Pvt Ltd,3
AUA,3
Enphase Energy,2
Alkem Laboratories Ltd,2
"Sandisk, A Western Digital Brand",2
Maxim Peripherals Pvt.Ltd,3
bowmen group,3
Aikon Labs,3
Gorkha  Brewery,3
Ahmedabad Management Association,3
The Growth Doors,3
Tru Projects,3
Astrofanatics,3
SAVANNAH-LABS LLP,3
Rsalesarm,3
Jamia Millia Islamia,3
ECMobilty Pvt. Ltd,3
Covalense Global,3
Government Contractors,3
"AN Archment, Pune",3
The Math Company,3
success mantra,3
technolee,3
Family business,3
Central Tool Room & Training Centre,3
VMB Technosoft,3
DCC,3
eureka forbes limited,2
Rockmetric Pvt Innovations Ltd,3
SSB GROUP,3
Universal Aquasol,3
Augmented Byte Pvt. Ltd,3
OneGreenDiary Software Pvt. LTD.,3
EFT,3
Gilbarco Veedor Root,2
That1card.in,3
Tieto India Pvt Ldt,2
Ecole de Technologie Superieure,3
Buyfromooty,3
Anukul,3
R.K.Chavan Infrastructure,3
Daimler AG,2
BToS Productions,3
ISI Kolkata,1
Advitiya IIT Ropar,3
Ordnance Factory,3
MavJay Solutions Pvt Ltd,3
JIMIT MAKWANA,3
Appviewx,3
Vodafone Idea Limited,2
AVL India Private Limited,2
MobileFirst Application Pvt. Ltd.,3
Seehra Engineering Works,3
Rectangle Automotive,3
Supanth Solutions,3
All Cloud,3
Mokshtech,3
Full Creative,3
UNIVERSAL HYDRAULICS,3
Ashoka Buildcon,3
Builten,3
Exoek.Com,3
Maruti Suzuki CIL,2
Prodapt Solutions,3
eduphonix,3
Pebblebridge Technologies LLP,3
Boxitup,3
Department Of Roads,3
Tcil,3
D E Shaw,1
Jntu,3
Avi Drones Tech Solutions Private Limited,3
Edvoy,3
Corona Remedies Pvt. Ltd.,3
"Winwrench It Solutions,Technopark",3
Banshi Ram Jayswal Orphanage,3
Mcost,3
Schlumberger Doll Research,2
APICODE,3
Softgains Technologies,3
VRIT TECHNOLOGY,3
nope,3
Financial Services,3
AIESEC Russia,3
Tangerine,3
Cleartrip.Com,3
Zoid Technologies pvt ltd.,3
Inscripts,3
Eureka Instrument,3
Indian Institute Of Technology Jodhpur,3
Zapr Media Labs,3
Thingbits (Startup),3
Fractal Analytics,2
Unifize,3
Bachpan Bachao Andolan,3
Praadis Stratergy,3
Virtual network consult,3
Indicus Software,3
Self,3
Hostels in.In,3
Easyecom,3
Invenio Business Solutions,3
HSA Associates,3
Hi-Q Solutions,3
CBRE,2
SHL,2
C-DAC,2
Jugernaut,3
Bluezeal,3
Wiley India Pvt Ltd,2
Kellton Tech Solutions,3
Addonix Technologies,3
L&T Ecc,2
Audintel Private Limited,3
Arya Engineers & Contractors Pvt. Ltd.,3
London School of digital Business,3
Broadcom,1
Altisource,2
IG Drones,3
Ekincare,3
forthtech,3
The Filteration India,3
Cusmat Technologies,3
Accolite Digital Pvt Ltd,3
DTCC,2
Globalfoundries,2
Chillofy,3
Cirel,3
Oaknet Healthcare Pvt Ltd,3
Maxbyte Technology,3
iTrontik Smart Systems,3
.,3
Microcircuits technologies,3
Ahead Industries Private Limited,3
Meego,3
Incred,2
Mediaocean,2
Ge gas Power,2
Ceew,3
Precision engineering Works,3
TechnoHacks Edutech Official,3
BUILDTheWorld,3
Saba Software India Pvt. Ltd.,2
indogas,3
Transport And logistics,3
Percipere Consulting India Pvt Ltd,3
DV joshi,3
Stigmata Techno Solutions,3
Kothari Jain And Associates,3
Awakeen Studios,3
Roborise technologies,3
Goodwill Motors,3
fortune9 architects and interiors,3
Innovative Industrial automation,3
Extreme Duel,3
Attron Automotive,3
DBS Tech India,2
Insightorb,3
Exambazaar,3
Triangular Studios,3
Kimberly Clark,2
Ganesh Engineering Works,3
Singsys Software Services Pvt Ltd,3
Walmart,2
SmartBridge In Collab With IBM,3
THP PROJECT LIMITED,3
NASSCOM,2
Valeo India Private Limited,2
Motilal Oswal,2
VerifIQ Technologies Private Limited,3
ChargeBee Pvt.Ltd,1
Dark Horse digital,3
IT Firm,3
CA Technologies,2
H+ It Solutions,3
Maharashtra Electricity Board,3
India Cements Ltd.,3
Doxper,3
Dev Solar,3
Tracert Services Private Limited,3
Logic Information Systems,3
Kptac Technologies,3
M.K Infrastructure,3
AT consultants,3
Commvault Systems,2
Century Rayon,3
Fine Finish Organics Pvt LTD,3
Royal Dutch Shell,2
Data Security Council Of India,2
Universitat Autonoma De Barcelona,3
Indian Web Mart,3
Tata Consultancy Services,3
INT ROBOTICS,3
Lexiclick Content Solutions,3
ThinkPalm Technologies Pvt Ltd,3
Coral Coil India,3
Ivy Comptech,2
Samisen Distributed Systems Pvt. Ltd.,3
Slang Labs Pvt Ltd,3
NAAMII,3
unique trade world,3
Creative Consultants,3
Setco Spindles India Pvt. Ltd.,3
Research Centre,3
Mercedes Benz research and development india,2
Well done Health Care,3
"National Institute of Technology, Rourkela",3
Aptara,2
Longtail web services,3
Divi's Laboratories Ltd.,2
Forbes and Company Ltd,2
Sysfore Technologies Pvt LTD,3
srimatha constructions,3
Ces Information Technologies Pvt LTD,3
MIISky Technovation Pvt LTD,3
Piramal Glass,2
Enmac Systems,3
JM Financial,2
Airtel Bharati,2
ComXR,3
LeverageNet Solutions,3
RS Software,3
Launchspace,3
Oil & Natural Gas Corporation Ltd.,2
Volvo Trucks,2
Mutual Mobile,2
Velocity Software Solution,3
Shree Saiyog,3
Madhus Garage Equipments Pvt Ltd,3
PepsiCo,2
Svakarma finance Pvt Limited,3
Datavista Solutions,3
Locus.sh,1
Playlyfe,3
Site Concepts pvt ltd,3
securium fox technologies,3
Commvault,2
Ibm India Pvt LTD,1
ECO India Google Partnered Digital Marketing Agency,3
eKernel,3
Itaara Foodtech Pvt. Ltd,3
DGH,2
Hospital,3
Ramaiah University Of Applied Sciences,3
AICTE,3
Lariox Technologies,3
Enhanced Software Solutions Pvt. Ltd.,3
QC Alpha Advisers,3
"SMS, Chennai",3
Integra Connect,2
Seagate India,1
Petrofac,2
Aspire Systems,3
Dysco,3
Land Transport Authority,2
Laxmi Udyog Oil Field Equipments Pvt Ltd,3
"Vama Industries, Nagpur",3
Titan,2
Uniconverge Technologies And IoT Academy,3
Infoworks,3
Letsgrowmore,3
Divogas,3
Allscripts,2
techeva consulting,3
Aryavrat infotech Pvt. Ltd.,3
Mantix Infotech,3
Cell Propulsion Pvt.Ltd,3
The Advisory Board Company,2
National Institute of Technology Silchar,3
Tospace pvt ltd,3
caravel tech,3
Avinashi Ventures,3
Accord power pvt ltd,3
L&T Defence,2
schoolERP,3
Masstrans Technologiies,3
Maveric-Systems,3
Ecil Hyderabad,2
Adtech Corp,3
Infotech,3
Demerg systems,3
Urban Rebox,3
sigmacon,3
Innova Rubbers,3
Linux World Pvt Limited,3
random,3
1crowd,3
National Environmental Engineering Research Institute,1
LetsGrowMore,3
Advanced Business And Healthcare Solutions,3
Smartinternz,3
Solera Life Science,3
Hyundai Service Center,3
Karmaa Lab,3
Vodafone Shared Services India,2
Graphix Technologies,3
Montalvo Technologies Pvt Ltd,3
DRDO Chandipur,1
Deloitte,2
SK Finance Ltd.,3
DLK,3
Kriyatec It Systems,3
Pena4 Tech Solutions,3
Talk Oye,3
Ensar Solutions,3
Nivitech Engineers,3
ABInBev GCC,2
Prestige Estates Project Limited,2
Sree Technologies LTD,3
Alliance Integrated Metaliks Limited,3
Unified Softech,3
Rajput Engineering Works,3
Supplycompass,3
Baarei,3
Drishti Works,3
Simha Associates,3
Fourth Frontier,3
Biosense Technologies,3
Sanabit Technologies,3
kalapradharshini,3
Openinapp,1
Resonance Eduventures,3
General Mills,2
MIPL,3
Virtual Architects,3
G M Custom Pens,3
Wozart Technologies,3
Chicago booth,3
Appl Global Infotech Pvt Ltd,3
Kmart Australia Sourcing Services,2
ThinkLABS Technosolutions Pvt. Ltd.,3
Rubrik India Pvt. Ltd,1
Deloitte U S I,2
IISc Bangalore,1
Omv Pakistan,2
ABB Group,2
Acumen Calibrations Pvt Ltd,3
Signify (Formerly Philips Lighting),2
MasterCard,2
Nvidia Graphics Pvt Ltd Pune,1
Elixar Technologies,3
Prakriya Design Studio,3
Delta Infosoft,3
Wisel,3
Ceat Tyre,2
Yourquote,1
BHEL,2
Hsbc Data Processing Bangalore,2
Education4ol,3
Avi Networks,1
Zeomega,3
Umesh Bhatt Architects,3
Asiana Times,3
Chokshi and Chokshi LLP,3
HDFC ERGO General Insurance,2
Happiest Minds Technologies,2
International MUN,3
Inrhythm solutions,3
QualityKiosk Technologies Pvt Ltd,3
muslim medical centre,3
Wevin Private Limited,3
Wakefit,2
Evolutionary Systems Pvt Ltd,3
Netaji Subhas Institute Of Technology,3
Scholastic Academy,3
CYW Site,3
Neospan Pharma Pvt Care Limited,3
Bizongo,1
Astrome,1
Precog,1
RAIT,3
Continental Autonomous Mobility,2
Law Firm,3
Micro Fiber Group Ltd,3
Biggbinder.Com,3
chitika inc.,3
Tonguestun Food Networks Private Limited,3
Skylab infotech,3
Null,3
Mysuru Consulting Group,3
Duetsche Bank,2
Baltek Automation,3
Unified Mentor,3
Aparna Constructions and Estate's Pvt Ltd,2
Cubastion Consulting Pvt. Ltd.,3
Mavensoft Private S0lutions,3
Navitas LLP,3
Brainwave Consulting,3
zelarsoft,3
Imbuedesk,3
IEEE AIUB Student Branch,3
Engineering Design Software And Services Pvt.Ltd.,3
Dalalstreet,3
Vector Consulting Group,2
Voylite,3
Avantsy Technologies,3
Supershell Games,3
sap,2
Malteser International,3
Random Iot Startup,3
Ambigai consultancy services,3
BOS FRAMEWORK,3
CornerInk,3
Safe Technology,3
Drs.Sudha&Nageswara Rao Siddhartha Institute of Dental Sciences,3
Equifax India,2
Alphagrep Securities,1
"University of Bari Aldo Moro, Italy",3
ENIGMA AUTOMATIONS,3
Uranium Corporation Of India Ltd,2
Perfios Software Solutions,2
SIMUK DENTAL CLINIC,3
PC Connection,2
HSBC Bank,2
Visual BI Solutions,2
Conduent Inc,2
Uptycs,1
Cryptography IT Solutions,3
STM,2
SreeRam Granites,3
Globeline shipping services,3
Autocomp Panse Pvt Ltd,3
Welead Tech,3
Caravel.AI,3
Hancock Ogundiya and Partners,3
Matchstick Studio,3
DataFoundry.ai,3
Tripifini,3
Link Logik Technologies Pvt Limited,3
Kanetkar,3
Gmmco Limited,2
Digipropel,3
Mhm outcome Based Education,3
G10 Consultancy,3
Daffodil software p t.ltd,3
CyberSecurityWorks,3
CNK & Associates LLP,3
Vega Controls Ltd.,3
MyDigiSpace,3
Mr Cooper,2
Emtech Foundation Pvt. Ltd.,3
Praxis Global Alliance,2
Swarnim Infosoft,3
Dakshin Foundation,3
Thermal Power Plant,3
Avaya Inc.,2
Dr Pathak's Dental Clinic,3
Abhijat Engineering Works,3
Yocket,2
Posidex,3
Sri Lvr Constructions,3
"Indian Institute Of Information Technology, Allahabad",2
Bikayi,2
Customer Experience Lab,3
Hayagrave Civil Engineering Pvt Ltd,3
Traceabl,3
iNative Tech Solutions,3
Signdesk,3
Shah Estate Agency,3
Xenovex,3
Logistics.inc,3
Delhi Metro,3
Jagruti Enterprises,3
Corbital,3
Magnetic Infotech Private Limited,3
prasunet,3
"Apostek Softwares, LLP",3
yoshops.com,3
AMIT BHATT ARCHITECTS,3
Canara Bank,3
Shopconnect,3
Right steps consultancy,3
Apollo Tyres,3
Concerto,3
ETAP,3
Dxc Techology,3
Contenance Technology Solutions,3
A Million For A Billion,3
UCLA Health,3
ibhubs,3
CSIR-CSIO,1
Regaltusk Private Limited,3
Breakout,3
Concentrix Daksh PVT LTD,3
BrowserStack,1
Mapreks System,3
Winfra Technical Consultants Private Limited,3
Ahmysoft,3
MSM Digital,3
Forbes Marshall Pvt. Ltd.,3
Adobe Systems,1
LexiConn,3
Palle Technology,3
Nec Technologies Pvt Ltd,2
Spreadd,3
Shalaka Technologies Pvt Ltd,3
Clsa,2
Saviant Consulting,3
Mahindra Comviva,2
Sapiens Technologies,3
Oil India Limited,3
Daraz,2
Appsthentic Inc.,3
Gold Glam Sports Pvt Limited,3
Tekno Marketing Solutions,3
Eximius Tech Innovations Pvt Ltd,3
GRIP at the Sparks Foundation,3
Vinculum Solutions Pvt. Ltd.,3
Nference,1
GreyRobotics,3
Inovas Tech,3
Rare Mile Technologies,3
Tidy homz,3
Dentspec,3
MSME TOOL ROOM KOLKATA,3
Angel Broking Limited,3
don't want to mention name,3
Shopalyst Technologies,3
Cochin Shipyard,3
Career Stroke,3
H Bots,3
Tvs Tyres,3
Glansa Solutions,3
IndWeb Internet Solution,3
Sell2World Inc.,3
Contractor,3
Singareni Collaries Compalny Limited,3
SRMIST,3
zadd automotive,3
Base4,3
Mindzcloud,3
Knowarth Technologies,3
CTSC,3
Innover Digital LLC,3
Sense International India,3
Morling Global,3
Wings To Wills,3
Nalco Water India Ltd,2
Software Company,3
Pinnacle Consulting LLC,3
Regami Solutions,3
Kinetic Green,3
MU Tech unified Solutions Pvt. Ltd.,3
Pustakkosh Pvt Ltd,3
Netronixsoft,3
faclon Labs Pvt. Ltd,3
CTS,3
Farm Fresh Hand Picked,3
Lion Heart Builders And Construction,3
Aegis Logistics Limited,3
DMI FINANCE Pvt Ltd,3
Eat Like Home,3
Earthencart Retail LLP,3
MECON,3
Arraystorm,3
Primus Partners,3
Capricot Technologies,3
ITZ-SHOWTIME,3
Pramati Technologies Private Limited,3
Healthasyst private limited,3
TakenMind Organisation,3
Lamarr,3
Lvpei,3
Buildwell Century,3
design dialogue,3
PriceWaterhouseCooper,2
StuNxt,3
PRANA WEB SOLUTIONS,3
BSH Household Appliances Manufacturing Private Limited,2
Endorse Cinema,3
Heritage Institute of Technology,3
Tericsoft,3
hso,2
i2i Telesolutions,3
ALFA PUMPS PRIVATE LIMITED,3
Bheri Technical School,3
M/S Vallabh And Vallabh Associate's,3
EPAM Systems India Pvt. Ltd.,2
Kalp Fintech Pvt Ltd,3
ITS WS,3
Panchayat Raj Department,3
Prosperous IT Solutions,3
krelor marketplace,3
"Agiliad Technologies Pvt Ltd, Pune, India",3
Nitor Infotech,3
SWIO Corporate,3
Reliance Energy's Dahanu Thermal Power Station,2
Madhucon Pvt. Ltd.,3
C3 Solutions,3
Byju's,1
Power System and Automation Solutions,3
Fiserv,2
Interlynx Digital Systems,3
Rinex,3
Havoc Therapy,3
Micron Technologies,2
BLive,3
Msys tech indai Pvt Ltd,3
Human Resocia,2
Campk12,3
Here Technology,2
Indian Institute Of Technology Rorkee,3
Inspira Advisory & Consulting Limited,3
cronus pharma specialities,3
[24]7 Innovation Labs,2
Indian Council Of Medical Research,3
Wns Global Services,2
Fine Construction,3
Sys INC,3
Xanadutec Data Solutions Pvt. Ltd.,3
RedBlackTree,3
3FS advanced techno labs india private limited,3
Pranava technologies,3
Larsen & Toubro Heavy Engineering,2
Namuna Institute Of Technology,3
Milkfood Pvt. Ltd.,3
ADMYBRAND,3
Persistent Systems Ltd.,3
Pakistan Animecon,3
Paralleldots,3
Richter Themis Medicare Private Ltd,3
Tentwenty Digital,3
Travelsouq,3
centurina limited,3
shri krishna assaying and hallmarking,3
Dolat Capital,3
Astrosoc,3
Greaves Cotton LTD,3
Tekno Plastic Systems,3
Medi assist Tpa,3
spartificial,3
Ambitus World School,3
Altech Power and Energy Systems Pvt Ltd,3
Sharma Government Contractors,3
Xapads Media,3
Kumolus India,3
Baker tilly infotech,2
encryptix,3
Uni-Automation India pvt. ltd.,3
Biotech India,3
Botlab Dynamics,3
Multicoreware,3
PTC,2
Cerelabs,3
Myntra Designs,2
Garden Reach Shipbuilders and Engineers Ltd,2
Zomato,1
Hungama Gameshastra,3
Sameer Corporation,3
Innovalabs Technologies,3
FabersLab,3
Anteelo,3
Virchow Biotech Pvt Ltd,3
productu,3
codeforce360,3
CRI  PUMPS,3
Couponraja.Com,3
Chronus Software India Pvt Ltd,3
Global Foundries,2
UrbanRider,3
Dslay,3
Deloitte Touche Tohmatsu,2
Capiot,3
Raid Layer Pvt. Ltd.,3
Nomura,2
The Busride,3
"Karlsruhe Institute Of Technology, Germany",1
4G Identity Solutions,3
Deep Nucleus,3
Infovision Labs,3
VSG,3
AIESEC UT,3
Local Hospital,3
Opex Analytics,2
RM AND COMPANY,3
Primesoft Solutions Inc,3
INDIA YAMAHA MOTORS PVT. LTD,2
Karunadu Technology Private Limited,3
Larvol,3
Patagonia Health Pvt. Ltd.,3
takeit smart private limited,3
Launch India,3
Crisisaid,3
SVP Laser technologies,3
Xorail A Wabtec Company,2
Pi square technologies,3
Tspdcl,3
Phoenix Medical Systems,3
sabertooth,3
Drishtee Sustainable Communities,3
Colruyt India,2
Hero Motors Private Limited,2
Maharashtra Metro Rail Corporation Limited,3
Higher Education Department Punjab,3
Gssl,3
Frappe technologies Pvt Ltd,3
AAC,3
Algaari Retail Ventures Pvt Ltd,3
Aakriti Creation,3
Equilibrium Solutions,3
Sogo India,2
Indian Institute Of Information Technology,1
Enermax Systems,3
National Institute Of Technology Tiruchirapalli,1
Vinayak manutrade private limited,3
GND Solutions,3
eHiddenBrain,3
FnJ Investments,3
UNISTEM,3
Khelomore,3
Ramasoft,3
glow power technologies,3
M.H.Alshaya,2
Discover Auto Stamping,3
5square Embedded,3
Chaudhary Group,2
Kisanwala,3
Ebony & Ivory Advertising India Pvt Ltd,3
Freedoctorhelpline,3
AP Moller Maersk,2
Shrefal Digital Marketing Solutions,3
zenskar,3
IPRO3D,3
Aakar Constructions,3
Edufund,3
Big company,3
Start-up 1,3
TATA Group,2
Utrade Solutions Pvt Ltd,3
Venusgeo Solutions Pvt. Ltd.,3
AIDETIC,3
RiSE Educational institute,3
Appiko,3
Air Worldwide,2
Infrrd Inc,3
Aindra Systems,3
MedTourEasy,3
Microdevice Technologies,3
Cogent Innovations (P) Ltd.,3
Pratik Engineering,3
Gourav Energen India Pvt. Ltd,3
Varroc Polymers Pvt Ltd,2
"Street Level Awareness Program SLAP NGO, New Delhi",3
AEM,3
Zetta Mine,3
Parexel International Pvt Ltd,2
Thinkers Hat IT Solutions LLP,3
Te Connectivity Pvt Ltd,2
Panasonic India,2
Paymatrix,3
Jag,3
Physiorehab,3
Intas Pharmaceuticals Ltd,2
Sassy Studios,3
keyloop,2
Yoptima Media Pvt Ltd,3
Webwide It Sol Llp,3
Indian National Centre For Ocean Information,1
Ramrao Adik Institute Of Technology,3
PESU Research Foundation,3
VJP Aluminium Foundry,3
Automation Teknix,3
Talent Now Pvt Ltd,3
Amit Construction,3
Skybits Private Limited,3
Gustovalley technovations,3
Street cause,3
ZF India Pvt. Limited,2
Dunzo,1
Entropik Tech,1
Reliance SMSL,2
Xy Ltd,3
R.K. BrickWorks,3
Paymonk,3
Andaman Lakshdweep Harbor Works,3
New India Assurance Company Limited,2
Ime Automotives Pvt. Ltd,3
Kyzer Soft,3
Universiti Teknologi Malaysia,3
Drn infra Pvt. ltd,3
ChennaiSoft Consultancy Services,3
FHD Group,3
Techno Samarthyam,3
Nirman Power,3
Development Bank of Singapore,2
Vinayak Buildcon,3
vidya vikas universal college,3
Techouts Solutions,3
Institute For Plasma Research,1
deepmindz,3
Bahwan Cybertek,3
Confidential,3
Microsoft Innovation Lab,1
Vidyalankar Institute of Technology,3
J. P. Morgan,1
Vimalachal Print And Pack Private Limited,3
TechnipFmc,2
DY Patil,3
Kjsce,3
Ziroh Labs,1
QJ TECHNOLOGIES,3
LivSpace,1
eDot Academy,3
Mainetti India,2
Groundtruth,1
Stalwart Software Pvt Ltd,3
To The New,3
quantum robotics,3
MarketPlace Technologies Pvt. Ltd.,3
Wheels India,2
Yo Edutech Solutions Pvt Ltd,3
Srigiri,3
Cure Emergency Hospitals,3
INSAID,3
Encourage Infotech,3
99acres.com,2
Odebrecht Ghana Limited,2
Apar Industries,2
Analytics Quotient,2
Bayut & Dubizzle,1
Softvan,3
Deep Dive Vision,3
StatSkew,3
Level Constructions,3
Aon,2
BEST Undertaking,3
Antstack,3
Manav Seva Sangh,3
ZerocodeHR,3
Wide Vision Technologies,3
middleware pvt limited,3
Involute Automation,3
EaseYourLife,3
Cades Studec Technologies India PVT LTD,3
SWAGIT,3
EnergyTech Global Pvt. Ltd.,3
Indorama Synthetics Pvt. Ltd.,2
Shuttl,2
Techture Structures Pvt Ltd,3
Mobiquity,2
200OK Solutions,3
Akella Systems,3
everestlabs,3
Aditya Auto Products And Engineering,3
Gauhati University,3
arfgfrg,3
Tata Consultancy Service,3
RMM Designs,3
Hdfc Securities,2
Truebil,2
Group 10,3
Raut Engineering Pvt Ltd,3
Assetrak Solutions Private Limited,3
Livspace,1
Bain And Company,1
Cloudstrats,3
Pepper Content,2
Voyagenius Labs,3
6DegreesIT,3
Mystry,3
La Esfera,3
Institue For Plasma Research,1
SM Studios,3
The GRIP Foundation,3
Zensar Technologies,3
Fintuple Technologies,3
Switchgear Electromechanical,3
Carriage Repair Workshop,3
Abgo Designs,3
Tent,3
Nippon Koei Company Limited,2
Emerson Network Power Pvt Ltd,2
Hingoo Architects,3
Urban EcoInfra,3
Altiostar Networks,1
CERN,1
Yash Technologies,3
SYKE,3
Ember Technologies Pvt Ltd,3
Ministry of Irrigation,3
LivNSense,3
P.K Enterprises,3
VTA ENGINEERING SERVICES PVT LTD,3
Arqaam,3
Taazaa Tech,3
graduate sandwich wala,3
George Mason University,2
Magna Infotech,3
Tongadive,3
Halodoc,1
Barclays Technology Centre India,2
InnoHat,3
Wayfair,2
AMWorld Transcontinental M&A,2
TandM Corp,3
IIIT Bangalore,2
P360,3
Maivrik Labs,3
ResearchWire Knowledge Solutions,3
Javra Software,3
Amphisoft Technologies Pvt Ltd,3
PayPal,1
Bewakoof Brands Pvt Ltd,2
Xerve.in,3
ilabs Enterprise Services Private Limited,3
Accenture Applied intilligence,2
Bajaj Auto,2
Sai Engineers India Pvt Limited,3
Napier Healthcare Solutions,2
conduira,3
Moon Engineering Works,3
AAM Chennai,2
Company 3,3
Tookitaki Pvt. Ltd.,1
Indian institute of technology dharwad,1
Toyota Industries Engine India Pvt LTD,2
The Zero Games,3
Eniak EduTech,3
Ishrit Design Studio,3
East World Wellness Pvt Ltd,3
Aufenbach,3
Learnovate Ecommerce,3
Black Knight Financial Services,2
Cortex Construction Solutions Pvt. Ltd,3
Cadence Design Systems,1
Elfit Arabia,3
Vozon Comof Pvt Ltd,3
Skylark Drones,1
Superbond Associates,3
Kaashiv Infotech,3
Connectreee,3
Bbay Connect,3
Raremile Technology,3
ManufactOn,1
Vervetronics,3
Shree Satyam Doors,3
BNI India,3
Enquero,2
BillDesk,1
charter communications,2
Major Hardware,3
Andhra University (AUCE(A)),2
Systango,3
Vaal Triangle Systems Pvt Ltd,3
Curelink,3
The Dawood Foundation,3
aey solutions,3
Happay,1
"Optum, United Health Group",2
Architects Collaborative,3
"Sai General Trading And Constructing W.L.L, Kuwait",3
Buildsupply,3
Juspay,1
SEMCO,3
Orhan Holding,3
Force Motors Ltd.,2
Ntruhs,2
Skill dzire,3
iamneo.ai,3
Valvoline Cummins,2
Vasudev Infraplanners Pvt. Ltd,3
Design Brewery,3
AHT workshop,3
Nissan Digital India LLP,2
ASM technology limited,2
Philips,2
Digiyoda Private Limited,3
wohlig transformations pvt ltd,3
Netmax Technologies,3
S.T.P.L,3
Vertoz Advertising ltd,3
Innovapth It Solutions,3
Instavans,3
"Allianz Technology, Germany",2
Intrainz Innovation Private ltd,3
Tata Chemical Innovation Centre,2
Bentex Engineering Pvt Ltd,3
Center for Human Security Studies,3
Fidviconstruction,3
CRIS,2
"University Of Michigan, Ann Arbor",1
Royal Bank Of Scotland,2
SenseHawk Pvt Ltd,2
ACS Technologies,3
Paycommerce Solutions,3
Magespider Infoweb,3
Esko,2
Colruyt Group,2
AECOM,2
Aaryan infrabuild,3
Epick bikes,3
Fortune Dental Clinic,3
Classnote,3
Vazir Sultan Tobacco Industries,3
Authbase,3
Tata Power Solar Systems Ltd,2
TSEPL,3
Oracle India Private Limited,1
Karni IT Private Services,3
Solid Vision,3
Biocon Ltd.,2
Toyota Kirloskar Motors,2
Mediaagilty,3
browserstack,1
Pixitweb Solutions,3
Purple Patch By Shivani,3
Viral Fission,3
Encon Exports Private Limited,3
Laundrexx,3
Deepak Phenolics Ltd.,2
Spark Foundation,3
Deskfactors,3
Cloudcherry,1
tech invento,3
MSM Venkata Sai Builders,3
World Bank,1
Datadirect Networks,2
Knoesis Enterprises,3
LogisticsNow,3
Nash robotics,3
Speech and Debate Academy,3
Qualitas Lifespaces,3
Andromeda Loans,3
Technophilia,3
QICAP Markets LLP,3
Automotive Axles,2
ACE DESIGNERS LIMITED,2
Vishwakarma Industries,3
Infosenseglobal,3
HiFi Public,3
Croleon Innovation labs,3
Health XoXo,3
Reserve Bank of India,1
Value Semiconductor Pvt Ltd,3
PVS PHARMACY,3
[24] 7,2
Teamone techies pvt Ltd,3
"Vitronic Machine Vision Middle East, Dubai",2
softusvista,3
Nioh,3
KloudGin,1
Manuh Solutions,3
Tata iQ,2
Emergetech Foundation,3
Feedback Business Consulting Pvt. Ltd,3
ICICI Bank Ltd.,2
Nielsen,2
Patra India,2
Phoenix global,3
Cedcoss Technologies Pvt. Ltd.,3
Hulkhire Tech,3
iB Hubs,3
European Space Agency,1
Grand View Research,2
Serendio Inc,2
Automation Technologies,3
Tirumala,3
Reachout Analytics Pvt Ltd,3
A.G. Technologies,3
Trailytics,3
Redmango Analytics Pvt Ltd,3
Ansrsource,3
Healthcare Informatics,3
Image Online Pvt Ltd,3
Synycs Enterprises Private Limited,3
Rajiv Gandhi Centre For Biotechnology,1
SierraEdge AI,3
Syneos,2
sourcewiz,3
Sprinriver Technologies,3
Smart Energy Water Pvt Ltd,3
Procon Technologies Pvt. Ltd.,3
Netobyte,3
Vishwakarma Engineering Works,3
SR Engineers And Planners,3
L&T MHPS,2
Structural Solutions Private Limited,3
Homie Inc,3
Mokshar Creative Studios,3
Shiva Cluster IT solutions,3
INM Tech,3
Amrita Mind and Brain Center,3
new,3
Areaa Software Technologies,3
AT&T,2
Beach Theory,3
Aratt,3
PVC Coloring Compounding And Processing,3
One Assist,3
Catis,3
IGM Robotic Systems,3
Axon Embedded Solutions,3
Dr. Kelkar Designs Pvt. Ltd.,3
ZS ASSOCIATES,2
Acutesoft,3
3dplm Software Solutions,2
Tekion Cloud,1
Robi Axiata Limited,2
Microspark,3
Nitte Meenakshi Institute of Technology,3
Eride,3
the design bay studio,3
We are X,3
Improvians Engineering Services,3
Meridian Studies,3
Tata Technologies Pvt Ltd,2
Credenc,3
Redcarpet,3
Delineate Innovations Private Limited,3
Hyundai Mobis India Ltd,2
Qogno Digital Infrastructure Pvt Ltd,3
Prathamesh Associated,3
M/s TAN SINGH CHOUHAN,3
Credit Analysis And Research Limited,2
SRI INFOTECH,3
Cubestack Design Pvt. Ltd.,3
AR Polyvin,3
thingTronics Pvt Ltd,3
Noble Electricals,3
Wanakbori Thermal Power Plant,3
Rx propellant,3
University of Oxford,1
Endurance International Group,2
Confluxsys,3
Lnt Technology Services,2
springct,3
Hartex Rubber Pvt Ltd,3
DY Patil Dental School,3
Satyam Buildtech,3
Norma Group Products,2
Solarwinds India Pvt Ltd,2
Meghmani Finechem Limited,2
Madhav Bhaug,3
"Invensys Middle East, Dubai",2
Brocade Communications,2
Samsung R&D Institute (Prism MoU with AUCE(A)),1
Pedals Up,3
ValueLabs LLP,2
Workex,3
International Centre For Automotive Technology,2
Enquero Global,2
Odisha State Cooperative Bank,3
Arvind Limited,2
Group Eureka,3
IIT Jodhpur,1
V S JADON & Co.Valuers LLP,3
Gaana,2
Cusinelinks,3
Space Art,3
Facebook,1
iPerformance Media Pvt Ltd,3
OSOS Private Limited,3
Reedisha Knitex Limited,3
linkfields Innovations,3
Cubesquare Tech Pvt Ltd.,3
tag8,3
Kelvin Instruments & Services,3
Benign Alchemy,3
Adp Private Limited,2
Adis Technologies,3
CodestaxAI,3
Meta labs Innovations Limited,3
Angel Capital Ventures,3
Hied Success,3
Harman,2
Arar Impex,3
Fabin Technologies Pvt Ltd,3
UTI Mutual Funds,2
DocsApp,1
50 Hands,3
Oracle,1
Sri Sai Oilfield Equipment and Marine Services Pvt. Ltd,3
Blazeclan Technologies Pvt Ltd,3
Igenero Web Solutions,3
Solara Active Pharma Sciences Ltd,2
Adani Real estate,2
Phoenix Engineering Technologies,3
GradRight,3
Nexus Audience Pvt. Ltd,3
Samhitha Crop Care Clinics,3
R N construction,3
Ecole Centrale De Nantes,2
Zelle Biotechnology,3
Synechron,3
Min Toy Private Limited,3
Manipal University Jaipur,2
Olive Constructions,3
Premier Solar Systems Pvt. Ltd.,3
Meeami Technologies,2
Global Anlytics India Pvt Ltd,3
National Association For The Blind,3
Nexar Labs,3
Surya Roshni Ltd,2
Hindustan Unilever Ltd.,2
Codeground,3
Drona Mobile,3
resolve to save lives,3
trove code,3
Accordion,2
DBS,2
Crestaerospace Technologies,3
Cema Automation India Private Limited,3
Luzern University Of Technology And Architecture,2
Aten Porus Lifesciences Pvt Limited,3
Analytic Edge,2
mailer port pvt ltd,3
Dwello,3
NGO Pratham,3
Remarkskill Education,3
Studio UnGap,3
aioc,3
PA40,3
Varian Medical Systems,2
Suyash Equipments Pvt. Ltd.,3
Ion Exchange (I) Limited,2
EventBeep Entertainment LLP,3
Bangalore Metropolitan Rail Corporation Limited,2
Hysoc Technologies,3
Transaction Analysts,3
Icddrb,3
Semiconductors,3
Ind Swift Labs Ltd,3
ADP Pvt Ltd,2
Punjab Agriculture University,3
Candor Foods Pvt Ltd,3
Eliteware Solutions,3
Tata Communications,2
Cureya,3
Appinitial Technologies,3
Vogo Automotive,3
Bharat Earth Movers Ltd,2
Steelwedge Technologies,2
Perfect Filaments,3
Schlumberger,2
Siddharth Industries,3
Mitacs,2
Dream Cyber Infoway,3
Lonely Entrepreneur,3
Nakalank Digital India Pvt. Ltd.,3
Sukh Industrial and Spares,3
JSPM Rajarshi Shahu College of Engineering,3
Treesha Infotech,3
Cheil India,2
High Radius,1
Graphite India Ltd,2
Coding Blocks,3
Sophos Technologies Pvt Ltd,2
Kryptominds,3
Digicores Technology Pvt Ltd,3
Livefiesta,3
Salarpuria Sattva,2
Doyen Solutions,3
Mahesh Tutorials,3
Classified,3
BMSF Design Consultants Pvt. Ltd,3
JASH Engineering Pvt. Ltd.,3
GoodWorkLabs,3
Packt Publishing,2
Avanzar,3
Mrf Limited,2
Rangam,3
Mindtree Bangalore,3
Emplay,3
Orient Press ltd,3
Presidio,2
Skills Creator,3
Kirloskar Oil Engines,3
Zestech,3
Genpact,3
CRISIL Limited,2
Ibi Group,2
Amar Equipments,3
Sony japan,2
Camp In India,3
Rimtex Engineering Private Limited,3
Edhitha Unmanned Aerial Systems,3
Wisdom Skill Center,3
Admito,3
Manoir Petro India Ltd,3
CRN ARCHITECTS,3
DSV Logistics,2
Nonee,3
IES-IPSA,3
Mahle Anand Filter Systems Pvt Ltd,3
Electro Circuit Systems,3
CHHATTISGARH STATE ELECTRICITY BOARD,3
Olyphaunt Solutions pvt ltd,3
Sedin Technologies,3
Kakira Sugar Ltd,3
Marquee Equity,3
National Institute Of Wind Energy,1
Adroit Industries India Limited,3
"Idera, Inc.",2
mauli Krupa realtors,3
Synedyne Systems,3
Eternal Robotics Pvt Ltd,3
Infometry Inc,3
HMT Machine Tools Limited India,3
DivyAnand L.L.P.,3
ATCS,3
HGS,3
PartsAvatar,3
NetApp Inc. USA,2
Adcock Ingram,2
Bricom Technologies,3
GE Aerospace,2
Mekuva Technologies,3
CSG INTERNATIONAL,2
HomeworkApp.ai,3
Laboratory Corporation Of America,2
IUCAA,1
Bondwell Corporate Advisors PVT LTD,3
Encon Group,3
"Technology Innovation Hub for IoT and IoE, IIT Bombay",1
Nest Pvt. Ltd,3
dB Systems,3
Mirai Health,3
Xilinx Inc,1
Cognier Insights,3
Idea Designers,3
Credence Apps And Reports,3
Caspian technologies,3
Crosspollen,3
Tamil,3
EI Systems,3
Greenbox Innovations,3
WTM Design Labs,3
Bhoomi Consultants,3
HotWax Systems,3
Manipal University,3
Suyojan Systems Private Limited,3
Studyleague IT Solutions LLP (SLITS),3
Prolink Computers,3
SuperMark Agency,3
ISOL Systems Pvt Ltd,3
TraceX Technologies,3
TEACHNOOK,3
Rudraksche Scientific Engineering,3
Derby Group Of Companies,3
Albert Invent Pvt Ltd,3
Intellipaat Software Solutions,3
Anupam Industries limited,3
Skanray,3
Aliens Developers,3
Tritech Corporation,3
Salam Technology,3
Futures First Info Services PVT LTD,1
Viral Technologies Pvt Ltd,3
Nuacem,3
Zocdoc,1
agrietern technologies,3
TransUnion,2
IPSR Solutions,3
"MNIT, Jaipur",3
Eduvanz Financing Pvt Ltd,3
Elgi,3
Infinite Uptime,3
Genik Research Institute,3
Kinesso,2
Final Year Student,3
Referral Yogi Technologies Ltd.,3
L3cube,3
ETA ASCON,2
Mott MacDonald,2
Vcreatek,3
KV Business School,3
CODEXIVE Solutions,3
PrimeSquare InfraVenture Pvt. Ltd.,3
Alstom Bombardier transportation,2
Milkbasket,2
Ezenith Education,3
Primebook,3
Synergy Polymers Ltd,3
GrowByData Services Pvt. Ltd.,3
Mango Education,3
Aristos,3
Spirent Communications,2
Siya Tech Ventures,3
Exl Service,2
Nepa,2
Ricon Technologies,3
Sublime Technologies,3
Kajaria Ceramics,2
"AMTDC, IIT Madras",1
Intralinks-R&D,2
"Vedika Builders,",3
patna station,3
Aricent Technologies,2
Royal Technosoft Pvt Ltd,3
Traway,3
Zigram,3
Forty42Labs,3
voidmain technologies,3
McDermott Middle East,2
Dyson,2
Aravind Eye Hospital,2
Techlogix,2
Mount Carmel College,3
Kalyani Motors,2
Erwin,2
GST Edge,3
G2G Engineering,3
4CRisk.ai,3
IPSG Systems,3
Seclore Technology,2
Techunido Software Solutions Pvt. Ltd.,3
University Of Malaya,3
SRI KRISHNA AGRITECH,3
DELTA MECHTEK SERVICES,3
Stenraan Technologies India Pvt.ltd,3
Ashok Fabrications India Ltd,3
Universiti sains malaysia,3
Eastman Chemical Company,2
Codejudge,3
Estee Advisors,1
Massachusetts Institute Of Technology,1
Astra Microwave Products Ltd,3
Dewan Architects and Engineers,3
Moengage,1
Stige Internship,3
Honeywell Automation,2
laugh out loud ventures,3
Ahluwalia Contracts India Limited,3
Doordarshan,3
Poornima Enterprises,3
IEEE Student Branch,3
"Amazon, Germany",1
Slk Software,3
Therap Services LLC,3
Sun Builders,3
Tendercare,3
Great West Financial,2
Ignomagine,3
Impex Solutions,3
Strabag,3
Remosoftware,3
Enstein™ Robots & Automations Pvt Ltd,3
Svirtz Technologies Pvt Ltd,3
Associated Architects Pvt.ltd,3
Gridlle Technologies Pvt LTD,3
LeadSquared,1
Magma Industries Pvt Ltd,3
Simhadri Hospital,3
Surana Ventures Ltd,3
Tathastu,3
Sendinblue,2
SR Marines And NAV-AIDS,3
Vishay Intertechnology,2
Kaleyra,2
Zf india,2
eTrans,3
KPM,3
Binani technologies limited,3
Cere Labs,3
Signity Software Solutions Pvt Ltd,3
Mindcom Consulting Services Pvt Ltd,3
Reach Technologies,3
Sabre Travel Technologies,2
Accely Pvt Limited,3
Automation Anywhere,1
Vijaya Dairy,3
Microtek International Pvt Ltd,3
Betterhalf.ai,2
indiabizforsale,3
University of madras,3
Mark And Make Media Pvt Ltd,3
Saint Gobain INDEC,2
Swiggy,1
Ilantus.,3
WTM DESIGN,3
AdSparx,3
Pi Systems Pvt Ltd,3
Enactus,3
Ravands Limited,3
JK COLD STOARGE,3
Circulants,3
Footsteps LLC,3
Mercedes Benz R&D India,2
omid,3
C4I Technologies,3
Dell Technologies,2
Communication Crafts,3
Gaurav Tondon & Co.,3
Young Minds Technology Solutions Pvt Ltd,3
Mindgrove Technologies,2
Captain Fresh,1
IBM India Private Limited,2
Maharashtra State Electric Board,3
Ubisoft Entertainment Pvt Ltd,2
Lamar University,3
"Reputes Marketing Solutions, Belagavi",3
Sardar Patel College Of Engineering,3
Niranjan Lahoti & Co.,3
Acme Engineering Fabrication Pvt Ltd,3
FIGmd India PVT. Ltd.,2
Dhrangadhra Chemical Works,3
IEEE,3
AutoNxt Automation Pvt. Ltd.,2
Talisman Solutions,3
Nextsphere Technologies,3
AugSenseLab,3
Homejam,3
Tomato Tech,3
BSR Infra Projects Pvt.Ltd,3
Signy Advanced Technologies,3
Ajanta Agency,3
Efficient Sales And Services,3
PaySwifter,2
Aishiksha,3
Bajaj Auto Ltd.,2
Allegis Global Solutions,2
Galaxy Traders,3
Caterpillar Inc,2
KeepWorks,3
IMechE GIK Chapter,3
Other,3
Ipixels Agency Pvt Ltd,3
Netsurion Technologies Private Limitre,3
Big MNC,3
Monkhub,3
Technovert Solutions,3
sesame,3
Omkar Buildcon,3
SpiceHealth Pvt Ltd,3
Nagpur,3
Nickunj Eximp Entp Pvt Ltd,3
Paxten Technologies,3
Axiomz Systems,3
MAS Holdings,2
QtPi Robotics,3
The Comart Group,3
Maruti Suzuki India FortPoint,2
KLM,2
Sitra Infotech Pvt Ltd,3
"Amity University, Noida",3
Openxcell Technolabs,3
PrimeXV,3
AITSPL,3
Altran Technologies Pvt. Ltd.,2
Ericsson Global Services India Private Limited,2
Caavo,3
Ribbon Communications,2
aarna,3
Tiles Mart,3
Imaginate Pvt Lmt,3
Monkey Brains,3
Microsoft,1
Juno software PVT. LTD.,3
Aligarh Muslim university,3
Unischolars,3
Delta India Electronics Pvt Ltd,2
Carrier Air-conditioning & Refrigeration Limited,2
Venkatesh Nirman Corporation,3
Indian Institute Of Technology Kharagpur,3
druta designs,3
Capabl,3
IIHT-Vizag,3
Danfoss,2
Mobiloitte,3
Roots Industries Ltd.,3
Bhuvaneswari Electrical Works,3
Thoughts2binary Consulting & Solution,3
Hamoye AI Labs,3
Skada,3
Velsol Pvt Lmt,3
Varutra,3
Ecumene Habitat Solutions Pvt Ltd,3
Kohinoor Hospital,3
Bioteknika Healthcare Pvt. Ltd.,3
"Infojini, Inc.",3
"Software Development Cell, KJSIEIT",3
Sri Ramachandra University,3
LH IT services,3
Larsen & Toubro Technology Services,2
Herald Engineering,3
Hightlight Enterprises,3
Progressive engineering and consultancy,3
Saketh Exim Ltd,3
Birds eye energy,3
Testo Engineering Works Pvt Ltd,3
Veeam Software,2
Nuclei Technologies,3
99mag,3
Silvertouch,3
Citi Corp,2
Combined Digilog Systems Pvt. Ltd.,3
SuperKalam,3
Cognisun Infotech Pvt Ltd,3
Jay Precision Products,3
Converge Solutions and IT Consultancy,3
Kansai Nerolac Paints Limited,2
Inferon,3
Lister Technologies,3
Persistent Systems Limited,2
Vitara Analytics,3
Logikworks LLP,3
bank of new york,2
Assetsense,3
growaza pvt Ltd,3
ClickUp,1
MH Alshaya Co,2
Aum Infotech,3
Keysight Technologies,2
Uipep Technology,3
Neprofa Technologies,3
MapOut,3
Renault Motors,2
Kiewit,2
Pedal Pvt. Ltd.,3
Techmitts,3
Ward Wizard Research and Innovation,3
Raychem RPG,2
FinIQ Consulting Pvt. Ltd.,3
MISTRAL SOLUTIONS PVT Ltd,3
Level,3
ProjectCafe,3
Play Games 24*7 Pvt Ltd,3
Insight Centre for data Analytics,3
Qubit Technologies,3
Deeplok PMC and Contracts,3
product based company,3
Fastenal,2
Zestorm Technologies,3
Heavenly Secrets Private Limited,3
BIZLEM Pvt Ltd,3
Madras Conveyors Pvt. Ltd.,3
Rajdeep Infotechno,3
Saptasatij Industries Pvt Ltd,3
XYZ innovations,3
Vuram Technologies,3
capgemini,2
FactSet,2
Couchbase,2
Workday,2
R&D,3
Appler Goa India,3
ERP Logic,3
"Chamber of Anuj Tyagi, Advocate on Record, Supreme Court of India",3
Pokkt,3
Aks It Services,3
Qualcomm India Pvt Ltd,1
Tendsweb,3
Cube 26,3
Anonymous Startup,3
Asian Oilfield Services Ltd,3
Subrains Solutions pvt. Ltd,3
Federation Of Ecological Security,3
ZFRane Automotives,3
Whitehatjr,3
Dr.Pinnamaneni Siddhartha Institute of Medical Sciences,3
Mukand Ltd.,3
Mlreef gmbh,3
WebMobi,3
My Ally,3
Sagitec Solutions,3
Suzuki Motors Gujarat Private Limited,2
Finvant Research Capital,3
Eaton Corporation,2
Pioneer Enterprise Pune,3
Dakshin Gujarat Vij Company Limited,3
Shapoorji Pallonji,2
IIIT Hyderabad,1
INCOIS,1
Meera cleanfuels Limited,3
wisedv electronic india pvt ltd,3
Seimens,3
Viteos,2
ThinkingHut It Solutions Pvt LTD,3
Ebix Software India Pvt Ltd,2
Sky Integrity Technology Pvt. Ltd.,3
Envestnet,2
Mumbai University,3
Northern University Bangladesh,3
Salesforce,1
IIM Udaipur,1
Bakhtawar Enterprises,3
software developer,3
Krishitect,3
"Governiof Gujarat, India",2
Myraa Technologies,3
SpiderG,3
White cloud Brands,3
people360D,3
"Coskun Lab, Georgia Institute Of Technology",1
Kk Quality Consultant,3
iQunanti,3
Regent R&D Technologiess,3
Thapovan Information Systems,3
Judix,3
Siemens,2
Snapchat,1
Power Control And Switchgears,3
psymeo,3
Arbisoft,3
Mindlance,3
Whats Extra,3
Koneru Lakshmaiah University,3
glassopack pvt. ltd,3
Gsh India Private Ltd,3
Mastek,3
Medtronic,2
Lbrands,2
Ascent,3
Spinnaker Analytics,3
Lam Research,2
Divide By Zero Technologies,3
American Best IT,3
Bosch Rexroth India Ltd.,2
Myofficecab,3
Solution Enterprise,3
Siemens Technology And Services,2
Dragonfruit AI,2
Ayushraj Constructions Pvt. Ltd.,3
JLL,2
Htc Global Services,3
Breakthrough Technologies,3
HAH Group,3
Ammann Apollo,2
Unisys,2
Robert Bosch Center For Cyber Physical Systems,2
Mirazh Media And Entertainment,3
Brahmapuram Diesel Power Plant,3
NKG Infrastructure,3
Streamline Power Sytems Pvt.Ltd.,3
Cavium Networks,2
The SocialComment,3
Scorpio Marine Management,2
Advandes,3
Renovision Automation Services,3
Pvt Contract,3
ORBO.ai,2
Decision Point Analytics,3
Dhumal & Associates,3
Handzap,3
Infoware,3
Map Systems,3
Power Kiosk,2
Xgrid Inc,3
"FOSSEE , IIT Bombay",1
Jio Platforms Limited,1
Marmag Infra Pvt. Ltd.,3
Shiv Engineering,3
Bluebell Fabcare,3
Konkan Railway Corporation Ltd,2
accenture,2
Deccan Fine Chemicals,2
Petrolink,2
Taboola,1
Infocrunch Analytics,3
ideaForge Technology Limited,2
"Indian Institute of Information Technology, Dharwad",2
Urbanladder,2
Anand Rathi Global Finance Limited,2
Procareer Academy,3
JP Morgan Chase & Co,2
Verse Innovation Pvt LTD,2
Crypsis technologies pvt ltd,3
Delo,2
Philips Innovation Campus,2
Tathyakar Technologies,3
KMED,3
Value Momentum,3
Dassault Systemes,2
Torp Systems Pvt Ltd,3
Soul Pro,3
RT Manufacturing,3
KoTech Software,3
Spikewell,3
Vision Digital India,3
Skynet secure,3
test,3
KTM - Ready To Race Nepal,2
Spectrum Academy Belapur New Mumbai,3
ola,1
MediaMint,3
Global shapers community coimbatore,3
Pinaka Aerospace Solutions Pvt. Ltd.,3
Provontech Engineering Services,3
MediSage,3
Aditi airconditioning pvt ltd,3
Comportment Software,3
Nxtgen Datacenter,3
Web2Success,3
Aloha Technology Pvt.Ltd.,3
RMS,3
Standard Chartered,2
Toahiba software India Pvt Ltd,2
Axonet Emsys Pvt Ltd,3
Cisco,1
Nit Warangal,3
CyberXchange Pvt. Ltd,3
Compocan Ind,3
Scikey,3
Data Analytics Company,3
Hunan SANY Polytechnic College,3
Recrosoft,3
Milearth SofTech,3
AtliQ Technologies,3
Mk Welankar And Associates,3
Winshuttle Labs,2
Sunrise Automation,3
Humanity Welfare Council,3
Architecture RED,3
Envision,3
cg,3
ECIL Rapiscan Ltd,2
Limitless Tech Contracting,3
Archroma India Pvt Ltd,2
Avcon Controls Private Limited,3
Hyperdart Technologies Pvt Ltd,3
M0,3
Banao Technologies,3
IPSA Architects and Urban Designers,3
Shree Shyam Constructions,3
WaveMaker,3
ELECTRONICS TESTING AND DEVELOPMENT CENTER,3
Infoview,3
vanol,3
shapoorji Pallonji Company Pvt Ltd,3
Conduent,2
Tansy Craft Info Technologies,3
Rocket Software,2
Svayam labs,3
Orange Quant Research LLP,1
Nafasys Technologies,3
Billdesk,1
Cex Webuy Entertainment,3
Creya Learning Center,3
Atria Logic,3
schaeffler India,2
Express Global Logistics Pvt Ltd,3
Youth Mission,3
i-TEMC LAB,3
IITRAM,3
sm associates,3
Buisness Tech Labs,3
Lotte Chemical Pakistan Limited,2
Bonrix Software Systems,3
Medha Servo Drives Pvt. Ltd.,2
Polestar Solutions and Services,3
Nestaway Technologies Pvt Ltd,1
"Indus Aviation Systems LLP, Pune",3
Bits Pilani Dubai Campus,3
Dentacare Dental Clinic,3
Awesummly,3
Aptus Health,2
Compose Corner,3
Capri Technosys,3
Cybage,3
Adwaal INC,3
GANDHI DESAM SOCIAL WELFARE TRUST,3
Singapore University of Technology And Design,3
Acuvate,3
Mat Holdings,2
South Central Railway Wagon Workshop,3
Edwisely Pvt. Ltd.,3
Forus Health,3
Bose constructions,3
Friends Associates L.L.P,3
Beez Innovation Labs,3
VASCANSOLUTIONS,3
Fatima Fertilizers,3
Helios Solutions,3
Techsophy,3
Afriasia,3
Samsung Data System,2
Digizilla Llc,3
Clever Harvey,3
Tpf Software,3
Aerospace and Defense,3
Tekfriday Global Processing Solutions,3
Arcon Associates,3
Shree Real Estate Developers,3
Smartserv,3
Bombay stock exchange,2
ANI Technology Private Limited (OLA Cabs),1
Sanjay Doshi Motilal Oswal Investment Services Ltd.,2
ABM knowledgeware PVT LTD,3
Avika Technologies,3
Future Plans Architects,3
CloudxLabs,3
Cientra,3
zinob,3
Mobileiron,2
Institution under Govt of India,3
AutomateBuddy Technologies Private Limited,3
Scibler,3
Motorola,2
Racenext Information Solutions,3
Artivatic AI Labs,3
Acevin Solutions,3
IOTIUM,3
UPC BarcelonaTech,2
Decan Solutions,3
SuperProcure,3
Aditya Birla Finance,2
Bhabha Atomic Research Center,1
Mobiweb Technologies,3
University Of Mumbai,2
starlax aerospace,3
carditek,3
TMCC,3
NHIDCL,2
Some MNC,3
Brainovision solutions,3
Rail MEch,3
SBI Mutual Fund,2
Intern,3
Praktice.ai,3
South Eastern Coalfields Limited,2
Hi-tech Digital Solutions LLP Ahmedabad,3
Care4Edu Pvt. Solutions Ltd.,3
zeotap,2
Precision Arc Robotic Systems Pvt.Ltd,3
Bossard,2
introduction to digital circuits,3
A3Pixels,3
Siddhi Works,3
kites,3
Truskills,3
Sage Technologies,2
Veritas,2
Industrial Links,3
Markon Strategy Consulting,2
Pole To Win,2
Bharathi Cement,2
Symphony A SYKES company,2
Mastro Lee Engineering And Management Consultants,3
Entuples Technologies,3
Product Based,3
Greenway health,2
Arihant Auto Industries,3
techmaghi,3
Changwon National University,3
Indian Servers,3
Magna Steyr Ind Pvt Ltd,2
aig hospitals,2
D. E. Shaw India Pvt Ltd,1
Espressif Systems India pvt. ltd,2
Tap Invest,2
Deloitte Us,2
Crompton Greaves Ltd.,2
Alchaw Metprint,3
Red Hat,1
Codegnan IT Solutions Private Limited,3
Commutatus,3
Sakha Gloabl,3
ICU Medical,2
Neilsoft,2
MS Agarwal Foundries Pvt Ltd,3
Sevina Technologies,3
Celestial Systems,3
Amee Metals Limited,3
Sigmatenant,3
Rlogical Techsoft Pvt Ltd,3
Dusane Infotech,3
Sembcorp Energy India Limited,2
Globacom Ltd,2
shhshd,3
National Center For Polar and Oceanic Research,1
Payoda,3
Xxx,3
Goldman Sachs,1
Learning Wheels,3
Panasonic Energy India Company Ltd,2
Prashant Sutaria Architects,3
Raamaya Technologies,3
Lalit Airways Pvt.Ltd,3
Neotech solution,3
Afour Technologies,3
Computech Services,3
National Astronomical Research Institute Of Thailand,1
International Centre for Technological Innovations,3
Alfaleus Pvt.Ltd,3
Cloudfabrix Software Inc,2
StudBud,3
Investobull Fintech,3
Rewardport Corporate Solutions Pvt Ltd,3
Micro Precision,3
Tekion Corp,1
Sarjen Systems Pvt Ltd,3
Sainath Medi equipment,3
Dhi,3
Urjanet,2
Government Of Telangana,2
Institute Of Seismological Research(ISR),1
Pranaam hospital,3
Centre for Railway Information Systems,2
British Petroleum,2
atlanta transformers,3
Federal-Mogul Goetze India Limited,2
Stetig Consulting Pvt Ltd,3
Xyx,3
3Frames Software Labs,3
Mercer Consulting India Pvt Ltd,2
Indian Institute Of Space Science And Technology,1
Chase Global India Inc,2
EUTHUB Technologies pvt Ltd,3
IITM Robotics Lab,1
Prefer not to say,3
malla Reddy institute of dental sciences,3
QTec Switchgears,3
"Centre Of Propulsion Technology, IIT Bombay",1
Ingram Micro,2
Essar Oil,2
Bankonnnect,3
Atos Syntel,2
Isitca,3
Razorpay,1
Bosch Service,2
Sony India Software Private Limited,2
Pargami,3
"national institute of technology, delhi",2
Sahu Technologies,3
Think Design Collaborative,3
Emqos Embedded Engineering,3
Greencube Global,3
Quantiphi,2
Launchship,3
Human Logic,3
KSRTC,2
Periware Infotech Private Limited,3
galaxy electronics (I) INC,3
Rajoo Engineers,3
Jesimmone Aqueducts,3
Enspireco services,3
Britannia,2
Cleartrail Technologies,3
VMware,1
Opulent Infotech Pvt Ltd,3
Cushman,2
The BYTE magazine (TCET),3
Psychophoenix,3
Summit Part Finishers,3
Renewable Society,3
Bobble Keyboard,2
TTEC,2
Intello Labs,2
Microsemi,1
Futurism Technologies,3
Sidsfarm Private Limited,3
Rolex Cables Limited,3
Redbus,2
Weapplinse Technology,3
Reliance,2
Convergytics Solutions Pvt. Ltd,3
SITA,2
Informatics India,3
IETE SIES GST,3
Thyssenkrupp Industrial Solution India,2
Signicent Information Solutions LLP,3
SATCOM Consultancy services,3
Larsen And Turbo Infotech,3
Can't Say.. Policies,3
TU Delft,2
Wartsila India Private Limited,2
Interviewbit,2
Lg Soft India,2
T-HUB T-Tribe,2
Oasys Cybernetics Pvt LTD,3
Rose Group Of Companies,3
ZS Associate's,2
Express Elevators,3
Obopay Mobile Technology,3
VESIT Renaissance Cell,3
Omkar Developers,3
ringid,3
con,3
Bajaao Music Pvt Ltd,3
NetApp India,2
Tap Cube Studios,3
Glazel Tech,3
Way2online,3
#includetech,3
Tata Consultancy Services Pvt Limited,3
liteapps.nyc,3
Aaashman Foundation,3
RuralScape,3
Zynga Games Network,2
quantum gully,3
NTPC Thermal Power Station,2
Siemens EDA,2
Nanavati Super Speciality Hospital,3
Envision Intelligence,3
Factentry,3
Goltens India Pvt LTD,2
Dvv Associates,3
Duroshox India Pvt Ltd,3
HUJA Industries,3
Santhosh dental care,3
Tinkerer’s Lab,3
Huawei Technologies India Pvt Ltd,1
Topfiften,3
cudovito,3
Gandhi hospital,3
Tejas Networks,2
BiolMed Innovations Pvt Ltd,3
Technosoft Engineering,3
International Center For Biosaline Agriculture,3
ACS Global Tech Solutions,3
Multigenesys Software Private Limited,3
MQA,3
Avishkar Industries Pvt Ltd,3
Ajmera Reality,3
Curian Software Solutions,3
Pixel and Mortar,3
Gov 1,3
Pricewaterhouse Coopers,2
Inspirit IoT,3
ceridian,2
Tamil Nadu Petrochemical Limited,3
Boeing India Private Limited,2
port,3
Bristlecone,3
Tagore Technology,3
Tare Zameen Foundation,3
Gupshup Technologies,1
Telstra,2
"Ministry Of Road Transport And Highway, Government Of India",3
Zest IoT,3
Appfoster Inovations,3
Zoho Corporation,2
TRADE ARTH,3
Precisely,2
Oracle India Pvt Limited,1
Sobha Limited,3
Staragile,3
Worldline India Private Limited,2
Arizen,3
AndroApps,3
SM Power Solutions,3
Bvsr Construction Private Limited,3
Konark group of companies,3
Infinity Automated Solutions Pvt Ltd,3
"AI-ML-NLP Lab, IIT Patna",1
Microverse Automation Private Limited,3
Redemaco Engineering Pvt. Ltd,3
semicolon solution,3
Wealth Runner Private Limited,3
Tecksky Technologies,3
University Of Leeds,2
Naval Science And Technology Lab,1
Midwest Corporation,3
Innoart Technologies Pvt Ltd,3
Splice Global,3
TeamLabs Research Lab,3
Nissan,2
THE BAD STUDIO,3
Secure Machines,3
Alpha Plus,3
ConnectWise,2
P.C.Technology,3
Fresher,3
Larsen & Toubro Defence And Avionics,2
IMA Management & Technology,3
Isquaretek,3
e-emphasys,3
Tafe Motors & Tractors Limited,2
SpringML Indian Development Centre,2
Snap in Sight,3
EVgateway,3
Volkswagen Karnawati,2
Gamma Networks,3
IBM global technology and services,2
Questease Solutions,3
Nse IT,2
"Centre of Excellence (CoE) In Complex And Non Linear Dynamical Systems, VJTI",3
Scandid,3
Himt,3
Sravathi AI,3
Barmalt India,3
Colt Technologies,2
Central Ventilation Systems LLC,3
Essar steel India Limited,2
CyberFrat,3
ortho care,3
JVVNL,2
Armed Forces,2
Sigmatech,3
Colgate Palmolive (India) Ltd.,2
Ealter India Pvt Ltd.,3
Drobot Inc.,3
From The Heart,3
BDGTronix,3
nVipani Technology solutions Pvt Ltd,3
Devi Sea Foods Ltd,3
Centre for Innovation and Entrepreneurship,3
SREI BNP Paribas,2
Mactech SD,3
WWF,2
3i-infotech,3
Take leap pvt ltd,3
ten20infomedia,3
VSAP Technologies,3
codeway solutions,3
Dreamwarez Software,3
Virtusa Software Services,3
Unmaad,3
Dhruva Space Pvt. Ltd.,2
Panchal Engineering Works,3
Indian Army,2
Highly Electrical Appliances India Pvt LTD,3
Jardine Lloyd Thompson India Pvt. Ltd,2
TalentBattle,3
Happiest Minds Pvt. Ltd.,3
Echelon Solutions Group,3
BNY Mellon Technologies Pvt Ltd,2
Footieculture Pvt Ltd,3
Indutch composites pvt ltd,3
Interglobe Aviation,2
Edmingle Learning Management Systems,3
Maverick Media,3
Indimedi Solutions Pvt Ltd,3
Testbook.com,2
Ganga Hydraulica,3
J P Morgan Chase & Co,2
Bst Eltromat,2
Extencore Solutions Pvt. Ltd.,3
Venture Center,3
Brillio,3
Winwire Technologies,3
Zeus Learning,3
Lithos Motors,3
relaince retail,2
Deloitte Touche Tohmatsu India LLP,2
Royal Enfield,2
Theia Consultancies,3
Ohum Healtcare Solutions,3
Swarm Robotics Manipal,3
Crypto Sensei,3
KPMG Virtual Internship,2
Techwheel Solutions,3
Compiler Tree,3
Cyberia,3
Acceldata,1
Picasso Consultant Pvt Ltd,3
Advance Solutions,3
Momentive Performance Materials Pvt. Ltd.,2
local firm,3
Avishkar Technology,3
Singapore Infotech Pvt Ltd,3
Eviden,2
Shree Gel Realty Pvt. Ltd.,3
All is well,3
KL University,3
econship,3
MSME indo German tool room indore,3
Annamrita IFRF,3
Team Albatross,3
architect reza kabul,3
Piblitz,3
Mitel,2
Scon Infrastructure,3
Tradepass LLP,3
Nivoda,1
Akko Worldwide Communications Pvt Ltd,3
Morphlit Studios,3
Natco Pharma Ltd,2
Dhruva Interactive,2
Toyota Service Center,3
Sri Vari Chem,3
Shreeniwas Marketing,3
Deccan Electronics,3
Ashok Leyland Ltd,2
HIEE,3
Renata Limited,2
Flexiple,3
Tata Solar Systems limited,2
Toroid Technologies,3
Tinkerix Technologies Pvt Ltd,3
Cleartrip,2
Yos Theory,3
Truminds software Systems,3
Power Grid Corporation Of India Ltd.,2
APGPCL- Vijjeswaram Gas Power Station,3
Finocontrol,3
SewFitMe LLC,3
Cairn India Ltd.,2
anyEmi,3
Religare,2
Pragmatic Professional Engineers,3
E&Y,2
JP Morgan And Chase,2
Sai Prema Technologies Pvt Ltd,3
Best Tax Filer,3
Broadridge Financial Solutions,2
Alpha Plus Technologies,3
Mk Team,3
Vasitars Pvt Ltd,3
Lemonop,3
Agritech,3
assam state transport,2
JPMorgan Chase & Co,2
KEC International Ltd.,2
nitro network,3
Advanced Structures India,3
Akij Plastics Ltd.,2
Sai Siva Ganga Architects,3
Shrikant Automotive,3
NDS Eco Motors,3
Infotech Software Dealer's Association,3
Central Drug Research Institute,1
Aniruddha Telemetry Systems Pvt Ltd,3
Synophic Worldwide,2
SABYASACHI SEN ASSOCIATES,3
SPACEWELL,2
Ushur Technologies,1
Lambda Vision IXXO,3
Nimbuzz Technologies,3
Simran Technocrats (I) Pvt. Ltd.,3
Ace Infobahn Pvt Ltd,3
Snap Computer Systems Pvt. Ltd.,3
Li2 Innovation,3
Runway Group,3
IBC Media,3
RAL Construction,3
Primetals Technologies India Pvt Ltd,2
Arcesium,1
SS Constructions,3
Dental Station,3
Pride Group of Hotels,3
vision defence,3
Akshaya Private LTD,3
Amazon Development Centre,1
Big Big Big Big,3
Nada,3
DSSM Techno Dynamics,3
SiArt Web Technologies,3
Winsome IT Solutions,3
bhel ge gas turbine services,2
"Madras Institute Of Technology,Chrompet",3
Versa Drives Private Limited,3
BAVCH Edutech,3
Cloudseals Pvt Ltd,3
Cloud Startup,3
Atomic Loops,3
Novell,3
Dutco,2
AVTEC LTD.,2
IDFC First Bank,2
Growth Hackers,3
"Prima Innotech LLC, New Jersey, US",3
robonomics Ai,3
MTS Tooling,3
Bharat Oman Refineries Limited,2
it,3
Shrinathji Electricals,3
Aakit Technologies,3
Walkover Web Solutions,3
Reliance Capital Ltd.,2
"Pooja Industries, Nashik",3
Modernizing Trends Pvt. Ltd.,3
Floor Mate Rubber Products,3
CITIBANK,2
Concent Technologies,3
Rkmadscience,3
Arya meternity home,3
Vaultedge Software,3
Byjus,1
CMC Limited,3
Mears Group,3
Duck Creek Technologies,2
Kastech Software Solutions India Private Limited,3
Neva Innovations Labs,3
Cleartax,1
Bhoomi Analyzers,3
Vassarlabs It Solution,3
Nexchanges,3
Westin Resins And Polymers Pvt Ltd,3
Mr. & Mrs. ML Kayastha And Associate Pvt Ltd,3
GKN Sinter Metals,2
"Nsight Inc., Hyderabad",3
WENS,3
STUDY STUDIO,3
Campusknot,3
Parity Cube,3
Noki Technologies pvt. Ltd.,3
Zf ITC Pvt Ltd,2
DigitalPrizm Infotech Pvt Ltd,3
Kunust.com,3
A And N Associates,3
Bizbazar,3
infoesearch,3
Kki,3
Serigreen Technologies Private Limited,3
NATIONAL INSTITUTE OF TECHNOLOGY SIKKIM,3
Namekart,3
HKS Design Consultancy,3
HappiestMinds,2
National Power Training Institute,3
AV Weldtech Pvt Ltd,3
Jendamark Automation,2
Ftd India Pvt Ltd,3
Celebal,3
Regency technology,3
Unilever Industry Ltd,2
St. George Industries,3
The Tann Mann Foundation,3
Innomatics Research Labs,3
Himagiri Group,3
Gas Turbine research establishment,1
Abdullah A Al Barrak,3
Iron Mountain services pvt Ltd,2
Mobility Alliance and Social Sustainability (MASS) Foundation,3
Nicco Engineering Services Limited,3
SmartWorkz Pvt Ltd,3
Barbara Weitz CEC,3
Newforce Global Services,3
Kineco Kaman Composites India,2
Incend Digital,3
DataRobot,1
PMaps Assessment,3
Cyient Limited,3
Meslova Systems,3
CSIR-CBRI,1
Panchshil Realty,3
Prompt Infotech,3
Gangez Support Services,3
henotic private limited,3
Shade6,3
Raytheon Technologies,2
konnichiwa,3
jkuh,3
AIUB,3
Dr Reddy's Laboratories,2
L3S Research Center,1
Skyline Architects,3
private hospital,3
Kodnest,3
Shreegurukrupa Elevettors Co.,3
Sri balaji ITI,3
Soroco,1
Indian Institute Of Chemical Engineers,3
Futurenet Technologies India Pvt Ltd,3
Autobot,3
"e-Maestro Academy, Pune",3
Illuminify Tech,3
Endurance Technologies,2
Netmagic,2
your digi services,3
"Foundation of Healthcare Technologies Society, Delhi",3
America Movil,2
Opti Designs,3
Origin Architects,3
Gajera Science School,3
Molecular Consultant,3
Naffco Electomechanical LLC,3
ExxonMobil,2
QuestionPro Pvt Ltd,2
"E-Cell, IIT BOMBAY",3
Tercept,1
Mumbai Port Trust,3
Zzzzzz,3
VIT University,3
Blueprint Technologies,3
Iassist innovations labs,3
Karur Vysya Bank,3
"Rifle Factory Ishapore, Ministry of Defence Govt of India",3
CREART Solutions,3
Youth Empowerment Foundation,3
Unifynd Technologies Pvt Ltd,3
M.T. Constructions,3
Maveric Systems Pvt ltd,3
Embedded,3
linkquest telecom,3
Gujarat Metro Rail Corporation Limited,3
MyGate,1
S.M. ENGINEERING WORKS,3
Sands Precision Pvt. Ltd,3
Gemsons Precision Engineering Pvt Ltd,3
E-commerce,3
Coreview Systems,3
Aivolved Technologies Pvt Ltd,3
DigiHelic Solutions Pvt Ltd,3
Infosec united,3
Agva Healthcare,3
Sigitek Software Services Pvt Ltd,3
Finolex Industries Ltd,2
Kuka Robotics,2
eduskills,3
m.m. lace house,3
Gupte Engineers,3
Infinite Computer Solutions,3
Piramal Realty,2
Limaye Engineering,3
AMD India,1
Silicon Honda,3
airobotica,3
Techienest Pvt Ltd,3
Path Creators,3
AXIOM IO,3
Nexalus Infosoft Pvt. Ltd.,3
Ducen IT,3
Adtran,2
Solenis Chemical Pvt Ltd,2
patwardhan associates pvt ltd,3
Light and wonder,2
Marathon Electric Motors India Pvt.Ltd,2
H R. SHAH,3
Unirols Airtex,3
NHPC,2
Andhra Pradesh State Skill Development Corporation,3
solar apps,3
Coding Sheep,3
Optech engineering Pvt. Ltd,3
Fortis Hospital,2
bluepi consulting pvt ltd,3
Agile Social Learning 360,3
Veda Labs,3
PhotoElectricChefs,3
BA Continuum India Pvt.Ltd,2
TC,3
fresco art,3
Eminence Technology,3
AT&T Communication Service India Pvt Ltd,2
Acadecraft,3
URC INDIA,3
Inochi Care Private Limited,3
Hotstar,2
MassMutual,2
Vertiv Energy Pvt Ltd,2
Brahmayya & Co,3
Hairorama LLC,3
sai CNC Technics,3
hetero Biopharma,2
Shri Krish Automation,3
Gujarat State Fertiliser and Chemicals limited,2
HashedIn by Deloitte,2
Hindustan Aeronautics Limited,2
Monocept,3
theopenslate,3
Thirdware Solutions Ltd,3
Adtran Networks India Private Limited,2
Amtz,3
MiQ Digital India,2
Parikh Energy Systems Pvt. Ltd.,3
Tata Projects Ltd,2
Prakash Constructions,3
Publicis Sapient,2
Microsoft Research India,1
Dfccil,2
Headway,3
General Aeronautics Private Limited,3
Tulip Diagnostics (A Perkin Elmer Company),2
Hyoristic Innovations,3
smart knower,3
Klikpack Technologies,3
Cloudshift,3
Indian Institute Of Technology Roorkee,1
Calsoft Inc.,3
Hindustan Petroleum Corporation of India,2
Glenmark Pharmaceuticals Ltd.,2
Laurus Labs Ltd,2
AMG INNOVATIONS INDIA LTD,3
Transvision Software,3
Coutloot,2
Bharat Petroleum Corporation Limited,2
skyylives infotech,3
iBrain Thinking Solutions Pvt. Ltd,3
MTC,3
MakroCare,3
Lubi,3
Bharat Photon Electronics,3
Axxon Ltd,3
Augray,3
cloud ladder consultant,3
Wat Media,3
Incuspaze Solutions Private Limited,3
UST GLOBAL,3
Athreya,3
Thyssenkrupp Industries India Ltd.,2
Reynlabs,3
Practice Mock,3
BWSSB,3
Pgvcl,3
Cedicom,3
SubAero Precision Machining,3
D Square Consulting Services,3
"Electronics And Radar Development Establishment,Defence Research And Development Organisation",1
Mechatronics Research Lab,3
Wadia Institue of Himalayan Geology,1
"Video Analytics Lab, IISc",1
Rightway Specialized Induatries,3
FINT Technology Africa,3
Thoothukudi THERMAL POWER PLANT,3
Trust for Training Awarness and Reasearch (TTAR),3
Automation Engineer,3
Scienaptic Systems,3
Careernet Consulting technologies,3
"Ministry of Home affairs, Govt of India",2
Ontro,3
alliance design solutions,3
Santos Torch Tech,3
Wirpo Ltd,3
Hindustan Machine Tools,3
Safe Security,3
Endeavor Edutech,3
Inventurus Knowledge Solutions Pvt Ltd,3
Mcwane India Private Limited,2
Divine Streams Network,3
Kirby Building Systems,2
Vadini Infocenter pvt ltd,3
Mkel Networks Limited,3
Rieter,2
TMW,3
NexusDevOps,3
Tvish,3
BDB India Pvt. Ltd.,3
Reliance Industries Ltd,2
Frapp,3
Piconergy,3
Jade Global Software Private Ltb,3
P.S,3
Inria,1
Emerson Climate Technologies,2
IIST,1
M & B Construction,3
Angels Dentist Network,3
UangTeman,3
Nitin Enterprises,3
ABCDEFGHI,3
Soktas Tekstil,3
DataTobiz,3
Gkn,2
ASTHA Nepal,3
nagaro,3
Verisk financial,2
Bank Of New York Mellon Technologies,2
Aurigo Software Technologies,3
Medcords Heathcare Solutions Pvt Ltd,3
Aryabhata Technology Private Limited,3
California Institute of Technology,1
Audetemi,3
Ayodhya Construction,3
Humanitarian Technologies Lab,3
AI Design,3
Global Vectra Helicorp Ltd,3
Nestle Ltd,2
MKCL,3
Gurugram Police,3
Mavenir Systems,2
Myscape Construction,3
Silvertouch Technologies Pvt Ltd,3
Finiq Consulting Pvt Ltd,3
Precise Vacuum Pvt Ltd.,3
sarvottam Polymers pvt. ltd.,3
Secular Software Pvt. Ltd,3
Alacriti,3
Ensurity Technologies Pvt Ltd,3
The Smart Cube,3
MTL Instruments Pvt Ltd,3
Altruista Health,2
Stayzilla,3
"Enable, a Fujitsu Company",2
Cloudage,3
Wise Tech Labs,3
Safety Shop,3
Marsplay,3
Therex Technology,3
hospital,3
Samsung Semiconductor India R&D Center Bangalore,1
Spira Power,3
AlgoAnalytics pvt Ltd,3
jaiudit suitings,3
Impetus Technologies Pvt Ltd,3
Khon Kaen University,3
Vadalkar And Associates,3
Webileapps Technologies,3
f13 technologies,3
Infogain,3
Tonbo Imaging,2
Jacobs Engineering,2
Axles India Ltd,2
Packetpath Technologies Pvt Ltd,3
PowerSchool Group LLC,2
HCL,3
LaunchX Labs,3
Integrity Innovative Solutions,3
NALCO Waters pvt. ltd.,2
CCBA,3
EGS Computers India Ltd,3
Webdefy,3
CX Paradise Inc,3
Innovation Communication Systems Pvt Ltd,3
Infor(India) Pvt. Ltd,2
Excler,3
Nikita Chemical Industries,3
Gaadi Web Pvt Ltd,3
Sai Samarth Construction,3
Motorzest,3
The HomeShop Limited,3
infabytes solutions pvt ltd,3
Octopolis Technologies Pvt Ltd,3
Girmiti software Pvt Ltd,3
Robonik,3
Globe Civil Projects,3
Naman Angels India Foundation,3
Prutor.ai (IIT Kanpur),2
Techmahindra Ltd.,3
saca credit solution,3
Acey Engineering Pvt Ltd,3
Kennect,3
Bhavna Software,3
Canara HSBC Life Insurance,2
Center for Data Science And Applied Machine Learning,2
JP Infra,3
Post Tension System India Pvt. Ltd.,3
Zymr Inc.,3
Alumnus Software Ltd,3
IMERYS,2
Wissen Technology,3
Benko Hotel and Suites,3
Mindgate,3
Pes University,3
Institute Of Life Sciences,3
Drive Analytics,3
Ajay Associates,3
Cyber Eye Research Labs and Security Solutions Pvt. Ltd.,3
PensionPro,3
SuneraTech,3
Bio-Rad Laboratories,2
AAtek Robo Pvt Ltd,3
iQuadra Information Technologies,3
Aureus Analytics,3
Kalpataru Infra,2
Solarillion Foundation,3
NBC Framework,3
Performant,3
Sajjala biolabs,3
Ezenith,3
Infocepts,3
SecurAIse,3
Opus Consulting Solution,3
Imexzen,3
Zettabye SoftTech,3
hitachi energy,2
Aditya Pharmacy College,3
Net Carbon Vision,3
Expicient,3
Advanced Control Data Machines,3
Squadrun Solutions,3
Robert Bosch Automotive Electronics,2
PEMAC Nigeria Limited,3
electric design and services,3
Centre For Materials For Electronics Technology,3
RutuChakra,3
Securview,3
systematix,3
Industrial Engineering Instruments,3
Etherwire,3
Atandra Energy Pvt ltd,3
Sandisk,2
Bloomstack,3
Syntel Pvt Ltd,3
Mas Finance,3
Skillnetinc,3
Fidelity investments,2
TT Consultants,3
Dell Technology,2
Global Cloud Xchange,3
Rennstall Esslingen,3
BACE India LLP,3
kox med &Lab Pvt. Ltd,3
Genesis Planners,3
7-Eleven Inc.,2
Gujarat Infrapipes Pvt Ltd,3
Bajaj Finserv,2
Dailyhunt,1
TCS EIS,3
National Institute Of Technology Warangal,3
Ruchi Soya Industries Limited,2
AMAI Consulting,3
VBI,3
Neuronme,3
Chemco Plastics Pvt Ltd.,3
Digiqtech,3
Mansi Ganga Builders & Engg. Pvt. Ltd.,3
Apps Associates,3
Nuclear Power Corporation Of India Limited (NPCIL),1
ACPCE,3
Mack Valves India Pvt Ltd,3
Microchip Technology,2
Commscope,2
The Dezine,3
Maruti Suzuki,2
United Breweries,2
Shanti Traders HPCL CFA & Distributor,3
GOWMA NON LEATHER PVT. LTD.,3
Deloitte USI,2
Georgia Institute of Technology,3
Kalashree properties,3
Econonic Corporation,3
Tata 1mg,1
Robic Rufarm,3
Macleods Pharmaceuticals,2
University of Surrey,3
Inventifweb,3
Pivotree,2
Accord Software And Systems,2
HSK IT SOLUTIONS INDIA PVT LTD,3
Synoverge,3
I-yuga Consultancy,3
Enlume Technologies,3
Vertizone Pvt. Ltd.,3
Harley Davidson,2
siri consultants,3
Aqua Control Valves Pvt Ltd,3
Wonjin Accounting Corporation,3
Ankidroid,3
Fidelity International,2
Jumpball Eduventures,3
Srgd,3
Fortech,3
University Of Wisconsin,2
Pattern Effects Labs,3
Silfra Technologies Pvt Ltd,3
Atlas Software Technologies,3
Joytree Global Pvt. Ltd.,3
LEAK PRROF PUMPS INDIA PVT. LTD,3
Good Wrench Services,3
the esports Club,3
Local,3
Hinduja Tech,2
GE Aviation,2
Nvent Thermal,2
AMMACHI Labs,2
Betsol Pvt Ltd,3
Uniq Technologies,3
SmartQ,3
geneca solutions pvt ltd,3
"Tata Motors, Pune",2
Fresenius Medical Care,2
My Captain,3
demy software solutions,3
Netcracker Technology,2
Data Science Lab,3
Pradeep&co,3
KPMG,2
Omegasoft Technologies,3
Disside Design Studio,3
Udyog Software,3
Oyo Rooms,2
nayvri,3
ISRO-NRSC,1
Obo Bettermann,3
Thermax Limited,2
NriStartupIndia,3
Port Beverages,3
Indian Institute Of technology Ganhinagar,1
Aditya Birla Chemicals Thailand,2
Falose,3
Pudumjee Paper Mills,3
Vivriti Capital,2
Infieon supermileage,3
Tezsure,3
Start-up,3
PES University,3
cyferscript,3
Indian Agricultural Research Institute,1
IIDE,3
ADCPL,3
Rajshahi University of Engineering & Technology (RUET),3
"IIT, HYDERABAD",2
Meditab Software Inc.,3
"Rove Labs, Bangalore",3
PupilMesh Pvt Ltd,3
PWC,2
Meltronics Systemtech,3
abcd,3
Krish Kothari Design,3
Harsha Engineers Limited,2
Ministry of electronics and information technology,2
PR Pharma,3
Mazagon Dockyard Ltd.,2
Microgold refinements,3
Bosch Global Software Technologies,2
Big Basket,2
Terraeagle,3
iball,2
Think Analytics Mumbai,3
Refricon Hvac Systems,3
"TIFAC, DST, GOVT. OF INDIA",2
adroit infosystem,3
Leucinetech,3
InAmigos Foundation,3
ConnectED Technologies,3
ASPIRING MINDS PVT LTD,2
Rapidfab3D Engineering Solutions Pvt.Ltd.,3
"Spider Lighting,Mumbai",3
Klassic Associates,3
"La Trobe University, Australia",3
IT Solutions,3
Viz Solutions Ltd,3
Smollan,2
Toddle,2
Finmechanics,2
Junya ishigami Associates,3
Covantech Pvt ltd,3
Viavi Solutions,2
Emsoft Embedded Systems,3
Paramhans,3
Sew Tech,3
Lucas TVS,2
NSEIT,2
DynPro Pvt LTD,3
Spiceworks,2
Nimrod International,3
Excel Innovations,3
Evergreen Engineering Co. Pvt. Ltd,3
SlashMark,3
FlavourFave,3
Samadhan.org,3
Fino Paytech Pvt Ltd,3
Parul University,3
TechLeer,3
Geometric Ltd,3
Universidad de Ibague,3
Quotient,3
AAPOON DIGITAL Pvt Ltd,3
Proseon Technologies Pvt. Lmt.,3
Emtec Technologies Pvt Ltd,3
xxx,3
Gallium Arsenide Enabling Technology Centre,3
F1Soft,3
PGD GROUP,3
ICMG,3
ALERTENTERPRISE,3
UpGrad,1
Variance AI,3
Bibloskart,3
Indium software Pvt Ltd,3
Darwin Platform Group of Companies,3
Swanand Construction Company,3
Peepstake Pvt Ltd,3
Tvs Sundaram Fasteners Ltd,3
Clodura,3
Rhythmflows,3
eInfochips Ltd.,3
soochi Technology,3
Infosys Technologies Limited,3
techiyen technologies,3
Zypher,3
Hitech Coated Sands,3
Travelex,2
Ctronics,3
Pune Municipal Corporation,3
College,3
Arpari (YC W22),1
Olam international,2
Kin Hydraulic Systems,3
Maersk Line,2
Mototola Mobility,2
Sanofi,2
Timber Studios,3
SUNY BUFFALO,3
Dreams Constructions Pvt. Ltd.,3
"Indian Institute Of Technology, Hyderabad",3
IDRBT,3
Digitellher,3
Getinge,2
Indian Institute Of Technology Mandi,1
Sun+ Solutions,3
Shippable,2
Kiel University Germany,1
Techture Structures,3
Merai New Age Private Limited,3
Microfocus,2
wendt india limited,3
Smg Design Inc.,3
Eastern Techno Solutinos,3
sprylogic,3
kipi.bi,2
iVIS,3
Qualys,2
TATA Starbucks Pvt Ltd,2
Eugen,3
Jamculture,3
Circles Life,1
internship2,3
NJ India Investment,2
Mark Web Solutions,3
Oro Dental Speciality Clinic,3
Kumowiz,3
Tata Projects Limited,2
And Mine Nepal,3
Curetech Skincare Pvt. Ltd.,3
Radiare Software Solutions,3
Pyrotech Electronics,3
M.N.Kalbhor Engineers and Govt. Regd. Contractors,3
Monet Networks Inc,3
Navkar Gems,3
AnTim Technologies LLP,3
techigai,3
Aasra Ngo,3
VVIT,3
Lotus Ozone Tech Pvt Ltd,3
AGP PRATHAM,3
Kramah Software,3
Tally Solutions,2
E2OPEN,2
Case New Holland Construction Equipment India Private Limited,2
Radware,2
Zakthi Innovation Lab LLP,3
Mindclues,3
Panamind,3
"CNDE LAB, IIT MADRAS",1
Seashell Logistics Private Limited,3
National Upstream Solutions,3
ION Energy,2
Plural Technology Pvt Ltd,3
Mukundrao Pannase,3
JIM Solutions,3
Ms Rao Engineers,3
Manash infotech private limited,3
Evaluesereve,2
Holisol Logistics,2
IHub IT Solutions,3
Accrete.ai,1
Jupiter Hospital,3
IHA Consulting Services Pvt Ltd,3
Phn Technology,3
SHEC Bhopal,3
Architects at Work,3
Unacademy ONLINE coaching APP,1
HydroMind,3
ICICI Bank,2
Dwebbox,3
cirrius,3
Vupico,3
Navrachana University,3
Tata Lockheed Martin aero structures ltd,2
Era Pharmaceutical Pvt Ltd,3
Verizon India,2
Kubixsquare,3
SM Dental Care,3
Elear solutions,3
FinIQ Consultancy India PVT LTD,2
ABCOM,3
UMBC,3
NVIDIA Corporation,1
Magnaton Innovation,3
Senseforth Technologies,1
AN Builders and Developers,3
Nus-Singtel R&D Cyber Security Lab,2
Cogent,3
Woas technology Private Ltd,3
Sparkonix,3
Kuehne Nagel Pvt Ltd,2
"CROWN TOWERS ,Perth,Western Australia",3
Genesys Telecom Labs,2
"Powerica Limited, Bengaluru",2
BEML,2
Godigit,2
express analytics,3
Indo Shell Cast Pvt Ltd,3
Sharp Dental Specialities,3
gov 2,3
Jones Lang Lasalle,2
Sciformix Technologies,2
Velankani Software Private Limited,3
Asteria aerospace Pvt LTD,3
Hotel Management,3
National Highway Authority of Pakistan,3
Maven Silicon,3
Career Diaries,3
Palnesto Pvt Ltd,3
Kinjin Foods Pvt. Ltd.,3
Zeus Learning Pvt Ltd,3
Mmrcl,3
Dimts,3
IftarMove,3
TCR Innovation,3
Visa Inc.,2
Vk Industries,3
"Centre for Development of Advanced Computing, Pune",1
Own Company,3
EWES,3
Citicorp,2
Mashreq Bank,2
BSNL RTTC,3
Tork Motorcycles,3
Sanofi Pasteur,2
GE Transportation,2
Total Tools Pvt Ltd,3
smart desert,3
State Bank Of India,2
Optimal Strategix Group,3
Starcke Abrasives India,3
Clari,1
Vicara,3
Vbt Consortium,3
Oracle India Pvt Ltd,1
Wharf Street Strategy,3
Octasic,3
Tektronix,2
Units Engineering Consultancy,3
AI4Bharat,3
Vyas Gianatte Creative,3
Daimler Trucks Innovation Centre India,2
Fusion Hawk,3
Dhara Developers,3
vgn itcraftsmen,3
flextrade systems inc.,2
P & M Enterprise,3
Detect Technologies,3
Symphony Fintech,3
Aiden Medical,3
Equations Work IT Services Pvt Ltd,3
Ibadan Electricity Distribution Company,3
Data Metica,3
Mangal Engineering Works,3
Emirates Schools Establishment,3
plutus wealth,3
Hindustan Coca-cola Beverages Pvt Ltd,2
Alltronics Technologies,3
Scorpion Intelligent Automation LLP (SIA),3
Gannet Engineering Pvt. Ltd.,3
Bizz Website,3
Ghanshyam Engineering Company,3
Inktop Publishers,3
globacom,3
Pramati Technologies,3
M/S RamKrishan Industries,3
Trigyn Technologies,3
Crisil,2
Optum Global Solutions (India) Private Limited,2
Maxion Wheels,2
Bosch,2
Trivecta Digital,3
iPing Data Labs LLP,3
University of Bristol,3
Player Orbit,3
"Softora Technologies Pvt Ltd, Bangalore",3
Pirimidtech,3
Global Surveys,3
Getmyuni.Com,3
Novares,2
Paras Pump,3
Shri Technologies,3
ProLeg,3
Huhtamaki,2
Women of Aeronautics and Astronautics,3
Beryllium Ventures,3
microchip academy,3
Advancedware Technology Pvt Ltd,3
dr smile,3
Truetech Solutions,3
Bangalore Metropolitan Transport Corporation,3
Ericsson India Global Services,2
Edurun,3
National Physical Laboratory,1
Nationstar mortgage,2
Accenture Services Pvt. Ltd.,2
Protiviti,2
Jocata Financial Advisory & Technology,3
Sysauto,3
Ozone Engineering,3
Subtronics India Pvt Ltd,3
Caarya,3
Moduland,3
Sensen Networks,3
Unicase,3
Kochar Infotech,3
Manage Code Cultivate LLP,3
Edu-drive,3
Akash Technolabs,3
Techno Brain,3
Rftronics,3
CCBUL Consultancy,3
Not Provided,3
Inmile,3
Michelin,2
B. G. Shirke Construction Technology Pvt Ltd,3
Iron Mountain,2
L&T Control And Automation,3
Kerala State Pollution Control Board,3
FCB Technologies,3
"Institute Of Chemical Technology, Mumbai",3
Skillmithra,3
NTPC,3
Carelon Global Solutions,2
Active Engineers Kathvada GIDC,3
Vokse Digital Consultancy Services,3
Anudeep Arts,3
Svarochi,3
Rent&Make,3
illumine Industries pvt. ltd.,3
Ardent Technologies,3
R. Chakrapani and Sons,3
Hyundai Service Center Kathamdu,3
Target Corporation India.,2
Shellmech,3
Campus Polyplast Pvt Ltd,3
Cmrit,3
Brainvire Infotech,3
Kritilabs Chennai,3
Enrst and young,2
Marvel Glass Pvt Ltd,3
RACEnergy,3
ASL,3
Societe Generale Global Solution Center,2
hi-tech hydraulic engineers,3
Ambetronics Engineering Pvt. Ltd.,3
BEST,3
JGC Corporation,2
Bit Mesra,3
Vitech Heavy Equipments Pvt Ltd,3
Raptor SUPPLIES,3
BookMyParts Networks Pvt Ltd,3
Cloudgate India Systems Pvt Ltd,3
Groww,1
global groupware solution limited,3
Dtechno Constructions,3
Integrative Medicine Lab,3
Symetric Systems,3
Acquia,2
Ministry Of Drinking Water And Sanitation,3
Dorle Controls,3
Talentica Software,2
Track RF link,3
Nirvana Wellness Technologies Private Limited,3
Godrej Storage Solutions,2
Nit Meghalaya,3
Nissan Digital,2
IIT Varanasi,3
Society of petroleum engineers international,3
ONNES CRYOGENICS,3
Samsung R&D,1
Infilect,1
NextAlerts,3
Maharashtra Knowledge Corporation,3
Digicert,2
Seed Consulting Group,3
posspole,3
Torchit Pvt. Ltd.,3
Pantech Pvt. Lmt,3
Eattributes,3
zircon 34 Design Studio,3
Fork Media,3
Whishworks,2
Hylasco Bio-technology,3
Mahindra,2
TIBCO Software,2
Nymble Labs,1
KMV PROJECTS LTD,3
Trivium Esolutions,3
Siemens Gamesa Renewable Energy,2
BS Buildtech,3
Matrix Comsec,2
Efftronics Systems,2
Oasis,3
Vedanta Resources,2
Crossnibble Tech,3
Share Infotech,3
Edugorilla.com,3
SN Industrial Consultants,3
iprimed education solutions pvt ltd,3
Geekay Infotech,3
L.A.G.S Tech Solutions,3
Symantec India,2
Department Of Water Supply And Sewerage,3
Get2Know,3
keplaar,3
University Of lille,3
PapaerTrue,3
Olimind Inc,3
Unbox Innovations,3
Vaneera Hitech,3
Unbiased,3
Bharti & Associates,3
Mayadata,3
Dreamz software solutions,3
Gill Instruments,3
Aegis Engineering Co.Pvt.Ltd,3
Veggie Factory,3
Hewlett-Packard Enterprise,2
Sportscafe,3
Lumium Design Engineering PVT LTD,3
Inogent Laboratories,3
Fusion Jewelry,3
Osmos Multimedia Pvt Ltd,3
Startrurals,3
Darwinbox,1
Lets Dive,3
Techigai,3
Devon Software services,3
Navis,2
SIBAR DENTAL  COLLEGE,3
Tesseract solutions Pvt Ltd,3
Izeal Info Solutions,3
Genesys,2
Vortex Panache,3
Multid Solutions,3
"Interdisciplinary Centre for Cyber Security and Cyber Defence of Critical Infrastructures, IIT Kanpur",1
ramana associates,3
Consumer Finance Company,3
Delve AI,3
Visarda abhiyantran,3
Greenonix Laser Technology,3
CJDarcl Logistics Ltd,3
Avartana Electech,3
CMC Hospitals,3
siemes,2
Federal Bank Ltd.,2
Avista Technology Solutions,3
Investment Banking,3
Retrica Inc.,3
Alchimetis,3
HAL offshore,2
Bell Teleservices India Pvt Ltd,3
M D Desai & Co,3
Meridian,3
Samashti infra,3
Mircotech Computer Center,3
Deepgrid Datacentre Pvt Ltd.,3
Minda Corporation Ltd,2
MNC Bank,2
Einfochips,2
Embedded RF Technologies,3
Univ,3
JustBooks,3
1thing Innovation And Design,3
Growisto,3
Parallax Labs,3
"Food Marketing and Technology magazine, India",3
notion architects,3
APSSDC,3
Talentmicro LLC.,3
djrj,3
Vingyan Innovations,3
Fibe(Early salary),2
Blitzjobs,3
BIC,3
Treebo Hotels,3
"Punhil Construction Pvt. Ltd., Kathmandu, Nepal",3
Jagdamba Motors,3
Onida,2
CMS Computers Ltd,3
Nuclei,2
Endress+Hauser,2
EmTron technologies Pvt Ltd,3
YHI Educational Group LLC,3
Omnitonz,3
Engineers Without Border Chennai,3
zirca digital solutions,3
ITC-PSPD,2
Evolve Robot Lab,3
C N K,3
Mindchamp,3
MADHUBABU INDUSTRIES PVT LTD,3
Shiv Nadar University,3
tata advanced systems limited,2
Mbit Wireless Pvt. Limited,3
INTRA INDUSTRIAL TECHNOLOGIES,3
Swami Sheeeji Dental Clinic,3
Iconflux,3
Reaching Sky Foundation,3
Paathshala Education,3
Aster Automotive Pvt Ltd,3
International Tobacco Company,2
TESLAENERGY,1
system73,3
Acute Informatics Pvt Ltd,3
CSIR-Neeri,1
Khadga Entertainment Pvt Ltd,3
VMS,3
Team Algol/ Team Indus,1
Fountane LLC,3
Université de Sherbrooke,3
Kothari And Associates,3
Infobase Systems,3
SSBA Innovations Pvt. Ltd,3
Polaris Consulting & Services,3
Octalsoft,3
Primary School,3
Catalog IT Solutions Pvt Ltd,3
Sharpnode Technologies Private Limited,3
Appshark,3
Purecode Software,3
Kranti Industries Ltd.,3
wayzon Technology solution pvt ltd,3
Vertical22,3
Spicer India LTD,2
hft,3
OFSS,2
Nihilent Ltd,3
MRPL,2
HSK&IT SOLUTIONS PVT LTD,3
Tecnics Integration,3
ThoughtGreen Technologies Pvt Ltd,3
InternetFirst.org,3
Aksharlogic Systems Pvt Ltd,3
Ai-Adventures,3
PM Control Systems,3
Softinator,3
Spike Controls,3
APL Apollo Tubes Ltd,2
Prozeal Infra Engineering Pvt LTD,3
Rishi Biotech,3
Kate Group Of Industries,3
Ficosa,2
Webcode Solutions,3
Paveway Automation,3
Sytiqhub,3
Beyondtek IT,3
Agility E Services,3
Nandan Buildcon,3
CADVision Engineers Pvt Ltd,3
Absolution Group,3
ScriptBees IT Pvt Ltd,3
Great Software Lab,3
Inmobi,1
Artifact Tech,3
Sleepiz,1
Vodafone Idea Ltd,2
OCC EDUSOFT,3
Aeron Systems,3
Medrona,3
Rolon Seals,3
croods consolidates,3
CrossShore Solutions,3
In House Competition,3
CityGreens,3
VGN Homes Pvt. Ltd,3
Aarvee Associates,3
Artemis Foundation,3
Beekin,1
Xmplar Management Solutions,3
ADQ Services,3
Amaravati Exports Pvt Ltd,3
HMI Engineering Solutions,3
Capita India Pvt. Ltd.,2
Vineet Construction,3
Gakuen Technologies,3
Times Group,2
Cronycle Ltd.,3
Wolters Kluwers,2
Siemens Healthcare,2
Workbench Projects,3
Accurate Machines And Accessories Pvt.Ltd,3
C-BIA,3
Griffyn Robotech,3
Parala Maharaja Engineering College,3
Katsi India Pvt Ltd,3
IIIT Bhubaneswar,3
Center for Development Of Telematics,1
Government Of Nepal,3
Ramanashekar Steels Ltd,3
Government Of Chhattisgarh,3
pr powertech solar solutions,3
Six Red Marbles Pvt Ltd,3
Causecode Technologies,3
Saama,2
18North Systems Private Limited,3
Desha Engineers,3
Sahajanand Laser Technology Limited,3
rawdata,3
Digital Core Technologies,3
Sunizant,3
Libre Wireless Technologies,3
Tecnimont Pvt. Ltd,2
Congruent Solutions Pvt Ltd,3
Botonomics,3
Salzer Electronics Limited,2
TrueFeedBack Information Technologies,3
Hindustan Construction Company,2
Jindal Drilling And Industries Ltd,2
Norm Software Solutions,3
Kohinoor Constructions Pvt Ltd,3
Nyati Group,3
Cedar Infotech,3
Allaint Infotech,3
Technohunt.net,3
NTT Data Services,2
Tata Digital,2
Zen Chemicals Pvt Ltd,3
Codescastle Software Pvt Limited,3
Codequest,3
SHROFF GROUP,3
3E software solutions,3
Coveo Info Solutions,3
Axalta Coating Systems,2
ASI Pvt Ltd Jaipur,3
IBM - CIO,2
Newton Power Team,3
NeetaTech,3
Drytech Engineers,3
Morphle Labs Pvt. Ltd.,3
SECUREITLAB,3
Utopia Global Inc. (Prometheus Group Company),2
NCR CORPORATION PVT LTD,2
MaDeIT Innovation Foundation IIITDM Kancheepuram,3
Pivot X,3
Zycus,2
Onference Training Technologies LLP,3
piterion,3
Sany India,2
industrial coal Ltd,3
Jubilant Life Sciences,2
sourcepro,3
Worldlink Communication Pvt. Ltd.,3
86SPACESLLP,3
Ve Commercial Pvt Ltd,2
The oriental Insurance company,2
BINTAN RESORT FERRIES SINGAPORE,3
Redhat,2
Profound Edutech,3
Ericsson Research,2
Punit Greenland LLP,3
Traydstream,3
Baba Art Industries,3
Skyfi Labs,3
MakerVidya,3
MMT-SEVENTH DEV PVT LTD,3
C.A. Design Solutions Pvt. Ltd.,3
"Knit, IIT Bombay",3
SOLARIFY,3
Mesh Education Inc.,3
Inflolabs pvt ltd,3
Softpro India Pvt. Ltd,3
RCF,2
Mindshare,2
Cst,3
Serco,2
venkateshwara infrastructures,3
Deloitte And Touche,2
Rainiersoft,3
Eserve Pvt Ltd,3
State government,2
ESI SOFTWARE,2
Baniaz Hc Limited,3
Maquet Medical Limited,2
Indo German Tool Room,2
SimplifyVMS,3
CMSIT Services Pvt Ltd,3
Rejoice hub,3
company b,3
Teclever Solutions,3
steag energy services,2
HumanFractal.ai,3
Indian Institute Of Technology Delhi,1
Samsung,1
Polyplex Corporations Limited,2
MindMyWeb,3
Progression Infonet Pvt Ltd,3
Karnavati School Of Dentistry,3
tradeasia international,3
NRRDA,2
Globeop Financial Services,2
Amura Marketing Technologies,3
Dofty,3
Visakhapatnam Steel Plant,2
Sk Industries,3
studio LAB,3
Department of electronics CUSAT,2
TM Ltd.,3
Haldia Petrochemicals Ltd,2
SS&C Globeop Financial Services,2
Automation and Control Systems India,3
Elekore Systems,3
Reliant Vision,3
ipeg,3
Octro Inc,3
Thirdleap,3
Nike,2
Esorus,3
AIML Community,3
AIvariant,3
Teachers Insurance And Annuity Association Of America,2
vevitas services,3
CVRanker,3
Mastek Ltd,3
Ministry Of External Affairs,3
Breathbit,3
Avaya,3
Prescience Design Solutions,3
Paratus Systems,3
Future Factory LLP,3
Axion Ray,2
Elecon Power System,3
RAA TECHNOCRATES,3
Exa Mobility,3
Fabtech Projects & Engineers Ltd.,3
Motilal Dhoot Infra. Pvt. Ltd.,3
SCHWING Stetter,2
CretX,3
Ambarkaar Software Pvt Ltd,3
Ethan.ai,3
Rystad Energy,2
KazStroy Engineering,3
Lekha Wireless Solution,3
Evive,2
datapoint,3
Intelligence Techsol,3
Exceed Finserve,3
Transorg Analytics,3
EtaPro,3
Amec Foster Wheeler,2
Oracle Corporation,1
Hi-Tech Hydraulics,3
Sears Holdings India,3
Ashima Pvt Ltd,3
"Indian Institute of Technology, Roorkee",1
Muskurahat Foundation,3
Jimoz Web Studio,3
Automaton Ai,3
Centurylink India,2
International Advanced Research Centre (ARCI) for Powder Metallurgy And New Materials,1
Care for Cure,3
Vaartani,3
GRAMIKSHA,3
AV Company,3
Canticle Technologies Pvt. Ltd.,3
Jp Morgan & Chase,2
Cogito Corp,2
Earth Foundation,3
Freelancer,3
ArunKumar Landscape Designers And consultants,3
Turito,3
MAJD Digital,3
Keshav Sita Memorial Foundation Trust,3
Icici Prudential,2
kribhco,2
IG Group,2
Vyas Gyanetti Creative,3
BOMBAY STOCK EXCHAGE,2
Lemalabs Robotics Pvt.Ltd.,3
Jinee Infotech,3
Emote Electric,3
TANGEDCO,2
TE Connectivity,2
Techtrunck Pvt Ltd,3
Exl,2
Diebold Nixdorf Inc.,2
Trans Engineers India Private Limited,3
Hikal Limited,2
Sri Venkateswara University,3
Standard,3
Axis Architects,3
ApMoSys Technologies Private Limited,3
Esfita Infotech Private Limited,3
Diebold Nixdorf,2
Eduexpose,3
Indiassetz infra services pvt ltd,3
Experiencious,3
i-Quad technologies,3
Yahoo!,2
Volume Stories,3
Advocatespedia Foundation (NGO),3
Sparknext,3
Optum Global Solutions,2
Nanyang Technological University,3
Endless Robotics,3
Dr. Reddy's Laboratories Ltd.,2
Metallicz Media Pvt. Ltd.,3
skywest immigration consultant private limited,3
Sureland Industrial Fire Safety,3
Zopeus,3
C&S Electric,2
Intelliserv Technologies Private Ltd,3
Hueint Pvt Ltd,3
Technavia India Pvt Ltd,3
Knowledge Shower,3
Nepa Mills Ltd,3
Aada IT Solutions,3
RM Vision Minds Technologies Pvt Ltd,3
Hella India Pvt. Ltd.,2
Pepsico Global Business Services,2
Ags Health Care,3
ABB Ltd,2
Pegasystems,2
dsp mutual funds,2
TabTree IT Consultancy,3
Yash Battery Corporation,3
Eye Hospital,3
Strand Life Sciences,2
Premier Technical Consultants,3
GreyBlue Ventures,3
IT LINX,3
Sureify,1
Nagarro Software Private Limited,2
Promea Therapeutics,3
Smowcode,3
Vaultize,3
Magzane IT Services,3
Vasta Gobal,3
Swastik Tungsten Pvt. Ltd.,3
Rajashree Caterers,3
Jenpro Info Tech Pvt Ltd,3
MediaMelon,3
Adagrad AI,3
Fluid Robotics,3
prasad associates,3
Dxcorr Hardware Technologies,3
WinC It Solutions,3
North Alley,3
EESL,2
Sulzer,2
"SRM Medical College, Hospital and Research centre",2
Cyzen Infosystems,3
servtronica technologies,3
Infosys Pvt Ltd,3
Metrixlab,2
Kalpataru Power Transmission Ltd.,2
Praxify Technologies,2
Save The Water,3
BRAC Bank,2
GSS,3
Novozymes,2
physicswallah,1
Brownfield Consult,3
Wonderchef,3
Adoope Online Pvt Ltd,3
Vayve Technologies Pvt Ltd,3
Glenfin Pvt.Ltd,3
Cereble,3
F5 Networks,2
AlgoXFusion,3
Pink Lemonade Communications,3
Cisco ThinQbator,2
Citizengage,3
Quantta Analytics,3
Xplorazzi technologies Ltd,3
Lionbridge,2
Unitop Aqacare,3
IP Rings Ltd,3
Rockwell Collins,2
Nexdigm Private Limited,3
Cs Infocomm Pvt Ltd,3
IT company,3
HCL Infosystems,2
MedeQuip,3
Paxcel Labs,3
Consindia Pvt Ltd,3
"Tringapps,inc",3
Ai Adventures,3
Thundersoft,2
Glaxosmithkline Pharmaceuticals Ltd.,2
"Al Sagr National Insurance Company, Dubai",3
Skinzy software solutions,3
Incheon Int'l Airport Corp.,2
Tata Power DDL,2
Briselle,3
Spacetech,3
Digit88 Technologies,3
Sri Sathya Sai Sadhana Trust,3
the skillians,3
KPoint,3
IDBI Bank Ltd.,3
Ericsson,2
SpeakIn,3
Brisha Technology,3
Raisans Private Limited,3
Cameo Global,2
Paytm money,1
Aimbys Solution pvt . Ltd,3
gjhgj,3
Cluster Wings,3
VVDN Technologies,2
YUPS Tech,3
Choithram Hospital,3
EVRY India,3
wooqer,3
Acranox,3
Cisco Systems,2
Chiksoft Technologies,3
Gemini Solutions,3
JDA Software Pvt. Ltd.,2
Indo Euro Pvt Limited,3
AICTE NEAT,3
Meme Chat,3
"Rethinking The Future, Delhi",3
Launchers World,3
SM Kannappa Automobiles,3
Shell,2
CHIPS Research Centre,3
BIRD TRAVELS PVT LTD,3
Codespeedy Technologies,3
Amtech Electronics (India) Limited,3
Broadcast Wearabales Pvt Ltd,3
"IIT, Guwahati",1
Billtrim,3
Infosys,3
icici l,2
J. Kumar Infraprojects,3
Concent Solutions,3
Ucal Fuel Systems Limited,3
Think And Learn,1
n/a,3
Autotech Private Limited,3
Solvay Specialities India,2
H-Bots Robotics Pvt. Ltd.,3
Delium Technologies,3
Lalit Roongta Group,3
Microsoft Research,1
Saai Electricaa,3
Spectrum Scan Pvt Ltd,3
FAKE,3
Unitech Medical Systems,3
S.K. Nabi And Company,3
Systech Solutions,3
QuintilesIms,2
Grant Thornton India LLP,2
Esds Software Solution Pvt Ltd.,3
NIIT Technologies Ltd,3
arete it service pvt.ltd,3
Paytm Payments Bank,1
Syncron,2
Upparel Inc.,3
Acadpal,3
AthanSys Healthcare Solutions Pvt. Ltd,3
National Brain Research Centre,1
Wolters Kluwer ELM Solutions,2
Kapadia And Associates,3
Symphony Talent,2
MGM hospital,3
Amul Industries Pvt Ltd,2
Issar Pharma,3
Indibots Pvt Ltd,3
out of the box solutions,3
Studio VDGA,3
Artemis Cast Stone,3
Avipro IT Solutions Pvt. Ltd.,3
Proteus Enterprise Pvt Ltd,3
Agicent Solutions,3
Iiser Bhopal,1
MNC In Storage Space,3
Design Square Architects-Ahmedabad,3
Swadheshy Polymers,3
FUTURA illumination studio,3
United Bank Limited,2
Trelleborg Sealing Solutions,2
Mikelegal,3
appveen,3
Vikas Engineering and Mechanical Co.,3
Randstad Technoogies,2
IMA PG Pvt Ltd,3
AutomationEdge,3
Vaayoo Inc,3
Expert Engineering Enterprises,3
HuTech Solutions,3
Awiros,3
Siemens Technology,2
Vaxinu Pharma Private Limited,3
"Phycom, Inc",3
FACT,3
TGH Technologies,3
diginirmaan engineering pvt ltd,3
Inferenz,3
Micropower Labs,3
Solarman Technology project Pvt Ltd,3
Mantri Metallics Pvt Ltd,3
Endurance Technologies Limited,2
HCLTech,3
Arcserve India Software Solutions P Limited,2
TutorialsPoint,3
HOSMAC Middle East DMCC,3
Rotavio Labs Pvt Ltd,3
Eveready Industries India Ltd,2
Infoity,3
Inficare Pvt Ltd,3
shree hair info solution,3
Techhighway Pvt. Ltd,3
L&T Heavy Engineering,2
Autonxt Automation Pvt Ltd,3
Gujarat Energy Research And Management Institute,3
IFortis Corporate,3
Algo8.ai,3
Sattvabit,3
ANSYS,2
Innoway Technologies,3
Cortexcraft Innovation Labs,3
ALM Software Solutions,3
M/S Bharti Construction Co.,3
Pinnacle Infotech Solutions,3
First Show Tekzenit,3
Intern Theory,3
Container Corporation Of India Ltd.,2
Datametica Solutions,3
Lyearn,3
Netcore Solutions,2
Falkonry,2
Fidelity Information Services,2
netxco services pvt ltd,3
Department Of Urban Development And Building Construction,3
Rajpath infracom Pvt Ltd,3
Hydranautics-A Nitto Group Company,2
Kognitive Care,3
Sports And Ortho Clinic,3
Opolis architects,3
Hashtrix,3
Infor,2
Ezetap Pvt Ltd,2
Oakridge International School,3
AUR Consultant,3
Akanksha Ploytech,3
KGS Marketing,3
Kathmandu University,3
Honeywell Aerospace,2
relcon,3
Sangam,3
JIFFY.ai,2
L&T Infotech,2
Mahadeva associates,3
Lintel,3
"DRDO, Nashik",1
The Tarzan Way,3
Robert Bosch Engineering And Business Solutions Pvt Ltd,2
Work experience,3
Tech Tailor Solutions,3
Imagination unlimited Design Studio,3
Fintelligence Technologies Pvt Ltd,3
Heidelberg Cement India Limited,2
Insofe,3
Alpla,2
Kokilaben Dhirubhai Ambani Hospital,2
Panapps,3
Wildlife Institute of India,2
Shakti Electric & Engineering Co.,3
Research Center Imarat,1
Mercedes Benz India,2
Ketan Hyundai,3
Asta Technologies,3
HungerBox,2
Pollution Control Board Telangana,3
Philips India,2
Hubbler,2
NFC,2
J. Kumar,2
Internship,3
TCS,3
Shangrila Microsoft,1
Datawise,3
Rucha Engineers,3
Evoke Technologies,3
Fashion e-Global Center,3
Sun Mobility,2
Tamil Nadu Electricity Board,2
Beyondkey,3
Karthaa Labs,3
Larsen & Toubro (L&T) Infotech,3
Cosmonet,3
Abchsj,3
Cerebrahm Innovations Pvt Ltd,3
Prachaar Films,3
Rolson Infotech Solutions,3
Evalueserve,2
cogniz,3
Studio Mumbai Architects,3
Timesofmoney Pvt Ltd,2
Missing Link Trust,3
TCR Advanved Engineering,3
Housing.com,2
Key Concept Nepal Pvt. Ltd.,3
Royal Swag,3
HyperWork,3
Picustech,3
Bashundhara,2
sentini geosol,3
Perficient,3
Horizon Webinfo Pvt Ltd,3
Darshana Industry Pvt Limited,3
Soctronics Technologies,3
Smartsense Technologies Pvt. Ltd.,3
Samhita Social Ventures,3
Civil,3
MyAnatomy Integration Pvt LTD,3
Nit Bhopal,3
Uniworks Designs Pvt Ltd.,3
Mobiliya,3
Asmaitha Technologies,3
NDRI,1
Qustac Technologies Pvt. Ltd.,3
Flochat,3
lendenclub,3
ResoluteAi.in,3
Esri Global Inc.,3
Shree Builders and Developers,3
Technodom,3
Ansha Engineering Works,3
Xlenz,3
NAANISKITCHEN,3
ASIAN ALLIANCE SHIP MANAGEMENT,3
Juno Clinic,3
vector infomatik,3
Kaay Labs,3
Ngo,3
NRSC,1
Leoforce India Pvt Limited,3
Ranvy Technologies,3
Renault Service Station,3
Hindustan National Glass India Limited,3
Altigreen Propulsion Labs,3
Code Cell,3
Aadyah Aerospace Pvt Ltd,3
Bangalore Aircraft Industries Private Limited,3
codingal,3
Aidos Business Solutions,3
jay engineers,3
Matrix Fine Sciences Ltd.,3
Amrut Restaurant,3
RockIt Digital,3
Simplex Infrastructure,3
GGR Constructions,3
MResult Services Pvt. Ltd,3
Canum Allentech,3
IBAB,1
PoppnSipp,3
Rookiedeck Private Limited,3
Zenq,3
Thraahi Foundation,3
UNICEF,2
Entvent Tools And Services,3
3LOQ,3
Smallcase,2
Sonargaon University,3
NIQOX LLP,3
Exeevo,2
S.L. Raheja Hospital,3
RNF TECHNOLOGIES PVT LTD,3
Asahi India Glass Ltd,2
Digazu,2
Appu Automobiles,3
Indian railways,2
JP Morgan Chase,2
Astron Research Limited,3
Seshasayana Consultancy,3
Deccan Fine Chemicals Pvt Ltd,3
Amit Nalin Securities Pvt.Ltd.,3
SHARP SOFTWARE DEVELOPMENT INDIA,2
Allsec Technologies Ltd,3
Keeline Appliances Pvt Ltd,3
Aegis Limited,2
Pidilite industry limited,2
PENTAIR,2
Owens Corning (India) Pvt Ltd,2
IFFCO,2
LGP,3
Trikshana tech,3
Aditya Medical Systems,3
Trout Adventure,3
BDx India,2
Electrosteel Castings Limited,3
Nimhans,1
Total Power Solutions,3
Principal Financial Group,2
Madras Institute Of Technology,3
Lykan technical labs,3
Peerless Hospitex Hospital and Research Center Ltd.,3
Pharmalink,3
Solartis,2
RNTBCI,2
Technical University of Munich,1
Leapfrog Technology Inc,2
Infoblox,2
bsms info solutions pvt ltd,3
Field Assist,3
Sling Media PVT LTD,2
Kantar GDC,2
Mayurpankh Counseling Center,3
eBay,2
ghhh,3
Halcyon Technologies Private Ltd,3
Reliance Brands Ltd,2
Instillmotion Consulting Pvt. Ltd.,3
Capgemini India Pvt Ltd,2
S K Constructions,3
Svg Media Pvt Ltd,3
Maiyas Beverage And Food Pvt Ltd,3
Hexaware Technologies,2
Guise AI,1
IQuanti Inc,3
Universal Technical System Pune,3
Tredence Analytics Solution Pvt. Ltd.,2
Kerala Electrical And Allied Engineering Co. Ltd,3
Qentelli,3
DIN Solutions,3
Narmada Hydroelectric Development Corporation,3
Ruben Postaer and Associates,3
Divine Enterprises,3
Gyan Data Pvt Ltd,1
Dolphin Education Consultancy Private Limited India,3
H2O.ai,1
planet infra,3
Shivajirao S.jondhle Polytechnic,3
Schreiber Dynamix,2
Bombay Electric Supply and Transport,3
Titans Finance,3
Coimbatore,3
Vibgyor,3
United Phosphorus Ltd.,2
Algonomics Inc,1
Edten technologies LLP,3
Mortgage Kart Limited,1
Opal RT,2
Infodsign,3
Incarnus,3
Home Robotics,1
Solar Industries India Limited,2
Htic,3
AJ Group Software,3
other,3
Moving Picture Company,2
RSL,3
Aurum Ventures (Orize),1
Anand Filters,3
Homeocare International,3
kia motors,2
Jimjibang Electronix,3
Ghulam ishaq Khan,3
GBT,3
Candorworks Pvt. Ltd.,3
Zuora India,1
Shaily Engineering Plastics Limited,2
Anusha Traders,3
O2I,3
Boatlifestyle,3
NHAI,2
MX Player,1
Don Bosco Institute Of Technology,3
PDPU,3
Piramal Pharma Ltd.,2
Open Hardware Days,3
Radcam Technologies,3
Indifi technologies,1
Vedanta,2
"KAIST, South Korea",1
Innolearn Solutions Pvt Ltd,3
Pask Infotech,3
Socdv Technologies,3
UHG OPTUM XL HEALTH CORPORATION,2
Welspun India Limited,2
Knewron Technologies,3
Avery Weightronix Ltd,2
Frizzon,3
Fabergent Consulting services,3
SoftwareSuggest,3
Cherian Varkey Construction Company,3
Thrillophilia,1
Ha-ko Group,3
Intract,3
Neelkanth Developers,3
Thapar University,3
Early Stage Startup,3
wheels India private limited,2
Janakpur Engineering College,3
TeachCoder Edutech Solutions,3
Miq,2
Pradeep IT,3
Institute Of Genomics And Integrative Biology,1
Radisys,1
Hi Tech,3
Precilube,3
Nucon Switch gears Pvt. Ltd.,3
Tehciti Technologies Pvt. Ltd.,3
Travancore Cochin Chemicals Ltd,3
Panacea Medical Technologies,3
Shaping Kids,3
Royal Enfield Centre of Excellence Workshop,2
Bhailal Amin General Hospital,3
Dobby Automations Pvt Ltd,3
RoboticsForSure,3
SNEHA NGO,3
TCS iON,3
Trade venture Limited,3
Altizon Systems,2
Anand Engineering Co.,3
Carbalt Tech labs,3
Infolink Technologies Pvt Ltd,3
Tvarit Circuit Explore,3
Tata Cliq,2
Tango Analytics,3
Capsicum Technologies,3
Government Job,3
CSIR-CDRI,1
Tek Systems,2
Accurate Products Pvt Ltd,3
NICT Technologies,3
Simpsons & Co Limited,3
Ruchi Infotech,3
Mazda,2
Valuebound,3
TalentSprint,2
National Polyplast India Pvt Ltd,3
Triplan India,3
Medha,2
Shimbi Computing,3
Flytxt,2
Rihawk Technologia,3
RKDT,3
CogniSaaS,3
MB Tech,3
ARCI,1
Meta Arch Pvt. Ltd.,3
hvac,3
quick lended solutions,3
Techzillion IT Sollutions,3
National Thermal Power Corporation,2
Inventrik Pte Ltd,3
SynergyLabs,3
Career Launcher,2
Sankalp Designers Pune,3
Tss techsoft solutions,3
I.C.H.Y Kaivalyadham,3
Idfcfirstbank,2
LDS Infotech,3
BlockVerse Institute,3
sociall.in,3
Valley Tech Software Solutions Pvt. Ltd,3
Mbb Labs,3
Triveni Sales,3
Eyanni Electricals Pvt Ltd,3
SAP India,2
Cilans System Pvt. Ltd.,3
CSIR Fourth Paradigm Institute,1
Alaknanda Construction Private Limited,3
Ariosh Limited,3
Novartis,2
Exam-practice,3
Ahlada Engineers Ltd,3
Tata Consultancy Services Digital,3
Cnses Global,3
Revoh Innovations,3
Ballal Engineering Private Limited,3
Tekmonks,3
CoinCrux,3
Dell,2
Grroom,3
Apollo Hospitals Enterprises Ltd.,2
Dhariwal Developers (I) Pvt Ltd,3
El exclusivo,3
Fitzup,3
Meekha,3
Mops Incorporate,3
Jewel Star,3
Tech Mahindra Ltd.,3
Kopenz Interactive Solutions Pvt. Ltd.,3
Mentors Without Borders,3
PractWorks,3
McRennett Foods Pvt. Ltd,3
sakthi steel,3
Distributed Lab,3
Maker Global 3D,3
Tacklers,3
Arus pvt limited,3
Gowdanar Technologies,3
Wissen Infotech,3
"PWD NH Sub division -I, Barmer",3
Citiustech,3
Total,2
Drivedge Infosolutions Pvt.Ltd.,3
Directi,1
Ciphercloud,1
Mc Master Of Ceremony,3
Pyramid Software LLC,3
Inautix Technology,2
yoi robotics,3
Jindal Stainless Limited,2
Ltts,2
Bajaj Holdings & Investment Ltd.,2
"Institute of Information Technology, University of Dhaka",3
Hiranandani Group Of Companies,2
Nrusimha Software Solutions,3
Hashedin Technologies,2
Facilio,1
Ichalkaranji Municipal Corporation,3
GyanApp,3
Pucho Technologies,3
ACM MPSTME,3
Infurnia Furnishings Pvt Ltd,3
Newgen IEDC,3
Nanovation Products,3
Formula Advisory,3
Goa Shipyard Ltd.,2
"Chamber of Ramesh Cheruku, Advocate at Telangana High Court",3
DemandFarm,2
RS Architects and developers,3
24-7 intouch,3
Symbiosis,3
The Valley Bootcamp,3
Cpri,1
Bhilosa Industries,2
RWX Technologies,3
Lead India School,3
Maxgen Technologies,3
Lucid Labs Pvt,3
Electronic Arts ( EA Games),2
Aplab Limited,2
Modus Enterprise,3
Codeshala,3
Rohit Surfactants Private Limited,2
Siemens-healthineers,2
Air India For Engineering Services Limited,2
national institute of science and technolgy,3
Apidor Abrasives Private LTd,3
Prabha Industries,3
AIDAA,3
Yoddhas,3
Yatra.com,2
My Home Constructions,2
Ah! ventures,2
"Computational and Linguistics Lab, PICT",3
Sai Service Centre,3
Rally For Rivers,3
Mimyk,2
Dyte Inc.,1
Pathpartner Technology Pvt Ltd,2
Tata Communications Ltd,2
Entra Mechatroncs,3
Jet Aerospace,2
Monarch Innovation Pvt Ltd,3
ProArch IT Solutions,3
B Design Studios,3
Padmaadev Constructions,3
Boston Consulting Group,1
Policybazaar Insurance Web Aggregator Private Limited,2
EagleBurgmann,2
ONGC Mangalore Petrochemicals Limited,2
neuro42,1
_VOIS,2
PointCross,2
Genuine Engineering And Equipments,3
IT,3
Vasuprada Consultants LLP,3
Team lease,2
Levram Lifesciences Pvt. Ltd.,3
CDK Global,2
Applaud,3
NIT Rourkela,3
Shadowfax Technologies,1
Elecon Power Build Limited,3
Dhyani Infrastructure,3
Jugnoo,1
Ch R R Memorial College of Education,3
Elexes Medical Consulting,3
Shree Flex Pvt. Ltd.,3
Eze software,2
Webwide solurion,3
SI Group India Pvt Ltd,2
Novopay Solutions Pvt Ltd,1
suvidha foundation,3
JCR drillsol Pvt. Ltd.,3
Ken Research,3
Klenty,1
Mumbai Roti Bank,3
Decathlon,2
H&V Engineering And Constructions Private Limited,3
Sociosquares,3
Supercomputer Center,1
Eaton India Innovation Center,2
Cardiff University,3
easilyDone,3
Dana India Technical Center,2
Lorhan IT,3
Infotek solutions,3
Hinduja Global Solutions,2
Bugle Technologies,3
Nextuple,1
Joshi Biztech Solution Pvt Ltd,3
wsp,2
Compton Hardware Lab,3
Omniscient Software,3
GS Engineering Pvt Ltd,3
Delancey Technologies Pvt Ltd,3
TechAnalogy,3
Holy Cow Prod,3
Central Leather Research Institute,1
IIIT Allahabad,1
AUSEC,3
Gogas LLC,3
Quantiphi Inc.,2
The innovation story,3
Mapping IT Solutions,3
Electroquip,3
Fluentgrid,3
Loopin It Solutions,3
Institute For Development And Research In Banking Technology,1
Design Technologies Pvt Ltd,3
Honeywell,2
Silabs,2
NM Automation and Controls,3
AMG & Associates,3
IMS Learning Resources,3
Defence Food Research Laboratory,1
M/S Shivraj V Jadhav,3
Interface Design Pvt Ltd,3
Electrum IT Solutions,3
Kinstruments Vacuum Systems And Components,3
Market research,3
"Center for Health Informatics, Pune",1
We Hear,3
UnicornMark,3
codecubes,3
R2R Media Solutions,3
Shure,2
chaalk,3
FactSet Research Systems,2
Bnp Paribas India Solutions,2
PurpleTalk India Pvt. Ltd,3
zenda,3
Helix Biogenesis,3
HSPL,3
Rauzr Inc,3
Tirupati Construction,3
Mitibase Technologies Private Limited,3
AITS,3
Mobijini,3
Sapient,2
Hardware Shack,3
Fhgv,3
Nepal,3
Blume Ventures,2
BRANE ENTERPRISE,3
Electrono Solutions,3
European Organization For Nuclear Research (CERN),1
Accolades Electronics,3
Bharat Heavy Electricals Limited,2
Arista Networks,2
Nayak's Tutorials,3
Infineon Technologies,2
SSIT,3
Supreme Engicons (I) PVT. LTD.,3
Astar Technologies,3
Ganesh Polymers,3
Piantianxy,3
Oriserve,3
Almaconnect,3
Sinitron Technologies,3
Bharatrohan.in,3
Adore India,3
Intelligic Software Pvt. Ltd,3
WhizMantra Educational Services,3
Quiph,3
AK Hypercad Solutions,3
Thales,2
"DRDO, Delhi",1
UTC Aerospace Systems,2
D-Link,2
Kabir Hira Architects,3
Pencilartgallery,3
Parnika Commercial And Estates,3
Nigeria Liquefied natural Gas Plant,2
Whirlpool Of India Limited,2
internship1,3
Fibro India,3
Games2Win India Pvt. Ltd.,3
Aepiphanni Business Consulting,3
Mad About Sports,3
Skillsoft,2
Rapid Infinity Solutions,3
HSBC,2
M/S Associated Architects,3
Sunraise Web Solutions,3
Media.Net (Directi),1
Excel Chemical Industries Pvt.Ltd,3
Ameya enterprise,3
AIC Infrastructure Pvt Ltd,3
mind quest,3
Vonic.ai,3
"Asia Motor Works, R&D",2
Orowealth,3
McAfee,2
Saudi Aramco,2
Shivam Construction,3
Naik's Brass & Iron Works,3
TRG INDUSTRIES,3
Ichnolite Technologies,3
IOT Lab KIIT University,3
Integreon,2
Structural Consultant,3
Treez,3
Plan High Project Management Consultancy,3
Kagool,3
Unity Infraprojects,3
Mingate Solutions,3
Xoriant Solutions Pvt Ltd,3
Trainocate Networks India Pvt Limited,3
AJA Technologies,3
Bharati Robotic Systems India,3
Azilen Technologies,3
NVHS,3
Wipro Technologies,3
beyond infotech private limited,3
Vales Marineris,3
"Center for Advanced Research in Building Science and Energy, CEPT University",3
Nisum Consultancies pvt ltd,3
Um Al-Qura University,3
Prayas Team Environment Charitable Trust,3
KBR,2
Nineleaps Technology Solutions,3
Pega Systems Worldwide Ltd,2
eAaria Software Solution Ltd.,3
"Indian institute Of technology, kanpur",3
Precision Camshafts Limited,2
xome,2
Lokmat Media Pvt Ltd,3
Oyesters Training And Diazonic Labs,3
JBM Industries Ltd.,2
OPK E Services,3
Goggery Software Solutions,3
Schoofi Software Solutions Pvt Ltd,3
Edifice Consultants,3
Sysbig technologies pvt.ltd,3
Dynamatics,2
pure storage,2
Lotus Paints LLC,3
Simform Solutions Pvt. Ltd.,3
Balan And Nambissan Architects,3
Play Time Media,3
CSDT SOLUTION,3
OPG Power Generation Pvt Ltd,3
SMC GLOBAL SECURITIES LIMITED,3
Legalforce RAPC,3
DeBeers Consolidated Mines,2
Scripbox,3
tuplesoft technologies,3
Rank Construction,3
Bnp Paribas,2
StaunchSys IT Solutions,3
kieta technologies,3
IIT Roorkee,1
Spectrus Infomatics pvt Lmtd,3
E.soft Connect,3
Thornton Tomasetti,2
Nirma Industries Ltd,2
D'Essence Consulting,3
3.14 Design Studio,3
Uncanny Vision,3
Techsys Automation,3
Vishay Components India Pvt Ltd,2
Scizers,3
Institute,3
Safran Engineering Services India,2
Pravin Industries,3
Technosoft Solutions,3
canny coverage,3
Midas Technologies Pvt Ldt,3
Mohammadi Health services Pvt Ltd,3
Ebaotech,3
Tripureswar Conductor - Jaya Durge Engineering J/V,3
Zydeka Pharmaceutical,3
"University Of Agaricultural Science, Banglore",3
Green Light Autoworks,3
Shubham Engineering,3
Orion Racing India,3
Codebreak,3
Petroleum Specialities FZE,3
Accenture Pvt ltd,2
cuemath,3
Navavidha Techsolutions Pvt. Ltd.,3
Cumulus Systems,3
Concordia University,3
Bank Of America Continuum India,2
Mrida foundation,3
ThoughtClan,3
Dell International Services,2
Depronto Infotech,3
GlobalLogic,2
CSTI,3
TVS Automobile Solutions Private Limited,2
NMR Enterprise,3
Teleparadigm,3
Microlink Networking Solution,3
Ptotem Technologies,3
Scalebyte Pvt Ltd,3
Networks And Security,3
Development consultants Pvt Ltd.,3
Mentor Graphics,2
Shri Balaji Builders And Contractors,3
Grootan,3
ABJAYON Consultancy,3
Deutsche Bank,2
Innovacer,1
Matrix Medicals Pvt Ltd,3
Alshifa,3
DimiWorks,3
groupm,2
Socio Labs,3
Aryan Technologies,3
Iisc,1
Presrcibe,3
Symphony AI,2
Marriott International,2
TSSPDCL,2
Rane Diecast,2
Indian Institute Of Rice Research,2
Best Roadways Ltd,3
Mukund Ltd.,2
Claro Energy,3
Unvired Software Pvt. Ltd.,3
Fiserv India Pvt Lmt,2
MS Reddy & Associates,3
Franklin Templeton Investments,2
PISPL,3
Aveva,2
ho chi minh open university,3
Virtuos tax solutions,3
Xpressbees,1
"Center For Artificial Intelligence And Robotics, DRDO, Bangalore",1
Dilip Engineering Works,3
Vodafone India,2
Quatrro,3
Prigma Edutech Solutions,3
CPconverge,3
Blue Yonder,2
Milople Technologies,3
Hawlett Packard Enterprise,2
Aswigha Construction,3
Auroville Earth Institute,3
Volante Technologies,2
CEAT,2
Sgm,3
Big Boyz Motorcycle,3
Lechler GmbH,3
Powermech Projects Ltd,3
JKM design consortium,3
Quantum Asia,3
Millennium Semiconductors,3
Ocelli Systems,3
Fynd,2
Software Engineer,3
Fluidonomics Solutions Ltd,3
Aryan Pumps & Enviro Solutions Pvt Ltd,3
NPCIL,2
Ridgeant,3
Jgggg,3
Tata Global Beverages,2
Apps,3
Magna Electronics,2
Dreamspring,3
DigiTech Controls And Automations,3
svs institute of dental sciences,3
Zenon Labs,3
Pi Industries Ltd,2
Deccan Chemicals,3
Sandhar Automach,3
WeMakeScholars,3
Spectrum Renewable Energy Limited,3
Ramco Systems,2
Xitadel CAE Technologies,3
CLASC,3
Susheetronics,3
Idea BUBBLES,3
Smile Inc,3
Vedak,3
Myntra,2
GMR KAMALANGA ENERGY LIMITED,2
Civil Engineering,3
Nihilent Technology,3
University Of Stuttgart,3
Ashok Leyland,2
Dhargalkar Technoesis (I) Pvt Ltd,3
Siemens Technologies And Services Pvt.Ltd,2
Barsha Engineering Consultancy,3
Myally.ai,3
Ivanti,2
Gramhal,3
Simplifi Commerce,3
Mylan,2
Virsec Systems Inc,2
Venkateswara Multispeciality Hospitals,3
Veersa Technologies,3
Keshav Memorial Institute of Technology,3
Persistent,3
BEL,2
"Vertiv Energy private Limited, India",2
TAC hydro Engineers,3
Parality XR Pvt.Ltd.,3
shellinfoglobal,3
vegrow,3
Egenx Systech Pvt. Ltd,3
CarePackage,3
SKF Bearings Pvt Ltd,2
HSC Designs,3
Illuware Technologies,3
Lt Super Logistics,3
IBM,1
Taurus Hard Soft Solution Private Limited,3
AGS TRANSACT TECHNOLOGY PVT LTD.,2
Focalworks,3
Pawar Patkar Construction,3
Denture Capital,3
Eran Industrial,3
Vedika Construction,3
"Forschungzentrum, Julich, Germany",1
Leading Mnc,3
Etouch a Virtusa Company,3
Air India Engineering Service LTD.,2
Steel Strips Wheels Limited,2
Db Pro Solutions.,3
Suzuki,2
Techway IT solutions,3
NTT Data Global Delivery Services,3
Chartered Accountant Firm,3
TCS Innovation Labs,3
ZF GROUP,2
Cactus Communications,2
NISG,2
Globallogic Technologies Limited,3
MARG Innovations,3
P-cube Design Studio,3
Laughguru,3
eLogictech Solutions India Private Limited,3
MSPR Management Services Pvt Ltd,3
VXL Software Solutions Pvt. Ltd.,3
MagTapp Technologies Pvt. Ltd.,3
Jaguar Land Rover,2
Thematics IT solutions Pvt Ltd,3
Cenaura,3
Tecture Business Solutions Pvt Ltd,3
National Instruments,2
MSME Technology Development Centre,2
Amvotech solutions Inc,3
Haridas Jivraj Co.,3
Skylark Infraprojects Pvt. Ltd.,3
CSIR-URDIP,1
Intellhub,3
Sony Service Center,3
Terra Cognta,3
YALI,3
INDrone Aero systems,3
Vision Earthcare Pvt. LTD,3
Here Technologies India pvt ltd,2
Raj Traders,3
SL A,3
Tipsons Financial Services,3
Farsoft Infotech,3
Uurmi Solutions,3
Pyramid Exports,3
FireEye,1
Quagnitia Systems Pvt. Ltd.,3
Memamsa Legal,3
DRDO Hyderabad,1
AS Engineers,3
Azcom,3
AGC Networks,2
Jyotheeshwaram Granites,3
Whizkid Computers,3
HDFC AMC,2
StackGuardian,3
Innowise Global Technology Pvt Ltd,3
Networkart,3
Sensible Computers,3
Virtuoso Automation Pvt. Ltd.,3
Thyssenkrupp Electrical Steel India Pvt Ltd,2
ELLEYS ELECTRIC,3
SPACECUE DESIGNS,3
Semiconductor,3
Feathersoft,3
AV Instrumentation Pvt Ltd,3
Geospoc,3
Cdot,1
National Chemical Laboratory,1
KSDL,3
Combat Vehicle Research Development Establishment,1
Infobeans Technologies,3
Cardekho.com,1
Technofly Solution,3
Mindteck,3
Teletech India,3
"Tamaulipas Autonomous University,Mexico",3
Xavient Information Systems,3
NuWebWave Technologies,3
Tecnos Japan,3
UEMS,3
Verscend Technologies,3
The Analytical Corporation,3
Nikita Software Services,3
#ARM Worldwide,3
Indraprastha Gas Limited,3
Lexicon Infotech,3
Kaleesuwari Oil Refinery,3
Sasken Communication Technology,3
Shaligram Infotech,3
Savio Engineering Works,3
Bhuj-Tech Engineering,3
Government,3
Vijay Mehra and Co,3
Escrow,3
Soil,3
Nxtgen infinite datacenter,3
Rikatm Technologies,3
Asterdio Inc,3
IKS Health,3
Piano Presitel Private Limited,3
Cold Care,3
GOQii,3
Ordinance Factory,3
Emanjha Inc,3
Crypto Capable,3
Elegant Microweb,3
CASDIC,3
Eidiko Systems Integrators Private Limited,3
Savior Technologies,3
Six Sigma Inc,3
Southern Petrochemicals Industries,3
PT Instruments,3
Node Architects,3
ArtyOwl.com,3
Laalsa Business Insights Pvt.Ltd.,3
N.D Exports,3
Dexler Holdings,3
Sony,2
Studio CoDe,3
Onward Technologies,3
Exponentia Data Labs,3
Jabil Circuit India Pvt Ltd,2
Sutherland Global Services,3
CliffKumar Engineering Pvt Ltd.,3
Tysu Infotech PVT LTD,3
United Gensets,3
A.D Associates Electricals,3
Sangini Group,3
IIT gandhinagar,1
NIT Suratkal,2
Corpversity,3
Xohani Solutions,3
Callidus Cloud,2
Badiyajobs,3
Zoom Video Communications,1
University Of California Los Angles,1
1digitalstack,3
Gera Developers,3
Mandar Gadkari,3
Excel Plast,3
Bytes Technolab,3
CORPTECHSOLUTIONS,3
K J Somaiya Institute Of Engineering & IT,3
programsy it solutions,3
Choice Consultancy Services,3
Indegene Pvt Ltd,2
Altair Engineering,2
Avalara,2
Target,2
GreyCampus,3
Mindtree Limited,3
IIT Hyderabad,1
"Stellar Space Industries, Leiden, Netherlands",2
The Mentor Buddy,3
Ensys Engineers Pvt Ltd,3
Autokast Ltd,3
Techsim plus,3
IISER Berhampur,1
PEOL Technologies Pvt Ltd,3
Arclain design studio,3
New york university,1
Rapid Circle,2
Bentley Systems Pvt Ltd,2
Infoview Technologies,3
Brane Enterprises,3
Sophos PLC,2
BlobCity,3
Amdocs,2
Raltech Precision Engineering,3
Ashok Iron Works Pvt Ltd,3
catalyst circle,3
Adsun Offshore Diving Contractors,3
Beekaylon,3
Innovative Systems,3
Regent Construction and Infrastructure co.,3
GiftoLexia,3
Zalando SE,2
Research Design Office (ReDO),3
"UIET, PU",3
Aequs Pvt Ltd,2
kaizer chess academy,3
Rahul Excavation Works,3
"DEAL, DRDO, Dehradun",1
c3controls Industrial Automation,3
Engineering,3
solulab,3
Akshay Enterprises,3
Vagus Technologies,3
Adani Power Mundra Limited,2
MAQ Software,3
Fortune Marketing,3
Prakash Hi- Tech Developers,3
Vi Solutions,3
Eagle Engineering,3
Shree Bhagavan Industries,3
Integral Coach factory,2
FICO,2
Amvee Tech,3
RBL BANK,2
Techrupt Innovations Pvt Ltd,3
4AT Consulting LLP,3
Acceleron labs,3
Stylabs,3
Expert Global Solutions,3
MCaffiene,3
HealthifyMe,1
Manglam Construction,3
QuEST Global,2
Atos Global It Solutions And Services Pvt LTD,2
BYJU's The Learning App,1
Castling Consulting,3
AIESEC Indonesia,3
Sterling And Wilson,2
Abhayam Electrical,3
MitraTech,3
CodeChef,3
Payarc,3
Vkt Pharma,3
Segoma Imaging Technologies,3
Blackbuck Engineers & Company,3
Quidich Innovation Labs,3
kusalava international ltd,3
Caramel IT Services,3
Tescom,3
Tyto Software Pvt. Ltd.,3
Shapoorji Pallonji Mideast,2
XPO logistics,2
RBS Services India Pvt Ltd,2
Sandoz Novartis,2
Code and Theory,2
Oyo Hotels And Homes Pvt Ltd,1
Prelab Design Studio,3
Oorja On Move Infra LTD,3
GMP Technical solutions Pvt Ltd,3
testest,3
J M Constructions Company Bidar,3
Sunoida Solutions Pvt ltd.,3
CENOPS,3
punj lloyd,2
Wishfie,3
Eki Communications Pvt. Ltd.,3
Exxat,3
Appsoleut Coders LLC,3
MNIT Allahabaad,2
PwC India,2
American Axle,2
Grameenphone Ltd,2
Newgen Software Technologies,2
Agastya Data Solutions,3
Cyberace Infovision Pvt Ltd,3
Bytekode Labs,3
L&T Hydrocarbon Engineering Limited,2
Blacksof,3
Siddhpur Dental College and Hospital,3
RWTH AACHEN UNIVERSITY,1
BG Shirke,2
studio 2+2,3
Vamana,3
Berkadia,2
Texas Instruments,1
Gujarat State Petroleum Corporation,2
Promokap,3
Madras Scientific Research Foundation,3
Information Services Group (ISG),2
Everest Computers,3
akruthi design group,3
Blaize,1
acesocloud,3
Timpli,3
Alila Diwa Goa,3
Ace Data Analytics,3
Ather Energy,1
Kakade Industries,3
Siemens Ltd.,2
"Aruba Networks, an HP Company",2
vitraAI,3
HITS Solutions,3
Antenna and Wave Propagation,3
Hindustan medical Systems,3
Olympiados,3
Ixigo,3
Jawaharlal Nehru Port Trust,3
G7CR Technologies India Pvt Ltd,3
mobigic,3
Avenceon,3
Techvention,3
Jayesh Academy,3
Datafoundry,3
Thought I,3
Werving Experts,3
Right Relevance,3
Accenture Pvt. Ltd.,2
Sanjeevani Electromedicals,3
HiFi Technology Solutions,3
Techdenali,3
Promac Engineering Industries Ltd,3
Amaravathi Media House,3
mement.io,3
Tp Vision,3
Hash14 Labs,3
v soft digital,3
HackeroX,3
tetra pak,2
Dashrath Prasad Fertilizers Pvt. Ltd,3
Bluemind Solutions Private Limited,3
John Crane Sealing Systems India Pvt Ltd,2
Coforge Technologies,3
icmr nirt,3
CubeBio AI,3
M P G Infradevlopers,3
Yardi Software,2
Ambani's Company,2
Avantels Interagted Services PVT LTD,3
Tracxn,3
The HelloWorld,3
Dassault Systèmes,2
Sultan Qaboos University,3
Typ,3
Rice University,3
"Amadasoft, India",3
yen plas pvt ltd,3
Aditya Birla Group,2
Pedagoge,3
Devise Electronics Pvt Ltd,3
Iniesta Web Tech solutions,3
Sellergize,3
Exult Design Hub,3
ar. yogesh dhaigude and associates,3
Accuknox,1
Future Generali India General Insurance Company,2
indian rail wheel factory,2
Mobicip,3
Livewire Technologies,3
Moco Design Studio,3
AppDynamics,1
Idmission Solution,3
AutoRoboCulture,3
Arcelor Technology,2
Invesco,2
Apsis Solutions,3
Infospear technologies,3
Simplilearn,2
Integral Ad Science,1
Polaris Studio,3
Informatic Private LTD.,3
eNeuron,3
Silicon14,3
Global Edge Software Ltd,3
Active.Ai,1
Novafocus Pvt Ltd,3
WNS global,2
IBM Career,1
RS JJ Consulatancy services,3
SGS Innovatives,3
Exceloid Soft Systems,3
Tvs,2
Icare Insurance,3
Honda motors india,2
Tiaa Gbs,2
N C Nahar,3
3GIRPS,3
Hyderabad Road Development Corporation Limited,3
HapSun Medical Solutions Pvt Ltd,3
Paramount Insurance Company Limited,3
IBM India,1
Osvin Web Solutions,3
IQ Innovation Hub,3
Maharashtra State Power Generation Co. Ltd Nasik,2
Quinnox Consultancy Pvt Ltd,3
Innominds Software Private Limited,3
paras defence and space technologies,2
S B Patel Infrastructure Pvt Ltd,3
Paradise Construction Company,3
Unschool,3
JNTU Excite,3
Saizen Global Insights & Consulting,3
Gk Associate,3
Bondstein Technologies Ltd,3
S V technologies,3
Johnson Controls Hitachi Air-conditioning India Limited,2
Logilite Technologies,3
Expedia,2
Advanced Training Institute,3
Eolian Robotics,3
Indira Gandhi National Centre For The Arts,3
Tutoslive,3
High Peak Software,3
Demandbase,2
vrindaa hospital,3
Media Tree,3
IBM ISL,2
MasterBridge,3
Electric Locoshed Kazipet,3
Relcon Infraprojects Ltd.,3
Flameproof equipments Private Limited,3
Landys+Gyr,2
Psg Industrial Institute,3
ArisGlobal,2
Darkwater Cybersecurity Solutions,3
PR Design Group,3
M.M Industrial Controls Pvt Ltd,3
Sahu Technology,3
Antworks,2
Omnicom Media Group,2
SD Bhalerao Construction Pvt.Ltd,3
SAP LABS INDIA,2
Fusion Informatics,3
Pay1,3
ZoomRx,3
J J Homecare And Soaps LLP,3
RR THULASI,3
Mu Sigma Business Solutions,2
Dell India,2
Multi Disciplinary Consultancy,3
ClearPoint Learning Systems Pvt Ltd,3
CGB,3
Sidnag Cables,3
"Semi-conductor Laboratory, ISRO",1
Dream Designer Architects.,3
OpenTap,3
Spyne.Ai,3
tekenlight solutions,3
Transdeccan Electricals,3
Laxmi Narayan Productions,3
Atlas Honda,2
Wobot intelligence,3
Testamatic Systems,3
Vocera Communications,2
F22 Labs,3
Appectual It Solutions,3
Publicis Media,2
Instinct Media,3
Surendra Composites Private Limited,3
Twenty19,3
Tridiagonal Solutions Pvt Ltd,3
Soul AI,3
Indian Christian Assembly Church,3
Gujarat Technological University,3
Forging Die-cast,3
Relevantz technology services,3
Penta Designers,3
self innovation,3
Euler Motors,3
Grid Consult Pvt ltd,3
Inautix Texhnology,2
Proven Consult,3
Qutrix,3
Nucleus Software,2
eYantra IIT Bombay,3
Nopaper,3
Amadeus Software Labs,2
Wipro Digital,2
CanopusGbs,3
…,3
Aventri,2
Madan And Chaitanya Minerals And Chemicals,3
2PKM Architects,3
Dubizzle,2
Yash High Voltage,3
Larsen and Toubro Defence,2
Jakson,2
Kuhoo Edufintech,3
PrismCode Info Solutions Private Limited,3
LK Realtors,3
Finarb.ai,3
Wipro Ltd,2
Brigade Group,2
Brakes India Private Limited,2
HP INC R&D,2
Settyl,3
Shreyas Hospital,3
AZIMARINE AND GENERAL SERVICES LTD.,3
NIAS,3
Mando Sofftech India Pvt. Ltd.,3
Diesel Locomotive Works,3
Future Fitness Technology LLP,3
Team odyssey,3
Infor India,2
24[7] ai,2
M S Ramaiah University,3
Hyperthread Solutions,3
Teletect India Ltd.,3
Moodagent,3
Damodar Valley Corporation,3
Infor Global Solutions,2
Anew Design Automation,3
National Sun Yat-sen University,3
JP Morgan,2
Buzzinga Digital,3
ATop Digital,3
Wajooba,3
"Ramrao Adik Institute of Technology, Nerul",3
Gauri Murthy's Wellness And Sports Nutrition Centre,3
University of Oregon,3
Ambertag Analytics,3
Tamboli Engineers Pvt. Ltd.,3
Cross Domain,3
Modula Automated Warehouses private limited,3
YellowAnt,3
compliance cart,3
ushva clean technology,3
Perfect Engineers,3
Datta Industries,3
abv,3
Medmap,3
Boorter,3
TEPCO,2
Total Environment Pvt Ltd,3
Studysid,3
FluxGen,3
Shri Shiva Shakti Alternative Energy Pvt Ltd.,3
KS Smart Solutions,3
Ecorea and Kuroda Electric Pvt Ltd,3
Financepeer,3
Unichem Laboratories Ltd,3
IIT Tirupati,3
No footprints,3
Reliance Jio Infocomm,2
Lenskart Pvt LTD,1
Fitterfly,3
Deepak Cybit Pvt Ltd,3
Quodeck Technologies,3
edfora infotech,3
IIT PATNA,1
Atlassian,1
FifetyFive Technologies Pvt Ltd,3
Comakeit,3
Centre for Science and Environment,3
Indiamart InterMESH Pvt Ltd,2
Eople Internet Pvt. Ltd,3
Sony India Software Limited,2
Arch finance,3
Kabloom Corporations,3
Hawkes Learning Systems,3
Icube technology,3
Adeptchips Services Private Limited,3
Kirloskar Pneumatics,2
Start Up Company In US,3
yukthi,3
Merry Foods,3
Capita India,2
Matrix Power Tech Systems,3
Procon Controls,3
IIT Mumbai,1
AbsolutData,3
Thingsmeet Pvt Ltd,3
Malviya Crafts Pvt. Ltd.,3
Cerium Systems Pvt Ltd,3
Accops Systems Pvt Ltd,3
Neubrain Solutions Private Limited,3
Enable IT solutions,3
Stup Consultants Pvt Ltd,3
University Of Texas At Dallas,2
Haptika,3
NFCL,2
LiveHealth,3
Edgeverve,2
U&I,3
Chiripal Industries Ltd.,2
Freeloc IT Solutions,3
Ananth Technologies Ltd,2
Association Of Computing Machinery,3
Ernst and Young,2
YCook India Private Limited,3
H & B Infotech,3
Dots & Coms,3
BankBazaar,2
Mr Hot Foods Pvt. Ltd.,3
NGRI,1
kexion,3
TSYS,2
Crimson Interactive,3
Telebyte Technologies Pvt. Ltd.,3
Total Tools AND EQUIPMENT PVT LTD,3
Turtlemint,2
Aptean,2
Graphene Services Pte. Ltd.,3
Rohde & Schwarz India Pvt Ltd,2
Sutar Engineering Works,3
BMW Bavaria Motors,3
LineUpBizz,3
outrider,1
Photon Grafix & Innovations Pvt Ltd,3
Max Power Control,3
Bhakti Vedanta Hospital And Research Institute,3
"Amelia, an IPsoft Company",2
Ooredoo,2
Structurel Qatar,3
Intellegre LLC,3
Ksb Pumps Limited,2
IIDT,3
HEW Pvt Limited,3
Thyssen Krupp,2
Cognitio,3
Rbl Technologies,3
AMARAVATHI DEVELOPMENT CORP,3
Artur Schade Steel Products India Pvt Ltd,3
CSIR-CMERI,1
cadworks,3
APTTUS,2
Safecity,3
Compassites Software Solutions Pvt.Ltd,3
"VNIT, Nagpur",3
Intellect Bizware,3
spaceonova,3
Prodigal SoftTech,3
Marvell Semiconductors,2
ValueLabs,3
Cyber ALCHEMIST,3
Rigkno,3
Anmol Nayantara Real Estate,3
Your Pharmacy (Own Startup),3
3dprintzkart,3
Dlithe,3
"Mecon Ltd, Psu, Government Of India",2
Eclerx Services Limited,3
Active Bytes,3
Godrej Infotech,3
Uniq Technology,3
Indus AUTOMATION PVT LTD,3
Cogniter Technologies,3
OnePlus,2
IKEA,2
Infrastructure Leasing And Financial Services,3
GeBBS,3
Shyena Tech Yarns pvt. ltd.,3
Emaestro,3
Mewoc Technologies Limited,3
Ideaspark,3
Invecas,3
CVH Consultants LLP,3
Rakuten india,2
BTU Cottbus,3
Pune Techtrol Pvt. Ltd.,3
Neustar,2
SpacePort,3
GAOtek inc,3
VDA Infosolutions Pvt. Ltd.,3
Zalaris,3
Noon,1
Invizio Solutions LLP,3
Shree Bhavan Architectural House,3
ODE Holdings USA,3
Botminds,3
UnitedLex Corporation,3
AnalyticsDomain,3
Kpit,3
Servify Inc,2
JMA Wireless,2
Nthrive Global Solutions,3
Orchid Agro Systems,3
Energo Projekt,3
Algorics,3
JustPoll,3
Cambridge Wire Screen India,3
Aptus Datalabs,3
Data Insights,3
Team Antariksh,3
s s microtech pvt ltd,3
Systech Solutions Pvt..Ltd,3
Ilander Technologies Private Limited,3
Microsoft India,1
Thinksprout Infotech,3
Automatic Data Processing,2
Happydemic,3
Delta Technology and Management services Pvt Ltd,3
Syniti,2
Starlink,1
Vivek And Associates,3
non profit organisation,3
University of New South Wales,3
D.R Ghavane Destinations,3
Acg PAM,3
Nair & Nair Fabricators,3
Comp Infotech,3
Jushi India Fiberglass Pvt Ltd,2
Weir,2
TheSparkFoundation,3
Novigo Solutions,3
Jadavpur University,3
Geek Creative Agency,3
Stasislabs,3
Hettich International,2
Satayvani Consultancy Pvt.Ltd,3
EasyOps,3
x Corporation,3
Josh Technology Group,3
Dow Chemicals,2
IIM Ahmedabad,3
Turtle Shell Technologies,3
V DRIVE INFO PVT LTD,3
Intuit,1
Composite Interceptive Med Science Laboratorties Pvt. Ltd,3
Growthali,3
Exide Industries Ltd.,2
RCAD Consulting Engineers Pvt Ltd,3
Personal Air Quality Systems,3
Purita Water Solutions Pvt Ltd,3
Packt,3
Minera Steel And Power,3
VVF INDIA LTD,2
Visible Alpha,2
Council of Vibration Specialists,3
Eurotech Universities Alliance,3
Sarada Research Labs,3
Airports Authority Of India,2
Axiom Softech Pvt. Ltd.,3
Juniper Networks India,1
Fast Net Services,3
Hidden Brains Infotech Pvt. Ltd.,3
Savitribai Phule Pune University,3
CasaO,3
Pharmeasy,1
Atos India,2
NTPC Power Plant,2
Thence Product Design Studio,3
Helios Capital Management,2
Feedback Infra Private Limited,3
Government Of Andhra Pradesh,3
Neel Metal Products Limited,3
DC Designs,3
informatica LLC,1
Tessolve Semiconductors PVT LTD,2
Resonance Racing,3
Sln,3
MakeMeFit,3
Teksun Lab Pvt. Ltd,3
MediBuddy,2
Romax Solutions Pvt. Ltd,3
Rigel Business Insights,3
CodeAsylums Bootcamps,3
Pramukh Engineering,3
Dwellfood,3
CSIR-CECRI,1
Pykih,3
Kam Avida Enviro Engineers,3
Volon Cyber Security Pvt. Ltd.,3
Zycus Infotech,2
tournamentOS,3
Dish Media Network Private Limited,2
Hyland,2
Amrita Vishwa vidyapeetham,3
Unify Technologies,3
Nsoft INDIA,3
Techlene,3
Va Tech Wabag,2
University of Duisburg-Essen,3
Ark MachTek Pvt ltd.,3
Quantaco,3
NCCCL,3
Fiat India Automobiles Pvt.Ltd,2
Oceaneering International Services Limited,2
Reliance Industries Ltd.,2
workshop for metropolitan architecture,3
Kahaniya,3
Codebreak Solutions,3
Curiouz TechLabs,3
Addit Labs,3
Playerzpot Media Pvt. Ltd.,3
Adani Dahanu Thermal plant,2
CredR,3
Anubis Technologies Pvt Ltd,3
Drag2Death,3
Heavy Engineering Corporation Limited,2
Mindarray Systems Pvt. Ltd.,3
Bosch Ltd.,2
Deloitte Haskins And Sells LLP,2
SDD,3
Diabsolut Technologies,3
Nimap Infotech,3
Godwell Engineering Products,3
Fresa Technologies,3
jda,2
RAD,3
Sysvine Technologies,3
ICM spa,3
Studio Decor,3
Idea Entity,3
Leap Robots LLP,3
Apollo trident,3
"J.T. Metro, Dubai",3
National Atmospheric Research Laboratory,1
Kreditbee,1
Virtual Reality K Technologies,3
ELEATION,3
RDC,3
Chipster Technolgies,3
IIT(ISM) Dhanbad,1
Magneti Marelli India Pvt Ltd,2
LTI MINDTREE,2
Springrole,3
Pcb Planet,3
J.R consultant,3
Noodle.ai,1
BIMgraFX,3
university of houston,2
Bureau Veritas,2
Dr. Khan's Creation,3
Raytechnoto,3
Sri Lakshmi Paints And Coatings,3
Neetai Tech,3
Elintz Labz,3
Manprax Software LLP,3
ASquared IoT,3
KODEBAY LLP,3
Mtx group inc,2
Suddpram Auto Engineering Company Pvt Ltd,3
maruti Suzuki Saboo RKS Motors PVT.LTD,3
unified payments,3
IISER Pune,1
Amdocs Development Centre Pvt Ltd,2
Iview Labs,3
Cartoon Mango,3
Carl Zeiss India Pvt. Ltd.,2
Kumavat Infrastructure,3
Pagemajik,3
Icapotech Pvt. Ltd.,3
Big 4,2
na architects,3
ITC Pspd,2
AR.JK,3
BSL Foundations,3
Jeevitam,3
JayamSoft,3
Ict Health,3
Tata Unistore Limited,2
ekCoffee,3
Atidan Technologies,3
GIRLSCRIPT SUMMER OF CODE,3
Tutorials Point India Pvt Ltd,3
Home Made Products,3
Nixor College,3
sl,3
The Binary Works,3
Aryaka,1
Gain Theory,2
Omnino Solutions Private Limited,3
OnlineMocks,3
Technodune Pvt Ltd,3
Cimpress,2
Sysintelli,3
Cerebrus,3
Jindal Soft Italia Seating Pvt. Ltd.,3
Numato Lab,3
Frolic Foods Private Limited,3
Azura Skynet Pvt Ltd,3
Defense,3
DB Schenker,2
Chara Technologies,3
Bimla devi hospital,3
Bounteous,2
Khartoum Petrochemical Company,3
startuptalky,3
Phillips 66,2
BNR Udyog Ltd,3
Softvan Pvt. Ltd.,3
2 internships,3
"Tata Power, Mumbai",2
New Jersey Institute Of Technology,3
Narayana Dental College and Hospital,3
Tailored AI,3
Savani,3
Mytrah Energy,2
Kodacy,3
Futureace Hospital,3
NTTC,3
Marlabs Innovations,3
Zebi,1
Mikrosen Control Devices,3
Sud Chemie,2
Demaze Technologies,3
fourtech enterprises,3
Youth United Council Of India,3
Impact India Foundation,3
Sunil Khullar Infotech,3
United Airlines,2
Prosimo,1
Glider.ai Technologies,1
Microsoft Technology Associate,3
Leap Club,3
snehal industrial services,3
Bio environment services dubai,3
Suzlon,2
Tata Communications and Transformation Services,2
Door To Online Solutions,3
Intas Biopharmaceutical,2
Take It,3
Sirpi,3
Apollo Munich Health insurance,2
Kun Isuzu Motors,3
Varank Infotech,3
K.C.ENGINEERS Pvt Ltd,3
Dresser Rand,2
Igt solutions,2
Sthapati Consultants,3
Surya Construction,3
"ARDE, Pune",1
CADSYS,3
IHS Towers Limited,2
Octoloop Systems,3
Vap engineers,3
Hudl,1
Sublime Data Systems,3
Gulf Automation Systems,3
Chung Ang University,3
Venus Automation And Robotics Pvt LTD,3
Imaginarium India Pvt Ltd,3
Gemini Solutions Pvt Ltd,3
Minda Industries Ltd,2
Check Point Software Technologies Ltd,1
NIT Durgapur,3
standard carpet,3
"Neudesic, An IBM company",1
Infobit Technologies,3
Accelya,2
Cloud Consultancy Services,3
Sitel india,2
North South University,3
Nice Software Solutions Pvt. Ltd.,3
General Motors,2
Pragmasys Consulting LLP,3
Others,3
Value Addition,3
Ordell Ugo,3
Upastuti,3
Maturi Venkata Subba Rao Engineering College,3
In Time Tec Visionsoft Pvt Ltd,3
National Engineering Olympiad,3
Pride Machine Tools,3
Photoexpress,3
Qwerty Marketing Solutions,3
Aaron Infrastructure,3
FlytBase,2
Course5i,2
BlueOptima,2
Gojek,1
Ashnu International Inc.,3
ExxonMobil Services and Technology Pvt. Ltd,2
Plaksha University,3
Options Mantra,3
expersis technologies,3
KJN Enterprise,3
Via.com,2
ID4 REALMS,3
GoFrugal Technologies,3
rapsol technologies,3
GlobalLogic Technologies private Ltd.,2
Infrrd,2
First Aid Nepal Private Limited,3
Royal Enfield Ltd,2
Coforge,2
IIIIER,3
CGC Construction,3
Smile Vizag Dental Clinic,3
"IIIT-DM, Kanchipuram",3
IndiA METEOROLOGICAL DEPARTMENT,2
K.J. Somaiya College Of Engineering,3
Centre For Economic And Social Studies,3
Saks Technology,3
Panama Petrochemicals,3
CentraHub CRM,3
ANZ,2
Sarth Surfacrete,3
IFB INDUSTRIES LTD,2
Campus Connect,3
AK Aerotek Software,3
DrillinkTech International,3
ISRO,1
Mirraw.com,3
Titan Engineering and Automation Limited,2
Pronto Infotech,3
Zensoft Services,3
S.D.Engineerstech.Pvt.Ltd,3
Reliance Electronics Ltd.,2
Kaihatsu Techno Centre Pvt. Ltd.,3
Tinker Master,3
TurtleDove Technologies,3
Predictly Tech Labs,3
TATA Strive,3
National Stock Exchange,2
Data Angle,3
Indian Designs Pvt Ltd,3
Yashas Consultants,3
Plus Delta,3
Fortress Information Security,3
expertmile,3
Spatez Technology,3
Omega,3
Senix infotech,3
Yfc,3
"Harvard Business School, India Research Center",1
Mortal Pursuits,3
iOPEX,3
Tekzenit Software Technologies,3
Indoco Remedies Ltd,3
Coastal Construction,3
Plasticraft Pvt. Ltd.,3
The Yellow Monk,3
Determinant Studios,3
Larson & Turbo Infotech,3
AT Technologies,3
Proventech consulting pvt ltd,3
Parexel,2
Tech Mahindra Limited,3
Astute Giraffe Private Limited,3
Pranav Enterprise,3
poshaQ,3
"Belcan, India",2
Extramarks Education India Pvt Ltd,3
InternTheory,3
Natwest,2
Drdo,1
OttonomyIO,3
Arcatron Mobility,3
Pandit Deendayal Petroleum University,3
Twin Binary Digital Solutions,3
Cardback,3
Lakshmi Life Science,3
Xpert,3
soaron,3
Datasisar,3
vConstruct Pvt Ltd,3
Automotive Research Association of India,1
Zaggle,2
Wolfizer Technologies,3
Samnur Global,3
Kunal Enterprise,3
"NPCIL, Tarapur",1
ServiceNow,1
Prakyath Applications Pvt Ltd,3
Torrent research centre,2
Aspire Software Solutions,3
SSA Architects,3
Prayasta 3D Inventions Pvt. Ltd,2
Spatialytics,3
Episource LLC,2
Sjs Technology,3
eClerx,3
RG Buildwell,3
TechieAid,3
Ama,3
CSRBOX,3
Quality Consultants India,3
Delight Xpress,3
Osamray,3
Eaiesb Software Solutions,3
Toyoda Gosei,2
Infobahn,3
Life Mudra,3
Campusdost,3
Sibar Auto Parts,3
PMVS & CO. LLP,3
3EA Limited,3
Cerner Healthcare,1
Cloudera,1
Mobbypark,3
-,3
Conscript HR Advisors PVT. LTD.,3
Special Situation Advisors Private Limited,3
Blueocean Market Intelligence,2
Lynk Logistics,3
AARK Design Studio,3
SWAN labs,3
Harsco Global Service Center,2
Supreme Knowledge Foundation Group Of Institutions,3
Rapido,1
rupa sri chandana traderd,3
Supreme Petrochem Ltd,2
Municipal Corporation of greater mumbai,2
AIG,2
University of Cambridge,1
Vtrike Private Limited,3
Hudl India,2
Raam Engineering And Controls,3
Instinctus.ai,3
Indian Space Research Organization,1
ArsenalTech PVT LTD,3
Vishwaniketan's iMEET,3
AIG Analytics and Services,2
Brackets Infinity,3
Creation infotech,3
Anthem Biosciences Private Limited,3
Kenin,3
Eagerbug,3
Euprime,3
IDIOTICIDEAS,3
Millennial labs,3
NGO,3
Netenrich,3
Future Tech IT Global Services Pvt Ltd,3
Vincenz Wiederholt GmbH,3
Info objects,3
Kochi Metro Rail Lmt,3
Modak,3
Lab,3
Anish Pharma Pvt Ltd,3
Visteon Corp,2
Mirafra Technologies,3
Nblik,3
NBH Construction,3
Virtusa Consulting services,3
Force Motors Pvt Ltd.,2
N.A,3
Zoomlion India Private Limited,2
ANS Commerce,3
trinite digital,3
Hindustan Times,3
MapmyIndia,2
devslane,3
Electronica Finance Ltd,3
Schindler,2
Marafel Solutions,3
Smartbridge Educational PVT,3
Capgemini Invent,2
OutofShop Online Services Ltd,3
IBM Skills Build,3
Ayati Labs,3
Thomson reuters,2
PROZM Knowledge Services Pvt. Ltd.,3
Vidyayatan Technologies,3
Connected LLP,3
Cognitive Clouds,3
Akashganga International Academy,3
Avian Aerospace,2
Jda Software,2
Indian Phosphate Limited,2
Aduera,3
Bharat Stars Services Pvt Ltd,3
Nvidia,1
Ellicium Solutions Pvt. Ltd,3
JungleWorks,1
Space generation advisory council,3
University of New Brunswick,3
Smartprop Solutions LLP,3
Progililty Technology,3
Kronos Private Lmtd,2
Smruti consulting & Services,3
brandsystems,3
COWI,2
University Of Cincinnati,3
Red Matter Technologies,3
EdvenSoft Solutions,3
Ericsson Global Services Limited,2
Thought green Technologies,3
Accenture Technology Pvt Ltd,2
Fairshare IT Services,3
Grundfos,2
RDS Roy Design Studio,3
Osi Digital,2
Sak Designs,3
Cartesian Consulting,2
Collabera Technologies,2
Arya Electronics,3
Zolo Stays,1
Elision Infotech,3
Sopra Steria Ltd,2
Fourth Dimension Technologies,3
Zen Quality Assuarance,3
Software AG,2
Benue State University Teaching Hospital,3
Quantile Analytics,1
Hyundai Motors India Ltd,2
Highways Department TN,3
Yashraj Biotechnology Limited,2
ADP,2
Talisma,2
NESGI faculty Of Engineering Pune,3
Phenom,1
Dukaan,1
Infostretch Corporation India PVT LTD,3
Systemantics India,2
Qaes Enterprire,3
Deloitte Consulting India Private Limited,2
Stanome,3
Dr.Kudale Dental clinic,3
Oneplus R&D,2
Ezeneith,3
Firm Terra Architects,3
CentraleSupélec,2
Intec Infra-technologies Pvt. Ltd,3
Weir Ensci,2
Trivia Softwares Pvt. Ltd.,3
Güdel India Pvt. Ltd.,2
SGRE,2
Wells Fargo,2
Enginious,3
Squareware,3
CU Rise Analytics,3
Yatra,2
Patpert Teknow System,3
Cakemporos,3
Ujjivan Small Finance Bank,3
Trantor,3
Clik Technologies Inc,3
Glosys Technologies,3
Msquare Technologies,3
Quick Heal Technologies,2
Ratna Industries,3
Sonasoft Corp,3
amFOSS,3
Xenon Nation,3
Crest Data Systems,3
Map Architects,3
Kunal Autocomp,3
Thryve Digital Healthcare LLP,3
Ipay Systems Ltd,3
Tulasi Engineering Works,3
Endpoint Clinical,2
Industrail Ventures,3
V3 production,3
Elantas Beck India,2
Hi-tech iSolutions LLP Ahmedabad,3
MMR Constructions and Developers,3
Global Super Elite,3
Mantri Developers Pvt. Ltd.,2
Bharath Electronics Limited,2
Mialo Technologies Pvt Ltd,3
Magnacool,3
Mois Engineering Lab,3
Gulf Processing Industries,3
Evelyn Learning Pvt Ltf,3
Flyrobe,3
Punchtech Engineers,3
Godrej Group,2
Broadcom Corporation,1
Samsung R&D Institute Noida,1
Phenom People,1
Tydy,3
Institutional Shareholder Services,2
Comscore,2
GtKonnect,3
Enfinity Solar Solutions,3
wielabs,3
Rane TRW Steering Systems,2
Trans Corporate Advisory,3
GE Capital,2
Lowe's India Services Private Limited,2
Government Of India,2
Ndcommerce,3
Worley India Pvt Ltd,2
Samsung R&D Institute,1
Doodleworldwide DXB,3
Apsis Systems,3
Epsilon Advanced Materials Private Limited,3
Arcadia Engineering,3
matrix academy school,3
"International Institute of Information Technology, Bangalore,",3
SVNIT,3
Digital Matics Technologies,3
Alliant Infotech,3
Alstom Transport,2
Country Cabs,3
Techasoft Private Limited,3
Seva Bharat,3
UL Automation Pvt. Ltd.,2
InfoOrigin,3
Delphi-TVS Pvt Ltd,2
Lumina Datamatics,3
Mannai ICT,2
Engaginbiz Technologies Pvt Ltd,3
"IIIT-DM, Chennai.",3
Teal India,3
Kirloskar Brothers Limited,2
Brain's Language,3
blah blah,3
MSU,3
Shoretel Communications Pvt Ltd,2
MIT ADT University,3
Edelweiss Financial Services,2
PRV Tech,3
icon life sciences,3
Arcesium India Pvt. Ltd.,1
Legato Health Technologies,2
Utopia,3
IIIT-RK Valley,3
EE ENGINEERING CONSTRUCTION SERVICES,3
contetra,3
Srr Projects Private Limited,3
Aslam architects & Interior designers Pvt. Ltd,3
Pioneer Wireless Services,3
Cabby Tabby,3
Hyperware,3
PSG Institute Of Medical Sciences and Research,3
Indian Institute of Food Processing Technology,3
Regal Rexnord Corporation,2
sudha chemical,3
institute of engineering and technology,3
autosky aerospace,3
Shree Jaya Labs Pvt Ltd,3
Excel Net Solutions Pvt. Ltd.,3
Kerala State Electricity Board,3
Goibibo.com,2
Sierra Cedar,2
PaynearBy,3
Maker Mela,3
Sigillieum Software Consultancy,3
kathmandu public health office,3
Larsen And Toubro Limited,2
Capital One,2
Prione Business Services Private Limited,2
Accion Labs,2
Carleton University,3
Nivaan Infotech,3
Aegis Cunsoulting Company,3
GPIO technology Pune,3
SCIA,3
Cimcon Digital Pvt. Ltd.,3
Indian Institute Of Vlsi Design,3
ESRI India,2
Sterlite Technologies Limited,2
MAG SWITCHGERAS,3
INRY,3
Samcon,3
ECGC Ltd.,3
Navya Constructions Pvt .Limited,3
Thanos technologies,3
Sun sea jewellers,3
ACS India,3
Futurense Technologies,3
Samarth Automation,3
Core Software Integrated,3
Entiretyin Pvt Ltd,3
Prof. Sameer Mathur IIM Lucknow,3
multifabs,3
Neonflake Enterprises,3
Advarisk,3
Aditya Birla Capital,2
CampTech,3
Intellect Design Arena Private Limited,2
Jupiter Ai Labs,3
Schiffer Menezes,3
NetElixir,3
Si2Chip,3
zenmaq,3
Abbott India Ltd,2
Team Indus,3
Leibniz University Hannover,3
satyavani consultants,3
SC Design Studio,3
GGK TECH,3
CriticalRiver,3
Sree Sudha construction,3
Circor Flow Technologies,2
Structual Concept Designs Pvt. Ltd.,3
Poplify,3
Bharat Constructions,3
Myriad solution,3
Access Health Care,3
Saham Legal LLP,3
Siemens Industry Software India Pvt Ltd,2
Public Health Foundation of India,3
SS&C Technologies,2
Mahle Behr,2
Omni Value Solutions,3
Accsus Management,3
VNU,2
Source Code Technologies,3
Neipun Informatics Pvt. Ltd.,3
Pari Robotics,3
Chennai Petroleum Corporation Ltd.,2
Meghana Computers,3
"Zebo.AI in association with Verzeo, Mumbai",3
Ufaber,3
Accord Global Technology,3
AMAMA Jewels,3
Ahmedabad University,3
Atlogys,3
Datamatics Global Services,3
DMCC,2
UKG,2
Graphene,3
LG Electronics India Pvt. Ltd.,2
Indian Institute Of Tropical Meteorology,1
Thought process,3
Netlink Software Pvt. LTD.,3
Digital Vidya,3
Ghosh Bose And Associates,3
Gallega Software,3
sanridge pvt ltd,3
BARC,1
Torry Harris Business Solutions,3
sperry technologies,3
Jyoti CNC Automation Ltd.,3
vernus technologies,3
Jai Venkateshwar Technology,3
Aspire InfoLabs,3
Google Developer Students Club - TCET,3
rSutra Analytics,3
Phazr 5G,1
Paramount Communications Ltd.,3
Cylus Creators Software Solutions,3
Chola MS Risk Services,3
Kody Technolab,3
United Agency,3
State Street Corporation,2
HogwartsHouseOfCulture,3
EPMCR,3
buet,3
Baehal,3
Inautix Tech,2
Oppo Mobiles Pvt Ltd,2
Evobi Automations,3
Coal India Ltd.,2
Inspiredge IT Solutions,3
MaCher USA,3
Tata Consultancy Service Ltd,3
Industrial University of Ho Chi Minh City,3
Ganit Inc.,3
Vorbicon Technologies Pvt Ltd,3
Jetsons Robotics,3
Botree Software,3
Roundglass,1
Techfeo,3
Dalahab,3
Trexquant,1
Soctronics Technologies Pvt Ltd,3
Goodera,3
Siddharth Associates,3
VISHVACHAKRA VENTURES LLP,3
Lumos Learning,3
Nuance Communications,1
Birthvenue,3
Wave9 IT Solutions Private Limited,3
Orangebyte Pvt. Ltd.,3
Acodesoft Technologies,3
Yamuna gears pvt. Ltd.,3
Enser Communications,3
Thoucentric,2
"Valley College Of Engineering, CTEVT",3
Tyroo Technologies,2
Cognizant Technology Solutions,3
Nokia Solutions And Networks,2
PixaFlip Pvt. Ltd.,3
Virtusa,3
Here Solutions Pvt Ltd,2
Suprsend,3
IIM Lucknow,3
Eighth Sense,3
Accenture Solutions  Pvt.ltd,2
Lanco Industries Limited,3
Embionics Technologies Pvt Ltd,3
R2 Robotronics,3
rg innovation,3
Playablo,3
Aspiration Energy,3
Credain,3
Golomt Bank of Mongolia,3
Wintry Engineering,3
SS Consultancy Services,3
Xion Multiventures,3
plushvie Pvt Limited,3
Virgin Mobile Middle East And Africa,2
BACI,3
Tata Sikorsky Aerospace Ltd.,2
draftss,3
eVITRC- VIT Chennai,3
Epiance Software Limited,3
Razorthink Technologies,3
Curaxo Healthcare LLP,3
WeBeCray,3
AASK precision pvt ltd,3
Caliber Interconnect Solutions,3
Spicetech India,3
Berco Undercarriages India,2
Biotronics Equipment Private Limited,3
Nexus Technologies,3
Landmark Honda,2
Saksham Knowledge Point,3
"College Of Engineering, Pune",3
abxl,3
Suntrion Health Care Services,3
Sigmoid,2
Center For Cloud Computing and Big Data - PES University,3
CoreFragment,3
Temporary S.p.A,3
Youth India Foundation,3
CMS Engineering Consult Pvt. Limited,3
Nucleus Education,3
E-infochip,3
Aviv Electro Systems,3
Ronanki Infotech,3
India Medtronic,2
ACTD,3
Principal Global Services,2
TAL Manufacturing Solutions Pvt. Ltd,2
Sonata,3
Cognitel,3
Micro Solution,3
VS Informatics,3
Epygen Biotech,3
Infocomm,3
Intrick Consultancy,3
Phoenix Group,3
Sengupta And Associates,3
book my admission,3
Deloitte India,2
Algorithmic Electronics,3
Exeter Premedia Services,3
Reliance Jio Infocomm ltd,2
Rishabh Instruments Pvt Ltd,3
Hemchandra Enterprises,3
Lakshmikumaran Sridharan Attorney,3
Miiint Solution,3
ISGEC Hitachi Zosen Ltd.,2
Srikanth Technologies,3
BVG India Ltd,3
Mitsubishi Caterpillar Forklift America,2
Momentum Business Pvt ltd,3
Maflow India Pvt. Ltd.,2
Prabisha Consulting,3
Busch Vacuum Solutions,2
THDC India Limited,2
Bazinga Softtech Pvt. Ltd.,3
Rohini Multispecialty Hospitals,3
SM innovations,3
Sap India Private Limited,1
Surya Informatics Pvt Ltd,3
Datakalp,3
Ayesa India Pvt Ltd,2
Fasttracks Car Care,3
DBS Bank,2
Galvantrix,3
KLE Technological University,3
Espire Infolabs,3
Efficiently,3
Madras Diabetes Research Foundation,3
Airfil Cleanroom Systems Pvt. Ltd,3
"Indian Institute of Public Health, Gandhinagar",3
Radius Developers,3
Attra Infotech Pvt. Ltd.,3
State Street Syntel Services Pvt Ltd,3
vitech systems asia,2
Swardha Energies,3
Cess Automation,3
Synapse Techo,3
Hashtag Foods,3
Stadmed Pvt. Ltd.,3
Prosun Energy Pvt Ltd,3
Qikpod,3
Appointy,3
madas switch gears,3
Kirloskar,2
Technobotics,3
"d3View, Inc",3
National Skills Development Corporation,3
suvana technolosolutions,3
L&T Hydrocarbon engineering Ltd,2
Ntier Infotech,3
Crisp Analytics,3
Pianta,3
Inexture LLP,3
Ahuja Auto Parts,3
KRISTAL.AI,2
sandvine,2
ImageKit,3
RVPNL,3
Softlink Global,3
Data Maven,3
Mundra Oil Pvt Ltd,3
Leapfrog Multimedia,3
National Institute Of Technology,3
SP Metals,3
Athens Information Technology,3
Gopaldas Visram Co. And Pvt.,3
United Nations Development Program,3
Dot Syndicate,3
Vuclip,2
Schlumberger EMS,2
Zebra Technologies,2
Jeevanam Water Technology,3
Eninov Systems,3
Techlivz,3
Tata Consultancy Services Ltd.,3
Torrent Power Ltd.,2
Heatex Industries Ltd,3
Reveal Retail Solutions,3
Tirupati Balaji Agro Products Pvt.Ltd,3
SnS Fab Automation,3
Planful,2
Service based company,3
Pune institute of computer technology,3
Kenisys Software Private Limited,3
Mahindra Research Valley Chennai,2
Toshiba Software India Private Limited,2
Persistent Systems,3
CV Ranker,3
Shivapriya Industries,3
SCOPE T&M,3
GITAM fintech,3
Andromeida Maritime Solutions Pvt. Ltd.,3
Collabera Pvt. Ltd.,3
Rashtriya Ispat Nigam Limited,2
Riversand Technologies,2
Associated Engineers Consultancy,3
Murugappa Group,2
Boongg,3
Piltover Technologies,3
Hanyang University,3
Nvidia Graphics,1
Ph Solution,3
Indocool Composite Private Limited,3
ION,2
Seneca Global,3
Zuberi Fibres,3
Futuristic Labs,3
Mylo Pregnancy And Parenting App,3
Lybrate,3
omni Cybex,3
RailTel Corporation Of India,2
FreeBHK,3
arete it,3
Zhipinhui,3
Jubilant life Sciences Ltd,2
Webwingz,3
Pipecandy,3
SAME Deutz-Fahr India,2
Data Comp Services,3
FSCK Systems Services Private Limited,3
Tamilnadu E Governance Agency,3
Metmox Software solutions,3
Proptiger.com,3
Maruti Techlabs,3
Surge Tech Solutions,3
Konigtronics,3
Movelton Industries Pvt Ltd,3
KNAV P.A.,2
vetas,3
Isha Education Center,3
event houz,3
Nestle India,2
Comprinno Technologies,3
"CABS, DRDO Bangalore",1
"ACI Worldwide, Inc",2
ShopX,2
Ini Design Studio,3
"Cognition Lab, IISc",1
Matunga Railway Workshop,3
CLOVE TECHNOLOGIES,3
herM,3
Duff and Phelps Global LLP,2
Studio of Environment And Architecture,3
Aum Technologies Pvt Ltd,3
AiBorne Tech,3
Central Public Works Department(CPWD),3
Direction Softwares LLP,3
DCPL,3
Sardar Patel Institute of Technology,3
Jash,3
Kishan Forge Pvt Ltd,3
Myperfectice,3
Digimark,3
Voxogenic Technologies,3
ABG Shipyard,3
Skilled Industries,3
Avineon India PVT ltd,2
Balaji Construction,3
Modern Homeopathy,3
Frnddzy,3
MONEYSMART,3
SRI ASQUARE LABS AND TECHNOLOGIES LLP,3
Capillary Technologies,2
Indiana University,3
Varun Pepsi,2
Nectorglobe Solutions,3
younify applications pvt ltd,3
nowhere,3
SADA,2
Standav Corp,3
Inox India Pvt LTD,2
L&T Construction,2
GameEon,3
Cosywo,3
"Atomic Energy Regulatory Board, BARC, Mumbai",1
Zoopky,3
GetVu,3
J. Mangsun & Co.,3
Universal,3
Mahyco,2
TRAWAY TRAVEL SOLUTIONS PRIVATE LIMITED,3
EESOFT TECHNOLOGY,3
Unschool Pvt Ltd,3
Madhav Enterprise,3
Harita Fehrer,2
Analytics Domain,3
Fuzzy Logix,2
Innobit Solutions Pvt.Ltd,3
Soft Data Solutions,3
Equitron Medica Pvt. Ltd.,3
Cyberware,3
SandLogic Technologies,3
National Institute Of Technology Agartala,1
Impetus,2
Abzooba,2
Stata Mater Investments Limited,3
Ivtl Infoview Technologies Pvt.Ltd,3
National Institute Of Ocean Technology,1
Verzeo,3
Cybermarine Knowledge system,3
Isource Opportunities,3
Department Of Urban Roads,3
Kolte Patil,2
Al Jazeera Finance,2
Fyle,1
National Center For Biological Sciences,1
Study Marvel,3
Freightbro,3
sripton technologies Pvt Ltd,3
Astronomy Club - TCET,3
BiTechX,3
synerzip,2
Accenture Solutions Limited,2
Align Manpower,3
EduXchange,3
Megafab technologies,3
GlobalEdge,2
Hewlett Packard Enterprise,2
iOO Labs Private Limited,3
Preethi Kitchen Appliances,2
Prathamesh Medical Instruments,3
Ugam Solutions,2
Ramaaya Technologies,3
squadstack,1
Sunflex Pipes Private Limited,3
Ams Project Consultants,3
M Learning India - Internshaala,3
Singleton Constructions,3
"DRDO, Bangalore",1
Logicare Embedded Systems Private Limited,3
BrainWeave,3
Cambridge Institute Of Technology,3
University Of British Columbia,2
Arxxus Technologies,3
TechCiti Technologies Private Limited,3
Insigno Quipment Technologies India Pvt. Ltd.,3
Getgo Logistics,3
Sikta Irrigation Project,3
Pocket App,3
Siemens Ltd,2
Mudra Packaging,3
W.E.R.P,3
yuva communication,3
Infrastructure Development Office morang,3
SUDAKSH Technologies,3
E-yantra,3
Induco CIAL,3
Cedar IT,3
Amzur Infotech,3
Rato Bangala School,3
MothersonSumi Infotech And Design Ltd,2
NP Simple Innovations Private Limited,3
IIT (ISM) Dhanbad,2
Osmosys Software Solutions Pvt Ltd,3
Intellectual Equipments,3
Shribalajibuildmate,3
Spread Design & Innovation,3
John Deere,2
"Pass Consulting, GCA Solutions",2
Aim Point Computer Sales And Services,3
Akshar Engineering,3
Syndicate Wipers,3
Zetacoding Innovative Solutions,3
Grit Innovation,3
NSTL-DRDO,1
MindShift Applications,3
Pelican Rotoflex Pvt Ltd.,3
Nepal Academy Of Science And Technilogy,2
Macksofy Technologies,3
Tempo Instruments,3
Curl Analytics,3
Robotronix Automation Solutions,3
Schlumberger pune,2
Parallel UX Studio,3
PureId,3
Imperial Coastal Infra Private Ltd.,3
SSM InfoTech,3
Nextyn Advisory,3
SRL Diagnostics Pvt Ltd,3
INDRA ENTERPRISES,3
Vector Academy,3
BIT Infotech,3
Target Corporation India,2
EngineCal,3
Avin Systems,3
Raptee Energy,3
Worth Peripherals,3
Dalhousie University,3
Zamil Steel Buildings India Pvt. Ltd.,3
Citrix R&D,2
tumkur university,3
PCI India,3
Extrieve Technologies Pvt. Ltd.,3
"ETEC, North Highland College",3
Ethosh Digital,3
aronix,3
Graphics,3
iTorque,3
scch,3
Balaji Chemicals,3
Loka Biosciences,3
Disguise Cosmetics,3
Stryker Corporation,2
Vethics,3
Indian Institute Of Engineering Science and Technology,3
Versabyte Data Systems,3
NML JAMSHEDPUR,1
Deltacom Structural Consultants,3
Majesty IT Services,3
Jivox,2
Unnati Cnc Pvt  Ltd.,3
MyWbut,3
Inmovidu,3
Gauri Murthy's Nutrition Centre,3
Whiffs of Nature LLP,3
Openprise,2
Vishawish ventures,3
Yog Brain Innovations,3
Tech Mahindra Pvt Ltd,3
BPR INFRASTRUCTURE PVT LIMITED,3
Freshworks,1
Kalpa Power Pvt Ltd,3
eminent engineers india pvt ltd.,3
AIESEC AUT,3
Softech Infinitum Solutions,3
Capgemini Technology And services,3
MarketsandMarkets,3
i3konzepts,3
Landis Gyr,2
Motherson Sumi Systems Limited,2
Alltech Machines,3
Menon,3
SAPNE,3
Sanjiva Homeopathy,3
Meltwater,2
SP + A,3
One Bcg Pvt Ltd,3
McNally Bharat Engineering Co. Ltd.,2
"Indian Institute Of Management, Bangalore",1
RAASA FOODS,3
TechBrawn,3
Marvel Realtors Pvt Ltd,3
Unitech Engineering,3
Prevalent AI,3
Jeetarwal Industries,3
Flynava Technologies,3
AlgoAnalytics,2
Astha Technology,3
Jay Anand I.C.C.U and hospital,3
sant longowal institute of engineering and technology,2
Health EC,3
Visvesvaraya National Institute of Technology,2
Google Summer Of Code,1
Eternus Solutions Pvt Ltd,3
Baker Hughes,2
Anomaly solution,3
Aditya Birla Nuvo Ltd.,2
TV Products HK Ltd.,3
STECH,3
Zenoti,2
Agilebot Automation,3
SGS Technical Services Pvt Ltd,2
Language Architecture Body,3
Nayagaadi Technologies,3
INSPLORE TLS Consultants Pvt Ltd,3
Vinita Synthetic Industries Pvt. Ltd.,3
Nexthoughts Software Technologies,3
Black & Veatch,2
Obara India Pvt. Ltd,2
Tata Chemicals Innovation Center,2
Board Infinity,3
GEM Design,3
First American,2
Cleanomatics Solutions,3
Genoparadigm,3
Scudo Systems LLP,3
MindCraft Software Pvt. Ltd.,3
Holtecasia,3
krtya softwares,3
PDPU IIC,3
Smc Infra,3
Travel Tripper,2
Beehyv Software Solutions,3
intellipaat,3
Volvo Construction Equipment,2
Differenz System,3
Pratian Technologies,3
MintM,3
Caterpillar India Limited,2
Niti Aayog (Government Of India),2
Gamma Technologies,2
Amw Motors Ltd,3
Apalya Technologies,3
Rocketlane,1
Cnergee Technologies,3
Center of Excellence-Complex and Non-Dynamic Systems (CoE-CNDS),3
Karna Construction,3
Chimple Learning,3
TCS Research and Innovation,3
Rythmos,3
Rayalaseema Thermal Power Project,3
Common Wealth Integrated Services,3
Monter Technologies Pvt Ltd,3
Flyboat Startups and Innovations,3
Next Tech Lab,3
"department of technology, SPPU",3
mach33 aero,3
Coalition Technologies,3
letsintern,3
Algonauts,3
Trescon Global,3
Pharmacy,3
Skilrock Technologies Pvt Ltd,3
Scania Commercial Vehicles India Pvt. Ltd.,2
mad(e) in mumbai,3
Nirman Developers,3
Airbus,2
"DLPIU, Ministry Of Urban Development",2
cma cgm,2
zscaler,1
StarkSouk,3
Winjit,3
Healthcare Startup,3
Octane Software Solutions,3
Electronics Regional Test Laboratory (ERTL),2
"ABN AMRO Bank N. V., Amsterdam",2
Indian Institute Of Technology Bhubaneswar,2
University of Colorado Boulder,2
Schaeffler,2
Genpact Headstrong Capital Markets,2
Metropolitan Eximchem PVT LTD,3
Dayananda Sagar University,3
Blackstraw.Ai,3
Taurus Industries,3
Rahul Instruments,3
accusol solutions,3
Matharoo Associates,3
Scientific Analysis Group DRDO,1
Super Auto Forge Pvt Ltd,3
Insights & Quants Division - Tata Industries Ltd,2
Bharati Airtel Ltd.,2
Design Oriented TECHNIQUES,3
Avinash Nawathe Architects,3
Blind People Association,3
Peter Rich architects,3
Larsen And Tubro Realty,2
Flash Tech Co.,3
Foodyaari,3
Servion Global Solutions,2
Internship Studio,3
Hikal Chemical Industries,3
Dragonfly Consumer Insights,3
Atul Ltd,2
Cantilever Labs,3
Linker Logic Technology,3
Coreview,2
e2Serv Pvt Ltd,3
Embedvision Infotech Pvt. Ltd.,3
Jio AI Centre Of Excellence,1
Maxcess India,2
PiQube Pvt. Ltd.,3
simplify healthcare pune,3
Atreyo,3
APDCL,2
Hyderabad Metropolitan Water Supply And Sanitation Board,3
Wemaxx,3
Dxc Technology,2
Iocare Pune,3
Daphnis Labs,3
Excelsoft,2
RADcube,3
Unknown,3
Infotrack Telematics Pvt Ltd,3
Oracle Financial Services Software Ltd,1
Aviate Softwares,3
"Idea to Working, Surat",3
Tata Consulting Engineers Limited,2
Infosys Limited,3
Arago Electric,3
Global 3D LABS,3
National Peroxide,3
EATSIR - Establishment of Aeronautical Technology and Space Indian Rocketry,1
PSU Bank,3
Vithal Vision,3
Apollo pharmacy,2
Skylight Technologies,3
B G Shirkhe,2
Tech India Engineers Ltd,3
Qubole,1
Delhi Technological University,2
Deloitte usi,2
Ublood,3
MCaffeine,3
iCog Labs,2
st joseph jr college,3
Gov 3,3
TaskLance,3
Construction Industry Development Council (CIDC),2
Sonus Networks,2
Fourrts Laboratories,2
Software,3
Infinix Services Pvt. Ltd,3
National Yang-Ming University,2
insignia mediscripts,3
Cadd Centre,3
Invensis Technology Pvt. Ltd,3
Arya.Ai,2
Jelanidhi,3
Palsoft INDIA,3
1337LAB,3
University of North Dakota,2
Creative Architects,3
Morphees Consultancy,3
Amplus Solar,2
I.c.c.s,3
Thoughtmate Systems,3
Evvolution Technologies,3
Ampviv Healthcare Private Limited,3
xyz,3
Softcon Automations,3
Mentimeet,3
McDermott,2
Swift tools,3
ABB GISL,2
Windsor Machine LTD.,3
Shridevi Tools,3
Styx Media,3
Collegedunia Pvt Ltd,3
Johnson Controls India,2
Drishti Tech,3
Finolex Cables Ltd,2
ACES nashik,3
hhk,3
Makharia Machineries,3
Geeksforgeeks,2
Baker Gauges India Pvt. Ltd.,3
Tata Digital Ltd,2
American Institute of Chemical Engineers,3
Salasar Core Solution Pvt Ltd,3
AutoRABIT,2
Glorious Insight,3
Host Analytics,2
Unbxd,2
mukham,3
Mahindra Finance,2
Boston Scientific,2
Tevel cyber crops,3
Oracle Financial Services Software Ltd.,1
amazon.com,1
Ministry Of Urban Development,3
V Photography Club,3
Apptware,3
GVA technocraft,3
Skydome constructions,3
hygienecare.net,3
Design Inc.,3
Indian Railways,2
Ink graph techno Pvt. Ltd.,3
Marvel Architecture,3
Vedoot,3
TransUnion Software Services Pvt. Ltd.,2
Clancy Global Consulting Engineers,3
Invicta Infotech,3
Documendz,3
Adani Group,2
Flexituff,3
Akshar Multispeciality Hospital,3
AAIC technologies,3
Applus+ Velosi,2
State Street Hcl Services,2
Tata Power SED,2
Teledyne Analytical Instruments,2
Pivotchain Solutions,3
Central Building Research Institute - Roorkee,2
Sai Pharma,3
Wadhwani AI,1
Food Corporation Of India,2
Wifli LLP,3
Kalyani Studio,3
Havas Media,2
CodeClause,3
Juego Studio,3
CIED technologies,3
ZeMoSo Technologies,3
none,3
Sharekhan Pvt Ltd,2
Vision media Entertainment,3
Knowledge Matrix. Inc,3
Pragati Udyog,3
Medindia.Net,3
Contrive Technologies,3
Extinct Fire Engineers Pvt Ltd,3
Loyalty Juggernaut Inc,3
Blackcoffer,3
Worleyparsons,2
HNC Engineering Works,3
Anant Jigyasa Education Trust,3
SFO Technologies Pvt Ltd,2
Water E- motion,3
Qualtech Consultants,3
Inquizity,3
Janatha garage automobile industry,3
Aricent,2
Hyundai Mobis,2
Deshmukh INDUSTRIES,3
The Layer Project,3
Hermitcrabs Technology,3
Voonik,3
Cap Gemini,2
Black Saber Group LLC,3
Bee313,3
jazzlike Technologies,3
Takeoff Ventures,2
Backbone Enterprise Limited,3
Unbox Universe,3
IEEE COMSOC,3
IIM Calcutta,3
GAIL (India) Ltd.,2
NTPCLtd.,2
Ample softech Pvt Ltd,3
Privi Life Sciences Pvt.  Ltd.,3
nSmiles,3
Deep Info Lab,3
Catapooolt.com,3
Omdena,2
Mysore City Corporation,3
recursorit,3
CSIO-CSIR,1
Tata Consultancy services Ltd,3
Vsoft Technologies,3
Brainsfeed Ltd,3
"MauBank, Mauritius",3
Architectural Firm,3
United Crane Components Pvt Ltd,3
Harshal Mundankar Contractors,3
ITU Lahore,3
Bharat Electronics Ltd,2
Tritech Engineering Ltd,3
FCB Ulka,2
Vistaar Technologies,3
Cancer Hospital And Research Institute,3
Advanced Geotechnical Solutions ( AGS),3
Axio Biosolutions,1
Value Score,3
Hp Software Solutions,2
Hitachi Vantara,2
Exfo,2
Epicons Consultants Pvt. Ltd.,3
svastha foods and nutrition,3
Mach Infinity Aerospace,3
Porite India Pvt Ltd,3
Blueprism,2
Republic TV,2
Krazybee,1
"Bitmapper Integration Technologies Private Limited, Pune",3
Machadalo,3
EOX Vantage,3
Dcb Bank,3
Wildnet Technologies,3
Cyberneme pvt Ltd,3
Pemi Crushers,3
CareerGeek,3
Honeywell Technology Solutions,2
Talentio Corp,3
P.J Healthcare,3
Switch Mobility,2
S S Construction,3
Innotek Automation,3
Aditya Birla,2
IIT Palakkad,3
sage it,2
Mordor Intelligence,2
Kaeser Compressor,2
P.D. Earthmovers,3
Trinarybits Technologies Pvt. Ltd.,3
Leoni Cable Solutions Pvt Ltd.,2
Statiq,3
Bitwise,3
Marketstar,3
SAIL,2
Cere Labs Pvt Ltd,3
Johnson And Johnson,2
Exus,3
Acpl Systems Pvt Ltd,3
abode constructions,3
Bmw,2
S. S. Fabs,3
SSF Plastics India Private Limited,3
dartin technologies,3
Sai Consultant,3
Sensen Technologies,3
Omega Electeonics,3
Eshopbox,3
SGS Tekniks Manufacturing Pvt Ltd,3
Yamaha Motor Solutions Pvt Ltd India,2
Agege Local Government Phc,3
DHL Life Science,2
Yashoda Hospitals,3
dlk,3
Farmguide India,3
Schunk Metals And Carbon Limited,2
OneAdvanced,2
eLitmus Evaluation Pvt. Ltd.,3
Ongc Petroadditon,2
Locus rags,3
Experian India,2
Airtel x labs,2
Yodaplus,3
Vignan's Institute of Information Technology,3
iiit vadodara,3
Al Wafaa Group,3
ELEATION ACADEMY,3
fast bridge consulting,3
Horizon Info,3
Rockstar Games,1
Masai Schoool,3
Robert Bosch Centre for Cyber-Physical Systems @ IISc,1
Thinkteam Technologies Pvt Ltd,3
Tavant Technologies,3
Artem Energy,3
Presto Forms Pvt Ltd,3
ZestMD,3
Tetra Pak India Pvt.ltd,2
PSA Chemicals and  Pharmaceuticals Pvt Ltd,3
Anucool Industrial Aids PVT LTD,3
Bytelearn,2
Trinity Engineering Services WLL,3
Pakcem Limited (Formerly Lafarge Pakistan),2
Cars45,2
IBS Software Services,2
Kognitiv Inc,2
Classic Auto Tubes Limited,3
TATA Motors,2
National Institute For Smart Government,2
Shreya Constructions,3
Facets Cloud,2
Tollplus LLC,2
Octazen Solutions,3
Smartlink Network Systems Ltd,3
Mifos Initiative,3
ArchAngelDesigns,3
Allianz De Architecture,3
Discovery,2
Olawale Rokosu,3
Tieto India Pvt LTD,3
Tube Investments of India Ltd,2
Egypreneur,3
CasaOne,2
Nectars,3
FedEx Express,2
IgniteAI,2
Advanced Construction Technologies Pvt Ltd,3
DMR Inc.,3
Softinfotech,3
Exafluence,2
Rane NSK Steering Systems Pvt,2
Terawork,2
Slicepay,2
Hindustan Aeronautics Limited[Aircraft Research& Design Center],2
OJK Alternative Power Solutions,3
Ram Innovative Infotech,3
Calligo Technologies,2
yhills,3
Dhan AI,2
Vellore Institute Of Technology,3
Backbase,2
Mindfort Tech Pvt Ltd,3
"Saraswati Vidyamandir English Medium School, Dapoli",3
S.P.ENGINEERING,3
Aryabhatta Institute of Observational Sciences (ARIES),1
Armor Antivirus,3
Turbohire,2
Delhivery Pvt. Ltd.,1
Accolite,3
TCG DIGITAL,3
ThinkQuotient Pvt Ltd,3
Regal Infonet,3
Kacoon,3
Mercedes Benz Benchmark Cars,3
Rajasthan Rajya Vidyut Parasaran Nigam Limited,3
Spritle Software,3
Webknot Technologies,3
Recruit NXT,3
StateStreet,2
Marlin Protocol,2
Mitsubishi Electric India Pvt Ltd,2
University Of Toronto,2
Snapdeal,2
Habitat for Humanity Nepal,3
dosepack,3
Clootrack,2
Cloudnine Hospitals,3
Isc Software Pvt Ltd,3
Violet River Foundation,3
MetalFab Hightech Pvt. Ltd.,3
The British College,3
Brigosha Technologies,3
Learn Venue,3
Vistex Inc.,2
CIS,3
Rutgers University,2
Vastu Consultants,3
Asit Mehta And Associates,3
Sociometrik,3
Ami Organics Pvt Ltd,3
Om Sagar Developers,3
D Cube Analytics,3
Wobot,2
Uppsala Security Pte. Ltd.,2
LearningMate Solution Pvt Ltd,2
Prism Engineering Works,3
CTR Manufacturing India Private Ltd,3
Websiteengineer.in,3
Indian Tech Keys,3
Byjus The Learning App,2
Swecha,3
creative finserve,3
Moonfrog Labs Pvt. Ltd.,2
Megasoft,3
Qatar Fuel Additives Company,3
Aeonix Research and Innovations,3
Mercedes Benz,2
"Vedzen Institute, Pune",3
ipog industrial technologies,3
Burckhardt Compression India Ltd,3
Rheinmetall Automotive,2
Soroco India Pvt Ltd,2
CSIR,1
RAJUK,3
Armstrong International Pvt Ltd,2
Eurofins IT Solutions,2
KRIB ELECTROL INDUSTRIES,3
Mindtree Ltd.,3
SRM-Centre For Applied Research In Education,3
Renault Nissan Technology And Business Centre India Pvt Ltd,2
Heidelberg Cement,2
Alpha Dies And Patterns,3
Reckitt Benckiser,2
Google Developer Student Club,3
Coriolis Technologies,2
Vtiger,2
Maccabee beekay,3
parkwoods dental clinic,3
automate.io,2
GreyOrange Robotics,1
Alphaa AI,3
Institute of Human Resources Development,3
Cloudbyte,2
German Refrigeration,3
Ienergizer,3
Renault Nissan Automotive India Private Limited,2
Alstom,2
Rakuten,1
Louis Berger,2
Alog Tech,3
University Of Pittsburgh,3
Viskhapatnam Steel Plant,2
Supervue Ai,3
Amadasoft,3
Fiitjee Limited,3
Qliktag,2
Impact communication,3
Purple Squirrel Eduventures,3
Spectrum7 Technologies Pvt LTD,3
Caterpillar,2
Indwealth,2
Company 4,3
Arbiva,2
Aon Cocubes,2
Fika Brand Brewers,3
ghuhh,3
Mechatronics club of Manipal Institute of Technology,3
root2ai,3
Devathon,3
De Novo Interiors,3
Agneepankh Foundation,3
Aditya Birla Fashion And Retail,2
Bee Petroleum,3
Nu-Vu Conair,3
Spectra Enterprises,3
Operisoft LLT,3
Airspan,2
Prudle Labs,3
Pervacio,3
Tata Insights And Quants,2
Shah Alloy,3
Niyash Project Management Consultant,3
Apik Infotech,3
Amnex Infotechnologies Pvt. Ltd,3
Rejolut,3
Sun Icon Sytems Pvt. Ltd,3
BimSrv,3
Phenompeople,1
Studio Eeksaurus Pvt Ltd,3
Tecna Weldcon India Pvt Ltd,3
Sitec Lab,3
Mumbai Railway Vikas Corporation Limited,2
Reflixis Systems Pvt. Ltd. Pune,3
Grapevine Co,3
Rapidops Inc.,3
New City Company,3
Redpine Signals Inc.,2
The Innovia Group LLC,3
anhui,3
Transformatrix global Pvt ltd,3
Getsimpl.com,3
Some org,3
"KOEL, KAGAL",2
Giant Metrewave Radio Telescope,1
Topographix Equipments Pvt. Ltd,3
LogiNext Solutions,2
Addverb Technologies,2
Ai-Tech,3
Wooplr,3
Boltzmann Labs Pvt.Ltd,3
E&T Nepal Pvt. Ltd.,3
Varroc,2
Aras Foods,3
Tata Technologies,2
Polaris Networks,3
Energy Analytics Lab,3
LivNSense Technologies Pvt. Ltd.,3
ML Labs Pvt Ltd,3
Data Flow Group,3
Robocon Club,3
Vodafone Shared Services Pvt. Ltd.,2
Sundaram Fasteners Ltd,2
Siram Construction,3
relevel by unacademy,1
Tenth Planet,3
Gofodu Edutech,3
micromax,2
NSS,3
Bharat Petroleum Corporation Ltd.,2
Seine Aerospace,2
Food Industry,3
Tata Advanced Systems Ltd,2
Tech Central,3
Eskay Engichem Pvt Ltd,3
Safehack,3
Reliance Retail IT,2
Reliance Retail,2
Cummins College of Engineering,3
Kalpataru Computer Services Pvt LTD,3
Deep Pro,3
Limeroad,2
Bizmetric,3
VeePhoenix Compliance Pvt Ltd,3
Skyyrider Institution,3
Elitceler Technologies,3
Suven Consultants And Technology Pvt. Ltd.,3
Motorola Solutions,2
Incor Group,3
V S Informatics,3
Iken Solutions,3
Telecommunications Consultants India Limited,2
BNY Mellon Technologies,2
Verificient Technologies,3
Zee Entertainment Enterprises Ltd.,2
AIESEC Baroda,3
Pittsburgh-Technologies,3
Pal Films,3
Thermofisher Scientific Company,2
De Shaw,1
Trust System And Software,3
Makxenia,3
Castal Technologies,3
Sankara Nethralaya,3
CoreCompete Pvt Ltd,3
Tequed Labs,3
Maharashtra State Road Transport Corporation,3
Titan Company Limited,2
Esperto Solutions,3
TD Power Systems,2
Dassault Systems,1
PierianDx,2
Siemens Energy,2
Alfa Flow,3
FCI OEN Connectors Ltd,2
Nuclear Fuel Complex,1
CleanTech Solar,2
See Tech Solutions,3
ATC labs (new jersy),3
iknowlation Research Labs Pvt Ltd,3
360 Ripples,3
Analytics Profile,3
Fox Trading Solutions,3
Emdad,3
hubergroup,2
Rawdust,3
Infelearn,3
EISTI,3
AWS Eduskills,1
Jay Shree Tea & Industries Ltd,2
Gspann Technologies,3
Origami Labs,3
Rapture Biotechnology,3
Research Impact technologies,3
All India Institute Of Speech and Hearing,3
Electromotives,3
instant solutions,3
Rs Infra,3
Skillsify Digital Marketing,3
SRB welfare society,3
Mindgate Solutions Pvt Ltd,2
Clarivate Analytics,2
Flour Mills Of Nigeria,2
Webcognize,3
Ashnni Motors Pvt Ltd,3
SquareOne Insights,3
Slycedin,3
IT souls,3
ASD Consultants,3
Easy Code Classes,3
Anika organics and naturals,3
Ladder Survey Institute,3
HSS IISERB,3
Spare Logic LLC,3
Pantech Solutions Pvt Ltd (Pantech ProLabs India),3
Cerebranium,3
Sigmaflux,3
Techsys Systems,3
FN cyber™,3
Nextun,3
LogPoint,2
PurpleDocs,3
Rjm Audio Components,3
Red Labz,3
Imagin8ors Pte. Ltd.,3
Paxterra Software Solutions Private Limited,3
Rgvp Web solutions,3
Krypton Media Lab,3
Kado Health,3
Novartis India Ltd,2
Sree Mahadev Engineering,3
IPSOS,2
Dharti Construction,3
Adihptham Technologies Pvt. LTD.,3
Object Frontier Software,3
Capgemini India,3
Cypress Semiconductor,2
Kadamba Kanan Private Limited,3
Covered by Sage,3
Global Hospital,3
Nipuna Sewa,3
CORI R&D,3
Resolute AI,3
Gajanan Bullet Workshop,3
S S Enterprises,3
SPI Cinema,3
Ashutosh Gajkesari Infra Builds LLP,3
Gadre Consulting,3
Vignyan Worx Pvt Limited,3
Shriram Pistons and Rings Limited,3
Recro Kardo,3
no company,3
adiverse technology,3
SkillBee,3
WR33RAS IT.PVT.LTD,3
BOX gas enterprise,3
TrueBridge,2
Rolls-Royce,2
NTT Communication Net magic IT Services Pvt Ltd.,3
Pic,3
EmCog Solutions,3
KARNATAKA GRAMIN BANK,3
C2N IT SERVICES PVT LTD,3
Hindustan Shipyard Limitted,3
Tata Communication,3
Qmax Systems India Pvt Ltd,3
Goodrich IT Solutions,3
Abc Bearing,3
E-tron Elite Solutions Ltd,3
Hude Labs,3
Tricon,3
DevTown,3
Unix Biotech,3
Akshara Foundation,3
Cumulus Networks,2
Rootivate,3
LBK SOFT TECH PVT LTD,3
NRB Bearings Pvt Ltd,2
Ok Agencies,3
GreyAtom,3
Probability Gaming Pvt Ltd,3
Navitus Education Private Limited,3
Confiable Solutions,3
Logophilia Education Private Limited,3
Ducon Industries,2
IRA Solutions,3
Spinny,1
Western Digital Sandisk India,1
Customized Energy Solutions,2
"srm university, AP",3
ACS Solutions,3
DocsTime,3
Fine Orgokem Pvt Ltd,3
SNS Technocorp Pvt. Ltd.,3
Advaiya Solutions,3
Xceedance Infotech Pvt Ltd,2
Ypsilon IT Solutions,3
Ingersoll Rand,2
Work,3
Vaibhav N Nagda & Co,3
wistron,2
Studententity.com,3
HC Lawyers: Chamber of Harshman Chavan at Mumbai High Court,3
Enercross,3
Verana,1
Thirumalai Chemical ltd,2
Level2games,3
M/S Subhash Joshi,3
ITC Infotech India,3
Box8,2
Data Science Wizards,3
Essar Enviro Air Systems,2
Travicano,3
Evb,3
Alt-F4 Infotech,3
Technex Technologies,3
Samsung R&D Institute Bangladesh,1
Smarte Solutions Pvt Ltd,3
MerakiVR,3
evitamin business consultancy pvt. ltd.,3
Mrf,2
Monty Cloud,3
Applied Hydraulics,3
A-Square Innovative Pvt Ltd,3
Stellantis,2
Navi Mumbai Football Academy,3
Thomas George and Associates,3
Hydrotek Engineers,3
Moneysoft Computers,3
Tech Defence,3
Infoway,3
U-Sky Private Limited,3
Dimensionless Tech,3
Nimbbl,3
AIESEC in Nashik,3
Techmahindra,3
ArganoKeste,3
HSBC Software Development India,2
Upwork,2
TechLineage,3
Eptisa Servicios De Ingeneria,3
Right Choice,3
compserv,3
Arowana Software Solutions,3
Deloi,2
Nihilent Technologies Pvt Ltd,3
Variable Energy Cyclotron Center,1
Pakistan Petroleum Limited,2
international control for quality,3
Tata Advanced Materials,2
Hardcarb Technologies Pvt. Ltd.,3
PESU-IO,3
Skyscend Business Solutions Pvt. Ltd.,3
Hyperworks Imaging,3
Job Vacancy Result,3
7tint,3
Health At Home,3
Embedur Systems,3
Jash Engineering Ltd,3
scorpio marine,3
PPG Asian Paints Pvt ltd,2
5G Testbed IIT Hyderabad,3
Careers360,3
EID PARRY,2
Keka Technologies Pvt. Ltd.,3
Zanec Soft Tech,3
Ekagga Technology and Services Pvt. Ltd.,3
Eta Technology Private Limited,3
M.S Ramaiah Institute Of Technology,3
Texas Review,3
Probity Soft Pvt Ltd,3
dDriven Data Sciences & Analytics,3
CoreEL Technologies Pvt. Ltd.,3
Next Big Innovation Labs,3
LEANOVATE SOLUTIONS,3
GSE Red,3
Verchaska Infotech Pvt Ltd,3
Darwinbox Digital Solutions Pvt Ltd,1
L.S Vaswani Architects,3
Metacube,3
Netconnect,3
Scicom Software,3
full stack academy,3
PRAVAIG Dynamics,2
Wong's Hub,3
Mobikwik,1
AIRPIX,3
ESSPL,3
Shine Aero,3
Mahindra Logistics,2
Odysseus Solutions,3
Marquis Technology,3
ConnectMe Informatics Private Limited,3
Orbitshifters AI,3
Adetrez Labs,3
IEEE-VIT,3
Government Dental College And Hospital,3
Iotech Designs Pvt Ltd,3
RadTech Systems,3
unCompliance Solutions,3
Cloud Native Computing Foundation,3
InVideo,2
Zessta,3
Meraki DESIGN. STUDIO,3
NTT DATA,2
Hero electronix pvt ltd,2
dream ambassador,3
Fametronix,3
Lemon Technologies Pvt. Ltd.,3
Sterling Software Pvt Ltd,3
Prashant Deshmukh & Associates,3
Applore technologies,3
AXA XL,2
Inspirage,3
Max Newyork Life Insurance Co.Ltd.,2
Phiilips Lighting India,2
Woory Automotives,2
Andritz Hydro Pvt Ltd,2
Aviation World,3
AA Pvt Ltd.,3
CtrlS Datacenters Ltd,2
Huawei Technologies Pvt. Ltd.,2
Synchronic Electronic,3
Advisesure,3
Not In The List,3
macrosol,3
Blue Ocean Biotech Pvt Ltd,3
Plank Sky ( Start Up),3
Rvnl,2
AlphaIT World,3
Aura Semiconductors Pvt.Ltd,3
Thesis mumbai tech,3
IDEMIA,2
Microland India Ltd,2
RCI DRDO,1
Chaitanya Cyber Strix Technologies Pvt LTD,3
DeepRoot Minds Technology,3
Womenite,3
Rallis India Ltd.,2
Robert Bosch Engg And Business Solutions,2
Monsanto,2
Qualcomm,1
larkai private limited,3
Modelytics,3
Traana Technologies Pvt Ltd,3
Chavali Technologies,3
Avohi,3
Iha Consulting Services Pvt. Ltd.,3
Futureproof Technologies,3
Cybage Software,2
Helpshift,2
Pandit Auto Tata Motors Commercial Vehicles,3
antino labs,3
TRI TRAC,3
ZoomRx Healthcare Pvt Ltd,2
SAM India Builtwell Pvt Ltd,3
Trimurti Packaging Jalgaon,3
Geekay Wires Limited,3
Maker's Asylum,3
ML Brains,3
International Centre For Culture And Education,3
TVS Motors,2
EPS INFOTECH,3
Enigma Metaverse,3
Athena Mentorship,3
KRDCL,2
Chelsea International Academy,3
Ravi Chandra Hydraulics,3
Torrent Pharma Ltd,2
MNR Associates,3
Arcelormittal Nippon Steel,2
Innovations Nashik,3
VLSI,3
Ford Motor Company,2
4k Tech,3
Mphasis Ltd.,3
Pace InfoSolution Pvt Ltd,3
"Water Resources Department, Maharashtra",3
Excellon Software,3
Gayatri Projects Limited,3
Escorts Ltd.,3
I-KVK,3
Tsl Consulting,3
J.D Studio,3
Pcs Global,3
National Engineering Industries Limited,3
Premium Transmission Limited,3
Hallmark Global Technology Inc,3
Exhale Label,3
Techinest,3
Virtual Testing Foundation,3
mahindra bristlecone,3
Doodleblue Innovations,3
Sritech,3
Sykes Enterprises,3
kingsway consultants,3
Homebrew Automation Solution,3
Ruby Seven Studios,3
Milkie way Incorporation,3
Molex (India) Pvt Ltd,2
Continental Automotive Components PVT LTD,2
Cologenesis Healthcare,3
Nearbuy,3
Elite Techno Groups,3
Universe Simplified,3
Edba.io,3
Brandemic,3
Zreyas Technology Pvt. Ltd.,3
Surfine Tools,3
Dataweave,3
University Laval,3
Skyline Triumph Logistics Pvt. Ltd.,3
Right Turn E Design,3
Capitalist Softech Pvt. Ltd.,3
Talent Search Placements,3
Mohite And Shaw Pistons,3
Oneworldlearners,3
ASP Ship Management,2
Aaca,3
nepal government,3
Accentur,2
Precitec Precision Machineries Pvt Ltd,3
enintech,3
Lodestone software services Pvt Ltd,3
Polycab Wires Pvt. Ltd.,3
Dolphin Techno,3
Medical store,3
Ally health,3
Medical Easy,3
Kukke architects,3
technocolabs,3
MemSource,2
Nanda Engineering And Foundry Works,3
Urvi Developers,3
Etech Global Services,3
Wee Tech Solutions,3
Bitmap Tech,3
GetMega,3
Orsus Consultancy Services,3
American Express India,2
Medicomnia,3
Reluminos Tech,3
Bhagyalaxmi Corporation,3
Vardhman Plastics,3
HamroPatro Inc,3
miniOrange Software Security,3
astrovision,3
Newgen Software Technologies Ltd,2
OpenDev Technologies Pvt. Ltd.,3
Delta Labs,3
Itemize,3
Euclide Software Solutions,3
intellisnap Systems,3
Badve Engineering Ltd.,3
Apita,3
ITB NIG LTD,3
Chakri Constructions,3
Skillenza,2
MAN Trucks India private Limited,2
Ciberts.ai,3
Vee technologies,3
"University Of Maryland, College Park",3
Terra Coginta,3
Vedanta Limited,2
shiiryoku,3
GEP,2
Central Institute Of Tool Design,3
Suez water technologies And Solutions,2
Walco,3
YIDO,3
Kriyo,3
malla reddy cancer hospital,3
Samsung Research Institute Delhi,1
Tejdarshan Infra Pvt. Ltd.,3
Juniper Networks,2
K7 Computing Pvt Ltd,3
Orange Egypt,2
National payments Corporation Of India,2
"Gitam University, Visakhapatnam",3
ARS Electricals Private Limited,3
Iteco,3
Y Squared Packaging LLP,3
Solytics Partners,3
Indian Institute Of Technology Bombay,1
Equinix,2
prathima constructions,3
Amore Gelato,3
EY GDS,2
KayCee Infotech,3
Sustain Planet,3
Zeta,1
Deepmaya Engineering,3
Oil And Natural Gas Corporation,2
Monsoon CreditTech,3
Xanthus Innovations Pvt. Ltd,3
none yet,3
electric vehicle,3
Hatil,3
Alten Calsoft Labs,2
Gestamp Automotive Chennai Pvt. Ltd.,2
Voosh,3
UNICEF - SRISTI inclusive summer Innovation,2
Shredder Communications,3
Varad Ganesh Engineering Works,3
Npcc Engineering Pvt Ltd,2
Shapeways,3
Avant Garde,3
Mkm construction,3
Invenger Technologies,3
Vyom Consultant,3
Factors.AI,3
Dynamic Elements,3
UV Polyplast,3
Peel-works,3
Reliance Power Ltd.,2
Colorband,3
Yuba Construction,3
upGrad Campus,2
Hummsafar,3
Zetagile Info Solutions,3
Smartbridge,3
Transmission Company of Nigeria,3
AIMLware,3
AppliedAI Course,3
Carborundum universal murrugappa,2
PN Hydraulics,3
El softron tech,3
CGI Information Systems and Management Consultants Pvt. Ltd.,2
"Daiict, Gandhinagar",3
Infozeal esolution Pvt. Ltd.,3
MSEDCL,3
Conflux,3
Sona BLW Precision Forgings Ltd,2
Inode Technologies,3
Logiquad Solutions,3
Symbiosis International University Pune,3
Shanti Industries,3
Fragma Data System,3
Rockwell Automation,2
Syx Services,3
Thomson Reuters,2
Sciensopedia,3
Nishkaera Financial Advisory and Wealth Management Private Limited,3
Afferent Wearable Tech,3
Blp,3
Somic ZF,2
Akshar Group Of Construction,3
Itron,2
Robolab Technologies Pvt. Ltd.,3
Makemytrip,2
Itmightys,3
Physical Research Laboratory,1
Epsilon,2
IncubateSoft,3
Amazon India,1
Fidelity,2
Feynn Labs,3
mUni Campus,3
Subex,3
wellsfargo,2
TechnoDevelopers,3
Portall Infosystems Pvt.Ltd,3
InfrasoftTech,3
Aspirevision Tech,3
Videocon,3
Innoator Online Services,3
Structuss Consultants,3
"Bharat Electronics, Ghaziabad",2
AppInventiv,3
KHS Machineries Pvt Ltd,3
Innovative Solutions,3
Jumbotail Technologies,1
Misys Software Solutions,2
Techsmart Innovations,3
China Star optoelectronics And Technology,2
PricewaterhouseCoopers,2
6SENSE,1
"Adani Gas Limited, Ahmedabad",2
HummingWave Technologies,3
Intelenet Global Services,3
TECHIGENT TECHNOLOGIES PVT LTD,3
Computer Sciences Corporation,2
Meril Diagnostic Pvt Ltd,3
Thermo Fisher Scientific,2
Sahamati,3
NM Studio,3
BDM Infotech Pvt LTD,3
Creart,3
Tata,2
Scientech Technologies,3
JoinDevOps,3
Accel Systems,3
WebAssets,3
Astra Development Networks,3
Etoppersonline,3
EPletro,3
SOA University,3
"Indian Space Research Organization (ISRO), Ahmedabad, India",1
M-intellect,3
"CNH Industrial India Pvt. Ltd., Noida, India",2
Intech DMLS,3
India Bulls,2
CavinKare,3
Testex Laboratories,3
Itc Infotech,3
Softcell Technologies Pvt Ltd,3
RECOUP,3
Gears And Gears,3
Tredence Inc,2
"Indian Institute of Remote Sensing (IIRS), Indian Space Research Organization (ISRO)",1
Evibe.in,3
Shivalik Builders,3
"Center for Theoretical Physics, Jamia Millia Islamia",3
Samsung Prism,1
Blockchain semantics,3
Apxor,3
Get9Soft,3
Finolet,3
Web Craft It,3
Keventers,3
Trie Solutions,3
murf.ai,2
Hewlett-Packard India,2
Sri Ramdutha Constructions Pvt. Limited,3
Yushu Future Health,3
Yamini Construction,3
"Inspired Automation Future Technologies, Ahmedabad",3
SoftwareONE,2
Aviso,2
OneIntergral Technologies,3
Patel And Patel Architects,3
Dar Al-Handasah,2
Arisen Technologies,3
Devise Electronics,3
Freshworks Inc,1
Moonlight Transformers,3
Hexagon Capability Centre,2
Edgeverve Systems Ltd.,3
Weinvest,3
Coviam,3
Tech Mahindra,3
Dimension Six,3
Dee Tee Industries,3
seacorr,3
NXP Semiconductors India Pvt Ltd,2
Toyota Kirloskar Auto Parts,2
Vastushodh Constructions Private Limited,3
Techimax,3
Future Supply Chains,3
BNY Mellon,2
"SparshMind Innovations, AIIMS",1
Neuron Inc,3
Atkins Realis,2
Graylogic Tech,3
IUCN,2
Apptio India,1
Expedia Inc,2
Roop Automotives Limited,3
Waves Electronics And Private Ltd,3
Exzatech Solutions,3
A la kart,3
Aurigon Systems,3
iLRNU,3
Center for Advanced Research in Electrified Transportation,1
Abe Semiconductors,3
Swastik Flexipack Pvt Ltd,3
Airveda,3
bts,3
fra,3
BNY Mellon Technology,2
AIESEC in VIT,3
Triton Valves,3
SAP Ariba,2
Microtech Computers,3
R. P. K. C. T. C.,3
Kpit Technologies ltd,3
Xebia IT Architects,2
Purna Design Engineers Pvt. Ltd,3
Transity,3
Kalycito Infotech,3
Institute Of Information Security,3
M/S Esthete Consultants,3
SUN Computer Education,3
Tirupati balaji Rice Export,3
Kawasaki robotics,2
Eco Phils Metals Pvt Ltd,3
BOSCH India,2
Cyware Labs,1
Funds India,3
Let's Nurture Infotech Pvt Ltd,3
Imperial Cements Private Limited,3
SUDHIR POWER,3
Elektrobit,2
Clientjoy.io,3
RCPL,3
KEN Arch Architects,3
Nereus,3
Cozy UK,3
Axis Bank Ltd.,2
Concentrix,2
vocal heart infotech,3
Poccomu LLC,3
Vijayawada Thermal Power Station,3
ZeroOne datalabs,3
Afcons Infrastructure Limited,3
Acceletrade,2
MNC Consultancy,3
Erusen,3
Toshal Infotech,3
Brand Exponents,3
InkProg Technologies,3
Right Angle Buildcon Pvt Ltd,3
Foundation AI,3
GirnarSoft,2
MountBlue Technologies,3
Vakilsearch,3
ITI Ltd,3
Sakra World Hospital,3
Prodension Tech Pvt ltd,3
Arya Offshore,3
Vaisansar Technologies Pvt Ltd,3
SAGARSOFT,3
Wipro Analytics,3
HP Inc.,2
Levonor Constructions Pvt Ltd,3
3.14 Digital,3
Reti Ecotech,3
NOT APPLICABLE,3
Gainspan Pvt limited,3
salesken.ai,1
web designers,3
Bureau Of Data,3
HBPPL,3
Authenticook,3
Parth CFL Services,3
Shivark Inc,3
clearmind consultancy,3
Express Lifts Ltd,3
University Of Ottawa,3
Santa Fe Research,1
Adani Green Energy Limited,2
V2 Solutions,3
Makerdemy,3
Pentagon Elmech Solutions,3
Quixy,2
Pixaflip Technologies Pvt. LTD.,3
"National Institute Of Technology, Allahabad",3
Pragati Industry,3
Upasana Design studio,3
Bull machines private limited,3
Global Logic Technologies Ltd.,2
OMPL Mangalore,3
ace educational group,3
Mitachio Solutions,3
Machine Learning Byte,3
Mahesh Engineering Works,3
Castalia Research Labs Pvt. Ltd,3
Prorigo software,3
Winfo Solutions,3
Creative Forum Pvt. Ltd,3
OLA,1
Uber Research And Development Center,1
Xerox India,2
Fujikura,2
SM Systems,3
Apollo Inffratech Pvt. Ltd,3
Embedded Technosolutions,3
Dr Lal Pathlabs,2
Calsoft,2
Addval Solutions,3
Achyut Labs,3
EdGE Networks,3
360 Research Foundation,3
Kay Labs,3
Standard Chartered Global Business Services,2
Holden Medical Laboratories,3
Centelon Solutions,3
EDA,3
Perfect Relations Pvt. Ltd,3
NSE Tech,2
Private Reputed Company,3
Gurunanak Chandraketu Pandya English School,3
Raise digital,3
Orbees,3
IN:fuse,3
Infrqtech Pvt. Ltd.,3
Burder Ag Attachments,3
NIT Delhi,1
Symega food Ingredients Ltd,3
Landmark IT Solutions,3
L And T Technology Services,2
Asit C. Mehta Investment Interrmediates,3
Innate Mind,3
Zensark,3
Segmetriq Analytics,3
Blacklotus Technologies,3
Terralogic Software Solutions Private Limited,3
Central Forensic Science Laboratory,1
Cuneiform Digital Library Initiative (CDLI),3
Indian Navy,1
MSC Technology India,3
"Chandan Enterprise, Boisar, Mumbai",3
Indian Institute Of Technology Madras,1
pvt,3
Aym Syntex Limited,3
Taal Tech India Pvt Ltd,3
Microland,3
STROM & Energie Innovations,3
Sampitron,3
Ergon Labs Pvt. Ltd.,3
BONAFIDE HVAC,3
Integra Micro Software,3
Vama Construction Co.,3
Virtualfox,3
XOXODAY,3
Kosa Living,3
Saisanket Enterprises Pvt. Ltd.,3
Saankhya Labs,2
Medaptic software,3
Johnson,3
Global Analytics,3
Int,3
Cloud4C,3
247.ai,2
Scoutbetter,3
Microsoft Mobile Innovation Lab,1
Merkle,2
Stealth Mode Startup,2
P.K.S Hospital,3
Gajjar Compressor (Air Marshal Compressors) Pvt.Ltd,3
Knowledge Solutions India,3
Patki Builder and Developers,3
Sapien Systems Hyderabad,3
Indian Institute Of Technology Guwahati,1
People10 Technologies,3
Andhra Pradesh Power Generation Corporation limited,3
Simram Technocrats,3
Akrity,3
Machine Learning and Data Science,3
Torc,1
Mitsogo,2
Arm Embedded Technologies,1
Techiecies,3
WELOVENOCODE,3
Speech Soft Solutions,3
Coupondunia,2
Afiniti,2
Alian Software,3
Sacha Engineering Pvt Ltd,3
Anju Soft India Pvt Ltd,3
Bpl Medical Technologies Pvt Ltd,3
bbva usa bank,2
NEEPCO,3
Collateral Medical Pvt Ltd,3
Networks India,3
ITSSS India pvt ltd,3
Kalindi Developers,3
Capgemini,2
Chandrapura Thermal Power Station,3
—-,3
Sharechat,1
Indian Statistical Institute,1
Yamini India Pvt. Ltd.,3
Spline AI Tech Pvt. Ltd.,3
Microchip technology Inc,2
Carnegie Mellon University,1
DrPashu Technologies,3
Tata Research Design And Development Center,2
Travellio,3
it idol technologies,3
Prime Healthcare Group,3
Pennant Technologies,3
Mahathi Software,3
NHM Gujarat,3
Matchwell Diecasters,3
NICE SYSTEMS,2
jukshio technology and innovation,3
Svs Engineering,3
"McMaster University, Canada",2
Doordarshan Kendra,3
Tangenttech Technologies,3
Crucible Of Research And Innovation,3
Tilden-Coil Constructors,3
Bodhi Labs,3
wynbi solutions pvt limited,3
"University Of Wollongong, Dubai",3
Pheonix Global,3
Karbosh Engineer's,3
Scalable Architecture Software pvt Ltd,3
Yashraj Technologies,3
Proshore Nepal,3
Paytm,1
SM Globaltech,3
Jaivel Aerospace,3
Act Fibernet,3
BEQ Imaging Solutions Private Limited,3
Automobile,3
very annoying,3
KONAM Foundation,3
Quantasis Pvt Ltd,3
VisionIAS,3
Kwatt Solutions,3
Earth5R,3
Scvises Infotech,3
Lam Research India Pvt Ltd,2
Mahindra & Mahindra Ltd.,2
Universal Heat Exchangers,3
KB. Engineering,3
Centum Electronics Ltd,3
Cyber Lab,3
inspiring wave DigiTech Pvt Ltd,3
EzSwype,3
UMA Thermoplast,3
Kyung Hee University,2
CIL infoservice Limited,3
Prashanti Engineering works Pvt Ltd,3
Omax Auto Limited,3
Aureatech,3
Pranel Services Private Limited,3
Matt's Hotel,3
Srico,3
Hetero Labs Limited,3
Ajanta Pharma Ltd,3
Veritas Soft Solutions Pvt Ltd,3
Merit Software Service Pvt LTD UK,3
ABB India Ltd,2
American Cybersystems,2
Kandy EcoTech Pvt. Ltd.,3
Electronics Corporation of India Ltd,3
Learning While Traveling,3
Velocis System Pvt. Ltd.,3
incture technologies,3
Arihant Alloys & Engineers,3
Netaji Subhash Cancer Research Institute,3
Winnou,3
Deepcompute,3
Moveinsync,3
Genie Bazaar,3
Neodocto Inc,3
Webcraft IT,3
VOLVERE - Experience the Digital,3
Intel India,1
Groctaurant,3
Digital Alpha,3
Aethereus consulting pvt ltd,3
Cloud data Technologies,3
Hut Labs,3
Apiruh Consultancy Services,3
Think Future Technologies,3
Indiana University Bloomington,2
Criecent Tech,3
Fujitsu India,2
Make A Difference,3
Rocketml,3
DJS Racing Electric,3
CPC Precicomp Pvt. Ltd.,3
"Price College of Business, OU",2
biyani super 30,3
IBB,3
Magnus Global Tech,3
Tinkerkraft,3
Aeodc,3
Principal,2
Zoho Corp,2
Kick Gadget,3
SriSeshaa Technologies,3
Perfect And Complete Solutions,3
the brown canvas,3
AIESEC Jaipur,3
NextGen Technologies,3
Apple,1
skill vertex,3
Credit Suisse,2
SumedhaIT,3
V360,3
Vertafore,3
CDAC,1
Thermotech Industries Pvt Ltd,3
Atlas Copco India Ltd.,2
Kadiant LLC,3
"Sofware Development Cell, KJSCE",3
Yalamanchili,3
Orakris Med Solutions,3
Clinikk,3
Bajaj Allianz General Insurance Company,2
Robosapiens,3
PESU Venture Labs,3
Tata steel,2
L&T Technology Services,2
Morphogenesis,3
vodafone,2
shype robotics,3
Sai Pvt Ltd,3
Iroid,3
Inovus IT Services,3
togglehead,3
Britacel Silicones Ltd,3
"Regional Fruit Research Station, Katol",3
Automata Systems,3
KTM,2
"KNUST ECE Department,2018 -",3
Virtusa Corporation,2
Mindenim,3
The10xAcademy,3
King George medical University,3
Robo ram,3
"Center of Excellence in Data Science, VNR VJIET, Hyderabad",3
Siri IT Innovations Pvt Ltd,3
C Spire,2
Briefkase Digitals,3
Cloud Himalaya,3
Vaastu Vidhaan Architects,3
Morris Garages India,2
Jisnu Communications Ltd,3
capleo global,3
Samsung India,1
Aks,3
Dev Satva,3
Infosys Ltd,3
Crrc Pioneer,2
Akshat IT Solutions,3
SCG,2
Madras Medical Mission Hospital,3
"Blue.cloud, Hyderabad, TS",3
Sk E&C Engineering,2
Hbots Pvt Ltd,3
"wedding affair magazine, BM house",3
Bheem Enterprises,3
Emerson Industrial Automation Electric Power Generation Pvt Ltd,2
Jazbaa: Helping hands,3
AVTEC,2
Technoweigh,3
eGain,2
Linde Plc,2
Credence robotics,3
Adani Power,2
Kaaenaat pvt Ltd,3
Chittagong university of engineering and techinology,3
Multy graphics,3
Acidaes Solutions Pvt. Ltd - CRMNEXT,2
Testamatic Systems Pvt Ltd,3
Doctors For You,3
Sheet Metals Works,3
L&t Electrical and Automation,2
Abcd,3
Talentio Solutions India pvt Limited,3
TheMathCompany,2
T & T infra,3
The First Principle,3
Torus Solutions,3
Project Implementation Unit,3
VCE,2
Netskope,1
O9 Solutions Management India Pvt Ltd,1
AIIMS bhubaneswar,3
Solitaire,3
Hotfut,3
PCGI Consulting,3
Smart Solutions,3
Master Essence Constructions,3
Turbo Energy Private limited,2
R N Realties,3
Paypoint India Network Private Limited,2
Raymond,2
Profile Architects & Engineers Ltd.,3
Securethings,3
Birch Blue,3
Shubhalakshmi Polyesters Limited,3
Qatar Computing Research Institute,1
Capegemini,2
venkateswar rao & co,3
Exela Technologies,3
Tyson Group Pvt. Ltd,3
Itech notion,3
MathonGo,3
Snapwiz Edutec,3
Adsafe Solutions,3
Khwopa College of Engineering,3
NXTWave CCBP,3
Vodafone India Services Pvt Ltd,2
Bcdef,3
Prithvi Theatre,3
Development Bank Of Singapore,2
Gammon India,2
Razorthink Software,3
Tigris Mobility Pvt.Ltd,3
Architects,3
Rajendra Enterprises,3
Yashraj,3
Trudawn Solutions,3
inszoom,3
University Of Montpellier,3
Benny Kuriakose,3
Zopnow,3
Dimaag AI,3
Cant Disclose,3
Technoforce Solutions,3
Tata Autocomp Systems Ltd,2
Tecnimont,2
asdasd,3
Uber India Research And Development Center,1
Quinnox Consultancy,3
Azure Skynet Pvt Ltd,3
Kaynes Technology India Pvt Ltd,2
Limechat,3
Primuson,3
Morgan Stanley,1
N.H Khalfay Consultancy,3
Aspire Techlish Solutions LLP,3
Miles Software Solutions Pvt Ltd.,3
DNV GL BA Pvt Ltd,2
Compact Softech,3
JVM Techno Services,3
Onefin,3
BG Appliances Pvt. Ltd.,3
Krishna Solvecheem Ltd,3
nothing,3
Highspace,3
comverse technologies,2
Kryptonas Technologies,3
Intugine Technologies,3
celstream technologies,3
Atlantic Designs,3
Nexivo Consulting Private Limited,3
Wipro Private Limited,3
Acg Worldwide,2
Kyndryl Solutions Pvt Ltd,2
James Walker Inmarco,2
Samvisan Engineering Pvt Ltd,3
NMIMS,3
Innovative Technologies,3
CA firm,3
KPM PLASTO RUBBER CO,3
Quality Buildcon Pvt LTD,3
Axis Energy,3
CVR College Of Engineering,3
Redbull,2
iPlace USA,3
Brain Station-23,3
SkillHives,3
Khinvasara Associates,3
Fanuc India Bangalore,2
Inmosys Tech LLP,3
Cloud Mystics,3
Bestgrid Structural Consultants,3
Bakeri Group,3
Hansa Research,3
DJS Thunderbolt,3
Fertilizers And Chemicals Travancore Limited,2
University Of California Irvine,1
Covance,2
Smaclify,3
zCon Solutions Pvt. Ltd.,3
Adweb TechnoTrade,3
Rajhans Fabrications Pvt. Ltd.,3
Cube Hub Inc.,3
PDQ Softech,3
Sayint,1
kush dental clinic,3
Lollypop,3
Environmental design solutions,3
Titan Industries Ltd.,2
cloudeagle,3
Haier Appliances India Pvt. Ltd.,2
Balarampur Properties Pvt. Ltd.,3
Li mat soft solutions,3
SAMEER - CEM,1
CSC India,2
Ignitarium Technology Solutions,3
JSV Infrastructure,3
Herotalkies,3
Manhattan Associates,2
Marvinno Technologies,3
Pariksha.Co,3
Capgemini India Pvt Limited,3
Teradata Corporation,2
SourceDesk Global,3
Reackon Concrete Pvt Ltd,3
Datastack Technologies,3
The LNM Institute Of Information Technology,3
Caltech Engg Co(P) Ltd,3
Cybervie,3
BLACKRIDGE Research and Consulting,3
iMSpired Solutions Pvt. Ltd.,3
Youngistaan Foundation,3
Fuwa Cranes And Equipment Pvt. Ltd.,3
Zong CMPak,2
Abhyudaya Multimedia,3
Precihole Machine Tools Pvt. Ltd,3
Increff,3
SkillVertex,3
Rivi,3
The UpStream Life,3
Hitech Projects,3
Zeromile,3
Alfa Enterprises Pvt. Ltd.,3
Independent Project Consultant,3
Jm Global,3
Airdonex technologies pvt Ltd,3
Domino Printech,3
Techarx,3
Volkswagen IT Services,2
"Centre For Urbanization, Builings And Environment",3
Myospaz Software Technolgies,3
4i Apps Solutions,3
university of oulu,3
HMT Tractors,3
Ncr Corporation,2
Odessa Technologies,2
Bigberlian Infotech LLP,3
Samyak Infotech Pvt Ltd,3
KPMG Global Services,2
MuSigma,2
Infogix,2
Mpower Software,3
Reliance Life Sciences Pvt Ltd,2
Undisclosed,3
BITS GOA,3
Julius baer,2
DUSTUDIO Architecture,3
National University of Singapore,3
Xencia,3
IPM Mfg Pvt Ltd,3
Panda Bio Tech,3
Sahaj Builcon,3
Bridged AI,3
Jatana,3
Starlink Spatial Communications LLC,1
Peacock Solar,3
Enlearning Pvt. Ltd,3
IKCON DIGITAL IT SERVICES PVT LTD,3
Simplicate Creations Pvt. Ltd.,3
Prestige Group,3
We Agile Software Solutions,3
Practibull Investment Services LLP,3
Navgrahaa Jewels,3
Relatas,3
Sehat Kahani,3
IViewsense Private Limited,3
InProspect Technologies,3
Worth Technology,3
Shri Guru Gobind Singhji Institute Of Engineering And Technology Nanded,3
Adobe Research,1
ITC INFOTECH INDIA Ltd,3
Totality Corporation pvt ltd,3
Protune K.S. Aiyar,3
Amrutam Pharmaceuticals,3
Tangli,3
Sushma Industries,3
Saurer Textile Solutions Pvt. Ltd,3
Sanjay Puri Architects,3
BlueBricks Pvt Ltd,3
Keyqual Tech,3
Surat GSRTC Divisional Workshop,3
Nomura Services India Llc,2
siri children's hospital,3
Edvicer,3
Sri Leelavathi School,3
Aliter Business Solutions,3
Studyleague IT Solutions,3
kesar milkfoods and sweets,3
iNeuron,3
L7 informatics,3
S5 Agency World,3
..,3
Burns And McDonnell,2
Sify Technologies,3
Impact Analytics,3
"Information Retrieval LAB, DAIICT",3
Kalyani Impex,3
Parentheses,3
Magnaquest technologies,3
"Department Of Planning, Statistics, And Programme Implementation",3
TAC Hydro Engineers Pvt. Ltd,3
Deep Medicine Labs,3
Wittyfeed,3
Valued Epistemics Private Limited,3
Acceleracers Electric,3
Advanced Electronics systems,3
Tatsat Info,3
(de)Code Architecture,3
Coding Ninjas,3
Radixweb,3
"National Institute Of Technology, Surathkal",3
Databeat,3
Prime Infoserv LLP,3
Vibs,3
Insight Business machines Pvt Ltd,3
Camp Systems,2
TechMachinery Labs,3
Bharat Tech,3
Excelr Solutions,3
ALPLA INDIA PVT Ltd,2
Cloudesign Technology Solutions LLP,3
Merck,2
Spektra Systems,3
Hindustan Unilever,2
Builtwell Construction,3
internship4,3
Optra Life Sciences And Health Care,3
Hsjsnsn,3
MMSU Elecric,3
IIT Guwahati,3
Essgee,3
KIHT,3
Arihant Satiate,3
Tru Interns,3
University of Plymouth,3
Acadomer,3
DeepCytes,3
Orange City Waters,3
Aplomb Machines India Private limited,3
Techmojo Solution,3
robomanipal,3
L.G Balakrishanan & Bros Ltd,2
Honeychem Pharma (HCPR),3
Herco Transformers,3
Urban Company,1
Sunshine Paints,3
Flexera,2
suriefy,3
Addicor technology,3
Octagotech Pvt. Ltd.,3
Vraj Machines And Tools Pvt. Ltd.,3
Codesign Labs,3
Network Marvels(India) Pvt Ltd,3
Rolling Rock Software Pvt Ltd,3
Rao Information Technology,3
Joveo,2
Jairamdass Khushiram,3
IDEEO,3
Zydus Cadila Healthcare Ltd.,2
International Journal,3
Expertshub,3
Finecho Engineering Pvt Ltd,3
Livastar,3
Tata Housing,2
ContentSphere Technologies,3
Gallagher Re,2
Fourkites India Pvt. Ltd,1
eClinicalWorks,2
Webcraft -IT,3
Sathvik Softech,3
Software Workshop Technologies Pvt. Ltd.,3
Vissol VassuTech,3
Mobiware,3
Augnito.ai,2
Quicko,2
Prowareness Software Services,3
Tech Uva Solutions Private Limited,3
wood'n design studio,3
Western Railway,2
UiPath,1
HighRadius Technologies,1
Panya Capital Advisors Private Limited,3
prowess software services,3
Multiplier AI Solutions,3
Baadalsoft,3
Netcracker Technology Solutions,2
Billows Paint Equipment Pvt LTD,3
DecibelLAB,3
Excelsior Technologies,3
Simplicity Creations Pvt Limited,3
Ibiixo Technologies Pvt Ltd,3
Lapsus Next,3
Financial Software & Systems,2
Nepal SBI Bank,2
Here Technologies,1
HFFC,2
Gaikwad Associates,3
GOOFFER HYPERLOCAL PRIVATE LIMITED,3
Maruthi Distributors,3
Adisys Technologies Pvt. Ltd,3
Accenture Solutions Private Limited,2
Uttam Bharat Heavy Electricals Private Limited,3
Patil Automation Private Limited,3
Xylem Water Solution,2
Sai Magic Food Products Pvt Ltd,3
Wockhardt Ltd,2
Suburban diagnostics,3
Stamford University Bangladesh,3
Thirdeye Data Analytics,3
Mission Biofuels,3
Robo-Rehab Start-up,3
Eagle Tk Infotech Pvt. Ltd.,3
24/7.Ai,2
Here Solutions,2
swarna dental clinic,3
Soyuz Talib Architects Pvt. Ltd,3
Ablelo,3
Private,3
Expand AI,3
Enerman Technologies,3
Hello Learner,3
AT&F India Projects Pvt. Ltd.,2
JSW Thermal Power Plant,2
Vishal Builders & MES Contractors,3
The College Monk,3
Centre For Innovation Incubation Research And Consultancy,3
Solar Radiation And Wind Assessment,3
"M V NARAYANA REDDY AND CO, CHARTERED ACCOUNTANTS",3
Altimetrik,2
Amara Raja Batteries Ltd,2
Rexnord Corporation,2
H. C. Kataria And Eagle Infra,3
PwC (Acceleration Center),2
National Small Scale Industries Corporation,3
BCT,2
Sakha Global,3
Hitachi Hi Rel,2
Electronut Labs,3
KIET Erp,3
Apical Reform,3
CtrlAltFix,3
Lenovo India,2
Coral Telecom,2
Sriyamsoft LLC,3
Financial Technologies,2
Abco,3
Coral Engineering Works,3
Ecoplastics,3
Yardi Software Pvt Ltd,2
Gamezop,3
prudhvi hero motor corp,3
NU-BU COE,3
Infoverse Tech Services,3
Diplomads Professional Limited,3
Maharaja Sayajirao University,3
IIT KHARAGPUR,2
Mechathon Engineering,3
Growel Agrovet Privet Limited,3
RISHI LASER,3
conserve solution,3
Xpert Scientific Equipments,3
Cognitus Consulting IT Services Pvt Ltd,3
Maxim Integrated,2
HDFC Life Insurance Company Ltd,2
Tripdairy,3
Christian Albrechts University,3
Migo,2
binary10 technologies,3
King Maker Chess Academy,3
Al Hamad Aluminium Extrusions Pvt. Ltd.,3
Y Media Labs,2
Great Software,3
Mavio Systems Pvt Ltd,3
Axtria,2
Symphisis Software Solutions,3
Indeed,1
Gigmoz.com,3
Quantela Inc.,2
Samay,3
rogue98productions.com,3
Dineout,2
National Metals And Materials Technology Centre,1
InTimeTec,3
University Of Agricultural Sciences,3
SocialTek,3
Intercontinental Consultants And Technocrats,2
DQMS ELS Ltd.,3
Mondelez India Foods Pvt Ltd (Formerly Cadbury India Ltd),2
Parshva India,3
Applied Research Works,3
Raeanna Nigeria Limited,3
Scketch Digital Solutions,3
Travel D Globe,3
Fordit,3
CEBS Pvt. Ltd.,3
Neelkanth Infracon,3
Verizon Data Services India Pvt Ltd,2
Technoriya eTechnologies,3
Grass Root Advanced Systems Pvt Ltd,3
ITSC Technologies Pvt. Ltd.,3
Entytle Inc.,3
Ampere Vehicles Private Limited,2
Radram Quality Services,3
Constellation4,3
Indian Institute Of Science,1
Spec,3
"Healthcare Technology Innovation Centre, IITM",1
1df,3
Elgi Equipments Ltd,2
Quality Kiosk Technologies,3
Tata Capital,2
Class Engineering,3
MetLife-GOSC,2
"St. Vincent Pallotti college of engineering and technology, NAGPUR",3
Redwood Algorithms,3
Ronch Polymers Pvt Ltd,3
Random MNC,2
ConnectingDots Infotech,3
Eventze,3
Jisa Softech Pvt Ltd,3
Head Digital Works,2
infigon futures,3
CIIRC,2
Sidharth Automat India,3
Asdf,3
Vector Engineers,3
Vishwakarma Institute Of Technology,3
Mahindra Ecole Centrale,2
Century Buildwell,3
Rapid Value,3
Manisha Constructions,3
Farmozing,3
Ionix Systems,3
Formskart,3
Modak Analytics,3
IIT Kharagpur,1
srichakra polyplast,3
Drishya AI Labs,3
sri jagathswapna realtors and pvt. ltd,3
Saint Gobain,2
Prologiciel Solutions,3
Healthkart,2
Orchid Chemicals & Pharmaceuticals Ltd,2
Kmk Consulting Inc,3
Smartlink Network Ltd (DIGISOL),2
Applab Technologies,3
Speed International India Pvt Ltd,3
LA NET TEAM,3
Indian Institute Of Technology Hyderabad,1
Divergent Softech,3
King Fahd University Of Petroleum And Minerals,1
Virtually Testing Foundation,3
N/A,3
Direction Software and Solutions,3
Ips Mehtalia Pvt. Ltd.,3
origin to future,3
NTU SINGAPORE,1
DRDO Banglore,1
The ENGINEERS FACTORY,3
NetApp India Pvt Ltd,2
Eaton Technologies Pvt. Ltd.,2
Daimler India Commercial Vehicles,2
Aashman Foundation,3
K.T Investments & Co.,3
Nepalese Farming Institute,3
SerialCom InfoTech,3
Elecnovo Pvt. Ltd.,3
Oakland University,3
IDZ Digital private ltd,3
Ipca Laboratories Ltd,3
CatalystOne,3
Ellipsonic,3
AAPI Inc.,3
Vijayraj Developers,3
computek solutions,3
Shyam Engineering Work,3
Cimcon Software (I) Pvt. Ltd.,3
Kiwisoft,3
Veda,3
Kepri Computers,3
Incedo,3
Trexova Wellbeing Pvt Ltd,3
Atto Infotech,3
HPE - Cavins Solutions,2
MELSS,3
UV Knowledge Link,3
ICT Software Solutions,3
Wavelet Technologies Pvt. Ltd.,3
Hetero Drugs Limited,3
Larsen And Toubro Infotech,3
Teradata,2
NIPSTec,3
Excel Industries,3
Neenopal Technologies Pvt Ltd,3
Streamline Controls,3
Etmos Media Solutions Pvt. Ltd.,3
Techwalnut Pvt.Ltd,3
Sciens Technologies,3
Victora Tool Engineers,3
Suman Food Consultants,3
Techeshta,3
Mitr Learning And Media Pvt. Ltd,3
Likewize India Shared Services LLP,3
IIT Kanpur,1
Icertis,1
caad centre,3
D. V. Builders,3
Bookzone,3
"Winjit Technologies, Pune",3
Oyo,1
Quench soft solutions,3
Lci,3
cloudtaru Infotech Privat limited,3
Venkateshwar CNC Technics,3
Hindustan Power Projects,3
P8e Ltd,3
Appmobi,3
Serv Platform,3
KOSTAL India Private Limited,2
STEPL,3
Byte Prophecy,2
Cygilant,3
Ajay H Thakur,3
Hum technologies,3
SAP Concur,1
Pune Construction And Engineering Research Foundation,3
Google Developers Students Club,3
KAT Controls Pvt.Ltd,3
Onya Digital Solutions Pvt Limited,3
Searce Logitics Private Limited,3
Mindskillz,3
Dupont,2
Matriot Solutions,3
Neeasoft IT Services,3
Abu Dhabi National Oil Company,2
nri,3
SenSight technologies,3
Clarion India private limited,3
abc,3
secYOUre,3
NCS Indore,3
