program_id,n_total,n_admit,n_reject,admit_rate_smoothed
7136b55afff555d9e3447fbc8b07f5c03aead118,3,3,0,0.5652173913043478
3bf965bc49085d768a7ab7e736a3ca40c4a75b8e,4,3,1,0.5416666666666666
9905c180984bb8325057d309b6c745325d0b474e,3,2,1,0.5217391304347826
39e59e25717e48e9f71e72020ea30d8bd738bf0b,1,0,1,0.47619047619047616
6c49fc327143737581dc0072a1265807a4221dcc,763,675,88,0.8748403575989783
c1d49a40c6f87787a52be63da63324ac59adc3c1,2,2,0,0.5454545454545454
d3c8b9a828c258cb71281cb6d1a7351e2bc9e240,1,1,0,0.5238095238095238
b44e17493e85976fc0c184848efacff8117e87ff,34,13,21,0.42592592592592593
f7da92ff30922624709480a594e98be5b515ff93,7,5,2,0.5555555555555556
b4f59211a9d4b18bcdd499aa38de76733da3a0ac,15,9,6,0.5428571428571428
d1a0fd807f8346b594961f95b1bfa8c16cb35223,1,1,0,0.5238095238095238
d2ea65fcf59693869bfeea26ccc6bd5d8b87032e,17,13,4,0.6216216216216216
47c749ced9a7777b1bbf44a92c5dccc6a8b8f2c7,2,2,0,0.5454545454545454
51fc68beab3b2f421fb8a399949cd71f0aa76145,2,1,1,0.5
24f6bc6ad68ccd36186fae7e1c18be509c93944b,8,7,1,0.6071428571428571
ea93f43cca0b0b1ff268f90e7a2c82b764bd3aba,33,30,3,0.7547169811320755
cd956916b743db4bc1fc28f5d7751957b660ae0b,40,36,4,0.7666666666666667
41283c003b10ba44f3f1ab674f5068d7ea3d10c6,235,149,86,0.6235294117647059
d47fbe8b4dc32a12e2706849ac3822d55f7ccd7c,6,6,0,0.6153846153846154
1a1049fbc5e52fad39a8a6ed7af1835929454213,1,1,0,0.5238095238095238
639975402f237a7cf6441779a1818bbc8ca7e879,2,0,2,0.45454545454545453
041a90a87da355ffcb8b2d939b7f620d34e46952,138,104,34,0.7215189873417721
9504e822b40c53eb34cbc69f80b29ab5e923a9d4,1,1,0,0.5238095238095238
1e7ebea4b11d59f34ef454df6fbfc21586aa6623,1,1,0,0.5238095238095238
a509b28460a4e7bd88050772ab88e38631809877,1,1,0,0.5238095238095238
8c46befd2018c428990979c18f23bda332c867e4,17,15,2,0.6756756756756757
5779e62292238a69d6e04542fa9dfbeb8e078ed4,2,2,0,0.5454545454545454
50923d8b8544a461381d6ad84a80c60ba67bf286,8,4,4,0.5
3a08a6f2e3adce8c828db1bc4bc4b73ade83a1f2,1,0,1,0.47619047619047616
ddbb79faf5f0f61e252abb49d482b7a8dedb4184,2,2,0,0.5454545454545454
741445725faf6d1b7dd5c5c399e4873213b9fcdf,1,1,0,0.5238095238095238
f2e0562b775445cb912f765490d4de0f08444691,1,1,0,0.5238095238095238
39409cea4729bae29563ae6d53cd0922ff045cc0,3,2,1,0.5217391304347826
b7d69a1215467be4984022c9fee212b85683a32b,72,55,17,0.7065217391304348
159a6ad094e84f53270a136fc15d8fd03b25b44b,1,1,0,0.5238095238095238
70f0c2383a72f60d002df0d1f2e9d0a29bc9a19a,1,0,1,0.47619047619047616
94462e2c1b346abbb84bbe351ccccd269d89d91f,1,0,1,0.47619047619047616
210c595dff989d10ee081258c3195b6552f4b383,96,74,22,0.7241379310344828
c2e5d1925d1055b4209fdc25394ddb0ae96e3caa,1,1,0,0.5238095238095238
c571d745422305668250958e11ce0cb93cf67b68,3,3,0,0.5652173913043478
909d621d7a06ad3f421aa241b742a2c0a247332e,40,23,17,0.55
ba342a374c0f007a6b8dc189f00dd8f3e2ea9f9a,1,0,1,0.47619047619047616
2aa66c3e482a97f9546985540d9cf6a2f037f9af,4,2,2,0.5
34b215b1661b9f7a330ce00ff5e4fad399f678fb,2,2,0,0.5454545454545454
7a44e94e1e14b1be68976a53b2f7cb122c1ba274,3,3,0,0.5652173913043478
691def31cd727e725ae72454f32a30b064405bf9,237,214,23,0.8715953307392996
8529c936729c456e3248bf7757a75105a8f1ee64,1,1,0,0.5238095238095238
8e2820b0e3d00a7a94afd7cbda648037dffe4ded,2,0,2,0.45454545454545453
a8f0040370a9d39e4f5d2fa13337587ecf2ad567,7,7,0,0.6296296296296297
0accbd00b19ea3d1fdc77e70238a546c7aff3511,76,67,9,0.8020833333333334
d796aa2b74998b841593fbad3f78d860934a0c88,1,0,1,0.47619047619047616
0c22bf22b2cf0a5d4a8b457945d4636902ff2790,1,1,0,0.5238095238095238
f6cada3782049ee88282b43b6c3ad069cb40f17b,8,8,0,0.6428571428571429
ff9e191441c4def9559e5a19a72cbfc8629a28b3,15,14,1,0.6857142857142857
5107f86cc1b8d94d1772a749cd7eb0087a9d442a,7,5,2,0.5555555555555556
4acd9812cdc1678dcc3bf8f8d9e84032ab118ad8,1,1,0,0.5238095238095238
65f1ed5d4ef8c40c77a8fc6870817827724df4f2,1,0,1,0.47619047619047616
e93b4610ba4b40f876aa40fc4d491b83f7fee304,2,0,2,0.45454545454545453
437439061250ee8ba72dd3274f0af8cc5dc4b062,7,3,4,0.48148148148148145
02f3b353744a80edd8ab7933e0dd778983ce93d9,97,51,46,0.5213675213675214
44c3466a6632b7640a7a60be5781de1243c7c773,30,9,21,0.38
54dd04b9b6d38ecfc21979574245798983bdc597,15,14,1,0.6857142857142857
ece499c3731de42151e0993c049c36990219703d,1,0,1,0.47619047619047616
f47a6f81d18e0da543452a76c576fc339399b2c5,1,1,0,0.5238095238095238
99500163468c99be84bfdd76bb6a0bb916b490b3,14,11,3,0.6176470588235294
c488aa8900e493bd176894dc408cea667cc79cfa,7,6,1,0.5925925925925926
26c8e9daea1055a14fe98f64c56c9fadc193c32f,1,1,0,0.5238095238095238
7ebc6843111856addc822aea83782ca782e65798,1,1,0,0.5238095238095238
ae2e7001c34497faec1bbcfdb839e6045bf7e0a2,8,8,0,0.6428571428571429
22174ee505c27b1e684f72574556d8ad88a63dac,117,106,11,0.8467153284671532
3b1d8ccea306b1e15fa2d0de008e06f701f1bc3c,2,2,0,0.5454545454545454
390246a1779482b48a9ec1da38392a03c2debc54,7,6,1,0.5925925925925926
eb0ac389cc656520908f1e6befc82133599ab3ea,1,1,0,0.5238095238095238
2344fb6b041c1f6471033cd4f116c38bb57e0a55,46,38,8,0.7272727272727273
490f0e72f26f90cce76a7050dcb7414c1d445ae2,1,0,1,0.47619047619047616
c1e8961640ab2c5545313edf6dee9c310705a08a,2,1,1,0.5
cc4876ee24a533e450199fcc6e4533944d23bbcc,1,1,0,0.5238095238095238
a248d44ae50bfcb720cb9b24922b57a698b5f016,2,2,0,0.5454545454545454
b9f4a97def2b37b406004bc600c4f238ff47de7f,73,53,20,0.6774193548387096
d2a96aced362be17cd135367c4369c2a51b4bce8,2,0,2,0.45454545454545453
231c2f56f2d0ab9f075c98e94dafeb9052688d49,8,6,2,0.5714285714285714
678d732d53bba60a780cde0c70b38abb7798a85f,1,1,0,0.5238095238095238
ccf6f475113bc0c6edc684d9fb3a721043851932,1,1,0,0.5238095238095238
af3826f5fd1584f6e907042749377aeacb329ffe,1,1,0,0.5238095238095238
fe3b68bc4e74331926305f8f647da220a117bfe3,9,1,8,0.3793103448275862
e5fc83490955e1339628748ed919ae0b4fe7ab04,5,4,1,0.56
7c49d82b00f11b872fedd3abe93f6f755420c7c0,1,1,0,0.5238095238095238
fa4171bfa619210fd22e4e345c9a7d98f114a5ce,1,1,0,0.5238095238095238
34de28246af58ac1bf17a8bca018bd270c2da60d,1,1,0,0.5238095238095238
253f5a227438c4b0f69eeccb96baacc34240a287,56,47,9,0.75
a8b74e56895c0931f282443dd53ce8e2574e952c,2,1,1,0.5
21e7aaf7d302e72f4568b56c6435a14182bc64f3,2,1,1,0.5
048c979e2b4f36a787063d4e8551322e2d7f68a8,73,63,10,0.7849462365591398
82201ee959bf919497988fe7262fd16faf091e24,2,2,0,0.5454545454545454
b809687ed0282e4b4e14c166e339367c3e45c441,14,10,4,0.5882352941176471
def50fa9f3e8b0f94b1d66ce32996ea395bd892f,1,1,0,0.5238095238095238
e00fe4fdcc3e4cd12a1c1d452a810f4a8e1b8002,1,1,0,0.5238095238095238
94f388d82c0e6a3f7b7d31f3481589a16f98807f,1,1,0,0.5238095238095238
076d2d293b27fe2082a8fde2cabd5072e7ddeb0a,718,649,69,0.8929539295392954
0a241087bbfe0379378c336c49098b874db2c951,58,37,21,0.6025641025641025
bbb3209c84b90682181260210eac065ec8f3135c,4,3,1,0.5416666666666666
61005abb607dffb620e1e1992e0554c2e32c1fa1,1,1,0,0.5238095238095238
77e60c43f8681de2bfbf4655b95ba7263cf0c92b,1,1,0,0.5238095238095238
94eb487ab669cd1710ae4a9b79555db643d4addc,5,2,3,0.48
0150ff7def09b1629340b65f130fd3cfefec98a4,13,13,0,0.696969696969697
80b32fb7d5b0a0d6c443aa4ae860858807374790,1,0,1,0.47619047619047616
5a47a9a1662e2bc79c4b9ddca50f536a35fc7fc5,1,1,0,0.5238095238095238
9075e9ba4be92b01c8b62c7d7d1807685fdb2265,3,3,0,0.5652173913043478
df79ce2180ea2c047a9f4ffc2449e25d3225cc49,3,1,2,0.4782608695652174
29bb91abc6e1769f7caf2cecce13ff533320c29e,2,1,1,0.5
6a06ecb67c6d59f658ccf99e92dd8fddaecb1315,42,33,9,0.6935483870967742
055c2261e2a1ff09481fe903db92737967a594f0,2,2,0,0.5454545454545454
526961dfe8ba8aec24e2c93b960ab4dc763ef35d,2,2,0,0.5454545454545454
463106904b59296cec87b9ee678e251ef85dbe12,21,18,3,0.6829268292682927
8b0f8a37d8aa63f0441eb7ab9a6db13cb93f3f0b,24,16,8,0.5909090909090909
7e8687d6ab38db6b20a9eb36b7b69003000382cc,13,7,6,0.5151515151515151
b77b7617470814c372af8dbb9dcf801ad3efe853,21,13,8,0.5609756097560976
a190502658c1d26166aa85a16f9c418b2ba252da,136,90,46,0.6410256410256411
0479e9dc9c01b07c0ed9f7e39f8ab2f50ea25e41,669,478,191,0.7082728592162555
2a1c755f23795e5f2110f709ef6498b9a0db194a,7,6,1,0.5925925925925926
febba7f65d425a081c249dd9cfe03a277a5a7a63,1,0,1,0.47619047619047616
ee11686da3156758984336eb9fcf98df6994d83a,5,5,0,0.6
90b8a44ad0d9556a732401f1e90be7937100e8df,9,7,2,0.5862068965517241
3536455525af05e7bed23dcd329d81d503bc7f24,3,2,1,0.5217391304347826
01c623c0a19aab70ed662453af9ff229de413302,35,31,4,0.7454545454545455
915f82e36be3477603e48aebe42b9864089c8ec2,4,0,4,0.4166666666666667
9723723e48b6b1935cf933dc83a9815ffa620741,1,1,0,0.5238095238095238
42edfd27116e550d6bf8400e3453983e19f8d07b,12,8,4,0.5625
65f9ccd3dffac9b4cb3ad5d214911ac227d33263,1,1,0,0.5238095238095238
0c06a9d8b4f4ebae3d707d433fa88dd330af5cb1,4,4,0,0.5833333333333334
9a2a7b7f121cc5ff223fc782a7f2697f6e862e79,51,33,18,0.6056338028169014
cc1bb690035f5f869cdc4daec19fc49928b69f29,1,0,1,0.47619047619047616
2b320c99401bc56501e531d44c98657a2507c0eb,79,27,52,0.37373737373737376
680651002f28355eeef9ce6d63cda08fce9588d5,3,3,0,0.5652173913043478
3d134a6ce8af9245db52087dbba086e2ecc3479c,1,1,0,0.5238095238095238
9d123dd1908c0eecbd89aaa034c55d57aaadd797,1,1,0,0.5238095238095238
e2c5acbbdc1ea05f6e645a32592c2c61c3cd7738,10,4,6,0.4666666666666667
0c73cf71f52af2854bef4016c9ddf0d9f88127d0,18,13,5,0.6052631578947368
b5ca47947d1d1926e8d20fc1bf7bafc094a56e1d,1,0,1,0.47619047619047616
a0d4184334119b6d44a75a3239b8440298f4e35a,1,0,1,0.47619047619047616
2930849cb532f8e484f1731b1ab86293b0a4fe24,250,143,107,0.5666666666666667
a018cd5bfe52b7f0b96c82f53f37c69bb2ea3f68,349,227,122,0.6422764227642277
2065afc6afdb99cb758330feba9900e7534b8c2d,139,119,20,0.8113207547169812
be1b066a2259e8f55cd668ac536a6343cc6e1bb6,41,31,10,0.6721311475409836
764e12a4af9728f928d40e8047dc40be8e610bc7,28,22,6,0.6666666666666666
e240b5d155aea2a819187667b46036fc72ccf1ba,15,9,6,0.5428571428571428
a61412ecc10ebd1a8bacc80d6adcf2b7ad4dfb33,1,1,0,0.5238095238095238
621e3af803161ced5dcc401701f82c6fe7fc5d3b,7,7,0,0.6296296296296297
82c0252e0948051b29966e3e0aea6f6ce46fd4a5,1,0,1,0.47619047619047616
9d2e41c026c7dff66088685a86ce1c1aeb7cd2a1,1,1,0,0.5238095238095238
bd2d97beb3541c9196151ad112d5ffa22da41142,6,4,2,0.5384615384615384
80751d8dd704fe91bfc23a936d85b87899872d98,38,29,9,0.6724137931034483
53d9d847a2115eee90bdd954cef89b9ce4b122ed,1,1,0,0.5238095238095238
177dbb57fe5555ce28b5914c48ddb7dddf240ec8,1,1,0,0.5238095238095238
1be42911dcedca1a1ac824ecfce6a6931d14819e,4,3,1,0.5416666666666666
c4e8e2c698cc7e4ad968882ccc064e00e6f2d7e3,1,1,0,0.5238095238095238
552c1b3735301c901cdd4ac6b91e007328a07a1f,1,1,0,0.5238095238095238
904d935282a5a329279c5508497f5ec6a9d7ef22,1,1,0,0.5238095238095238
e4227b73e58ea6f8dc7f0d3c45d3d7e4c3ba297e,1546,944,602,0.6091954022988506
d7d484e2cea50205ecdaf4b5fa2bc252f5e46958,2,2,0,0.5454545454545454
c0b5504624c981ff0145840b26e787491110b4fe,4,4,0,0.5833333333333334
af9905b01c61527d405bb8772e219d7e8ff20aa0,2,0,2,0.45454545454545453
14975fd08dc99eb052678d9dadcda5fe18ecfbb9,5,3,2,0.52
5a34fa561151b7895d5275b31321c06f8129f70d,1,1,0,0.5238095238095238
e1acbd6094c424a67249f47e6af39b5824adcb8a,1,1,0,0.5238095238095238
444f01697855edde0f12a7d47e905bf9d94cadea,37,20,17,0.5263157894736842
9380c1a79a47780f2b8d732cc36f4b51c5ae8842,3,3,0,0.5652173913043478
0c080f6803c919b6f409af522fde8d7b72f8c1f9,1,1,0,0.5238095238095238
88966a3e6fa7b78c18f398cbd904646fa307f44e,2,1,1,0.5
be89b27545845f7e185086cf5389a9362eadf124,1,0,1,0.47619047619047616
c8d836feb4169aa628d7a78b5ef5f84b03b912e1,5,4,1,0.56
f59649754d8f006522e533fc1820fff55543e71f,3,3,0,0.5652173913043478
f15d33ff7a4cefe6987adefe0152aa0bc2037bfa,2,0,2,0.45454545454545453
76ee7fe2728a6613c1340a6ef48c63e7f807fa0a,1,1,0,0.5238095238095238
a4a53ba8038b57044fd139d8e53726b7c1f17218,2,2,0,0.5454545454545454
cde123d328906a9a2d4b4cbfffe3e54fcff4cba4,1,0,1,0.47619047619047616
7ce6207f6de4f5c178373ebcfa2f361dfcf8b56e,1,1,0,0.5238095238095238
48c717840b757a9dc017e82e31ae24986ddb39b6,5,5,0,0.6
5379e88a81f1d394b4893b9dc44b6a3552c21cd6,1,1,0,0.5238095238095238
b5ebce42001eb4ff452715db7392b3598e2407e7,2,2,0,0.5454545454545454
7e6d250a1871ac4e11788e87305de1cd39b121e7,1,1,0,0.5238095238095238
ea8eddd161fc75d03063094e198878c28c7b78cb,1,1,0,0.5238095238095238
dc1cb4d0067429586bef0db1d426cb120a7a1eef,1,0,1,0.47619047619047616
503074451e03a7a4ec39b473caa72815fe767bda,1,0,1,0.47619047619047616
0c0ef00fddbfaeb67348cf20e3b3c0063b79c38f,156,126,30,0.7727272727272727
280ecb3d5ce78defeb5766e598e410101260d47d,1,1,0,0.5238095238095238
d510dc4c260aef62ee1300761a893c009785c5cc,1,1,0,0.5238095238095238
36ada807402b684cbbb0d2a12dc786e4ffc1ee58,2,2,0,0.5454545454545454
d469ca0e4eb55a767b21ba3aad18fac4694e790a,1,0,1,0.47619047619047616
98dc823e38a0bfb9695f2f0f9ab2fc8f0ebd6e7f,1,0,1,0.47619047619047616
82496c9abeac16442750ca62022df591b67d6a6c,6,3,3,0.5
3d3290c4e2a309a7be79b9bee104be5646b65e75,2,2,0,0.5454545454545454
d4fdbb1286a0181391b2d15fa6a587f8f277ac25,16,14,2,0.6666666666666666
f6e5d5237f9b426b2883b960b3164410a37ceb37,2,1,1,0.5
297e702004d1ffa043a4b5d2c76db8759049b375,5,2,3,0.48
409011a4bead7f482193f314f773d8b88eecd37c,1,0,1,0.47619047619047616
7059de1ecd195a5567eef16e360ef76484ea5314,445,146,299,0.33548387096774196
4ebc91db29985aabd1907dd8a971f321faad51b3,23,17,6,0.627906976744186
c96efff03acfd4d21f42615cbb7dece4fd1d1eb3,6,1,5,0.4230769230769231
f6cbc05797a310582dc9a727b9adc3c68f760612,1,0,1,0.47619047619047616
cc8ca90a1090e7e3886ebde617749c5501aa0566,90,70,20,0.7272727272727273
07bf1fe451d71886a4d11ce3e19a0de1c2b06b2b,1,1,0,0.5238095238095238
7d1921fd9dfb9265d739f56f55c4da9e70210e94,3,3,0,0.5652173913043478
b3fc2b93c5776e2bb1fcfd314e58ecb569f35a42,1,1,0,0.5238095238095238
87678d07ebc151b2439403977324cb95d75c0dc0,5,5,0,0.6
fd68f81e232ba96a9bb46b717e6d89b340fb3b1e,2,1,1,0.5
3c1bac8f93a24303324789b5b3d8b7745fcb46d8,14,11,3,0.6176470588235294
0e952ec57f11e7fe5bc861838f9265d7ff563d64,573,228,345,0.40134907251264756
77ff08b265ed37d0631c4dd1351c6ae4e34d470d,2,1,1,0.5
ebfcc6a11be9fd4312f5d510b8a358ed9bd2d74f,2,2,0,0.5454545454545454
ced4fee607321b0232f78fc7cc75a689859d8380,1,0,1,0.47619047619047616
6dad152ca8498cbfd66bc082cc206edbc3f8c459,15,10,5,0.5714285714285714
22977d3a4ace0009d9c0af490e014ff5f9579a80,3,3,0,0.5652173913043478
680086917ecbd46dc1c7b23067d15ca67c963f30,11,9,2,0.6129032258064516
64519caa0fc23d32a3211f355a0ada20f1b1df70,1,1,0,0.5238095238095238
0fa1923eba79901d9186a5d66fcd7deba83dfbea,2,2,0,0.5454545454545454
ce0a343856f583534cc2e75a4f8b4e67b660915e,36,33,3,0.7678571428571429
ee7f0c37c1370cb0e70f4108db519bd047244697,3,0,3,0.43478260869565216
6409ebdb07285ca1c67d82af836566c6bd29c334,1,0,1,0.47619047619047616
e0da7f0516fbbcc4ce243b0c64e943d35cc31808,3,2,1,0.5217391304347826
22a4437051804165104ecd632a296181deadc8db,13,5,8,0.45454545454545453
7aa786d0897d0719bbae6cab60ba33ea5b684a34,1,0,1,0.47619047619047616
986038c3f88e7ecdddb060c26cf1722c6a494b39,10,7,3,0.5666666666666667
392ee6380a1b07d2d21a2b41afdbf37aef2dc4d3,1,1,0,0.5238095238095238
9c79147352b9aa5cfa28e5e5c7ae472f9d6d3d8b,2,2,0,0.5454545454545454
52b8bad7ba7a3952bc0ac82ef151b4e0db7127fa,1,1,0,0.5238095238095238
bf92b65970d5941526207c1b4834ff17e1ce1d85,3,2,1,0.5217391304347826
af073638cdc0463ac41efa2c0ecf162db3414083,3,0,3,0.43478260869565216
3636c64c1d198e18485b4a87ab083dd364efad2b,2,1,1,0.5
771633b941e3d0b04e5abc9128a2a759e9889989,4,4,0,0.5833333333333334
c67948860e1a3a9228ca75fe35488f6eee445656,11,3,8,0.41935483870967744
6e5ee5552336b639bbd79e08aa8b84a11e8e2607,8,7,1,0.6071428571428571
b6c327df2f0b71f997df726bdb505b7fd3cb6bda,1,1,0,0.5238095238095238
47c95a4261f4956d1cbd3d56c9af5271c6464564,2,2,0,0.5454545454545454
13f0d675c184c3a91690311e8e5281975e8985a9,1,1,0,0.5238095238095238
0b0006b9b172e7203030715645121666d9da5ac5,9,6,3,0.5517241379310345
ef0eb0aa03b071c715c81d0263440a855e571030,1,0,1,0.47619047619047616
4298f49610cbda1b441bf25a87314a384a8359f9,2,1,1,0.5
3f6cb8a79243df92a4717ed881bb389c2d8b6e1a,1,1,0,0.5238095238095238
351b989bf6d009629008caf57c9aab1883d2780e,3,2,1,0.5217391304347826
c6aa03f6ebc86cfe984228917788ab223aad8f64,36,33,3,0.7678571428571429
248895745f16964b0171c38789fc2746ee7b8e0b,11,7,4,0.5483870967741935
78cfc8f5c53f14c9a0c617773012e7699a267136,1,0,1,0.47619047619047616
549b145220efd2210a00a1c7c4a1afa887d0fb44,103,83,20,0.7560975609756098
741e2c41296926acf8beb41c1ee43014cb6ab50e,15,12,3,0.6285714285714286
5193ae61bf3d7706783999fbac1cc7677a811a51,1,1,0,0.5238095238095238
80217b90e4b1a95e2d933113a3370d4d0ce14a4e,7,5,2,0.5555555555555556
3425805b98dfda99bdba719b747c4cf8b4f68b6e,1,1,0,0.5238095238095238
a17a4ac673bbe3cf32cdfd9a95ede355d753c94e,2,2,0,0.5454545454545454
f0e47209b52786862d80936fca823f1b1456af77,2,1,1,0.5
a568621044144b00cce2974c30ed2c29caa15847,34,14,20,0.4444444444444444
52a1bc9b69563e07aafa34fd2c578a3fcd8d82af,14,11,3,0.6176470588235294
1ad2ec17f78d4adede2e93f08906d91ca9bec80b,2,2,0,0.5454545454545454
ca0be64914f2078a9ab095afd2c02813c3b7fad4,1,1,0,0.5238095238095238
f054832f44a4fae7e8d64801d4c60afb672de525,17,15,2,0.6756756756756757
a63fabf8c935140bf72b2aa46670cb7775bbbb9c,155,124,31,0.7657142857142857
1bf3ed091a7b639dcf94e277e41b85913c38207a,4,2,2,0.5
1be88f341f4029be752140c63c7ed73223d73ac7,11,0,11,0.3225806451612903
abe34a6598800e71576b589bc3142d23184faaac,2,2,0,0.5454545454545454
63a173e04be30010aebd401cadd9c8fed35e63b7,68,45,23,0.625
78a793ee475970349f26d5ab6e5adcf880379383,4,2,2,0.5
61bf33ee740bca25a54348e317458d7c42679b56,18,18,0,0.7368421052631579
725ca0a9cf8dec30a0cf95713d20ea0bb4c642b5,1,1,0,0.5238095238095238
e3136269567b390bb87437c8b994364cd0f3853e,18,13,5,0.6052631578947368
eb802d890c0169b6fd1c4897005ea3218b0b5d16,36,26,10,0.6428571428571429
c6d1c4de48f5639a1644394620a6164cde0f1ac0,14,12,2,0.6470588235294118
8d31d871e55873c963ea4cd33dc6b6a062d53b8d,6,5,1,0.5769230769230769
9d9210b13a6ee1117a459ae7ff2150b1550f7d99,1,1,0,0.5238095238095238
72aae2133389d816556cfe8932cf8d0d2dd839c7,3,2,1,0.5217391304347826
5ca0b3d72f2866c5d1154b82a21f5d2dc3d8d6cb,1,1,0,0.5238095238095238
2d8e002248f12b79c9c0ecdcf56b69c8cce1b2cd,10,8,2,0.6
99d5387dd485ff6b79eeed483926b74c4273332e,1,0,1,0.47619047619047616
a36c4c42329d9c3695110e0f17e3d89a92e38a85,1,0,1,0.47619047619047616
7ff68004ce1ca0de3a0fecd0d7ee0f958ce3c118,3,3,0,0.5652173913043478
ab5484b811996399edcecee4510db92d4e448b97,7,7,0,0.6296296296296297
a41b31e6c43a4b88845d704ab4b9651fef43f294,10,5,5,0.5
5c5ed156d4f3312d3822b21b3c400fd9849e39d9,1,0,1,0.47619047619047616
4a00a50a3a5bd9a70a4951d8248a3b8d471c2e7b,1,1,0,0.5238095238095238
fb64e02cfc1cfcf203bb4bd63c591427d968d118,13,10,3,0.6060606060606061
86c3930977ecf116ec7a1fc0dc4c1284714d89d8,38,22,16,0.5517241379310345
7db1ab23bfc4b407962032e1dd83cc1202acf24f,1,1,0,0.5238095238095238
a30ccf272140094925efcd99a061622ee47e0092,2,2,0,0.5454545454545454
9d0f1dee3160717a04ffadd8e26b366b834584fc,1,1,0,0.5238095238095238
a254dd4694899f60ac642737b00baf518735142f,15,2,13,0.34285714285714286
5c2b802b2ddbca6b09f5da395973eb6f64c2fb63,2,2,0,0.5454545454545454
023ff9170a924654cca9296881c4f5b5b39b41d0,2,1,1,0.5
e81a182968b844f706f1f015f73ba1850bb25f8f,1,1,0,0.5238095238095238
361ca47c6728587c4a7af6fe2029130ebb0c312c,1,0,1,0.47619047619047616
2d9ad923aa4b225e0dad60852bf253c7f745cff0,1,0,1,0.47619047619047616
ca0c724857552049971cc0afc0b07e0b52be6cfd,41,7,34,0.2786885245901639
115743bcb61b69c80eb5895a8fc672d1ffba7bb1,1,1,0,0.5238095238095238
9fb99bfaa2457ef5f859f94c7df0e938f2f849f9,37,25,12,0.6140350877192983
dc70721cfab3f90ca4c44c4abc45375b0b5cf49d,4,2,2,0.5
309d06162196bd5ed1953656a8d5a050b99c18da,1,0,1,0.47619047619047616
9288856bd78010a51d6660e552d3ef7526b08d28,1,1,0,0.5238095238095238
677e2a78510da854bf46f389ee94ef0cc5655dd0,131,93,38,0.6821192052980133
25e99d8fe434ddef88c8c7b2ec5f60d1ea367a36,25,2,23,0.26666666666666666
449cff33fea1e2b8b87f08459ebc992a79a67901,352,154,198,0.44086021505376344
94451383b956e29d076d35e7edc4199c986d916a,2,2,0,0.5454545454545454
dcc3834d0801cf26056abc20ab3e9c2d8bf36654,16,11,5,0.5833333333333334
e1bf685c1cf2a1e665a59db0af7eee31a6f75c50,2,1,1,0.5
8ed8844ed084eda5381a0a377dea87a3a0364eb0,1,0,1,0.47619047619047616
c943d93cff95dd7c1ec9e8331cad145b1ca0dd7a,2,1,1,0.5
8eb24def05b15856c32e3cfa8a910285249bb144,2,2,0,0.5454545454545454
89b4a40ec087c5b27de94e834adb07e1a9524819,205,197,8,0.92
ca483c5012b4c0e572a001076093d48ddd45c2aa,96,42,54,0.4482758620689655
c988d0a2a64d862a2c031eb9b352f9bd8ae918b1,1,0,1,0.47619047619047616
abb304fc0ce24082d1648134f916bdf5ceb988e0,1,1,0,0.5238095238095238
8ecf64b899792de209704e4fd277d638220d195a,1,0,1,0.47619047619047616
27fb53b39638b905447fb530380525524c622c0c,2,1,1,0.5
980996ea11c751e67a9c29ff2e0cddc7f6d9162c,3,3,0,0.5652173913043478
1c2589666a26957a176d0fe41794de577d1abfa0,1,0,1,0.47619047619047616
4150a123c3883189f42df7961635d25e175e61cf,1,1,0,0.5238095238095238
e09fe183ba52300f1dede165800cc79e65b2ed7e,1,1,0,0.5238095238095238
3aa69e13362858cf9ce4fd5b8f259b3feff841b2,2,1,1,0.5
26d13bea25a97b8fae596ef19a90b6c4b9653cef,1,1,0,0.5238095238095238
218571ba89cf808f33ad6dc0628c08f4c6ff42a7,1,0,1,0.47619047619047616
67f86b7ffc41f55b1324de34af4613b6a85e7394,2,1,1,0.5
78e3181a9ea0a00e2d265a2323511903a61600bb,2,1,1,0.5
723eacc2fe95dd03d16ba89167ff3ee78bb87440,301,270,31,0.8722741433021807
e34c82ad0794b9aefdf204638844585baf5a8c05,65,10,55,0.23529411764705882
c729ee1ff9f428406cb409bea209bc39820aa8d5,1,1,0,0.5238095238095238
b193f55e72138d6c76dd101d0ee836a774c8dadb,4,1,3,0.4583333333333333
1a5169d39021673b6ee51815526e7987a9783431,1,1,0,0.5238095238095238
f8a501788cb581b9febeb416d04a99de7a5dd1aa,5,5,0,0.6
13ab10c703a8d5068c91f514b1457cf3fe2141e8,3,3,0,0.5652173913043478
f6cb60420603343b695be49e3b572da82e78c327,1,0,1,0.47619047619047616
b8741f187b25c82ff26accfb861804d172d82164,1,1,0,0.5238095238095238
f694de1fe8224dcb28cc0adbbac6f0ae652c9416,172,147,25,0.8177083333333334
1ed2e88dfea9bdd7a02b8cc9fb047cd50f96cc44,169,159,10,0.8941798941798942
fd764e8052610a5388459fca81528140fe671436,1,1,0,0.5238095238095238
c7076657eddd52ef5dc8fda720c9747e1837005f,1,1,0,0.5238095238095238
e6f000f92adf2474e95075978b3fc5db81dd0e7a,3,0,3,0.43478260869565216
6db3ff3cb433fa6ab803058d9f74816fd26b4828,1,1,0,0.5238095238095238
48a029df66cf32b9e1fb0ea08abfc44c699d7e1a,1,1,0,0.5238095238095238
34632bb2331ea7702757077d7bdd2765c8c6878e,12,10,2,0.625
9a0d169403b8da67b86ef9368308a62d95d93d79,8,5,3,0.5357142857142857
52c27aecdc43b423dc36a5c296302c1233b07254,2,1,1,0.5
a8e395ed0fbba1fb07664a0696dc8a0e4db331ed,7,7,0,0.6296296296296297
c940a9f9ef2c0d2bcbb623c0da938792fc267e53,1,1,0,0.5238095238095238
6cdec107e22ebfea7d5d4f191b5e66463a059ca6,44,40,4,0.78125
c150fdce5e809bd45ceec9a43a98bd05920221a3,1,1,0,0.5238095238095238
6221d9c2e04fc1b2c13dafab008517d73f0841a8,1,1,0,0.5238095238095238
5584b3edefed5c31761be57ae056a798bf0cf787,2,2,0,0.5454545454545454
7f46d8d55dc29fda37da4a940a608d5155c3bd9e,6,2,4,0.46153846153846156
f7fc975da622de18f486981aec6473e644c28e85,1,1,0,0.5238095238095238
5e48f07cb5c1a251c5d6f9d67e97e7df0eac61fa,83,56,27,0.6407766990291263
a068c459381a0918d38da7e438e4302685a6d6d1,1,0,1,0.47619047619047616
f0d0f3fa0d0f76c2aa6e65ef33c811031061736e,3,3,0,0.5652173913043478
215009b9f9e7413d4e1ea583b6bd94a80fb8b576,14,12,2,0.6470588235294118
93d6b1aaad26807abb593d3fee3f6fd2d790c89b,1,1,0,0.5238095238095238
aa525484d0bbc161f1a358791b28ed95d32668c1,1,1,0,0.5238095238095238
5fdf7a973e8cff36285a7f66779d1da73c77649f,1,1,0,0.5238095238095238
0f85aabcc2cc76bf00e2412678a447ac32254019,9,6,3,0.5517241379310345
44c99f8507e39ba18ae96342e4ef81ffa14f4c04,10,9,1,0.6333333333333333
9afb94588fd3d16d68bf19ff8a803ad374eb8ad0,9,9,0,0.6551724137931034
c24900f9a1c3b9a1d34859e5b85624cdf51ccc7f,30,23,7,0.66
6ebf5c684524f292ae34fe1495e04dc254b9a68a,3,2,1,0.5217391304347826
73511d2529ae0ea044ad77108bf6cd27db4cc224,394,247,147,0.6207729468599034
2d30411a7787eeef030566f082e040e005a61461,1,0,1,0.47619047619047616
368f93f2f769298f79ee7ea00707f398d30e4e88,28,20,8,0.625
1c0b51a2ff3ce5b9d43703f0ea4772d5930ac680,1,1,0,0.5238095238095238
4ff8803d26d6bc62a673c84b75305a432de18052,1,1,0,0.5238095238095238
f94043b5b0e9c60b19e02a87c399458a1b70bf8f,177,162,15,0.8730964467005076
4e4ab4bf1a20b32e73ebd6be92fc1817df4aa867,1,0,1,0.47619047619047616
f4f28f37208b9a08bb421f3f090fd05b264a57b6,2,2,0,0.5454545454545454
652a2001d211bdc5a7ed43f87780482fbcc9e83a,19,10,9,0.5128205128205128
f651434c023bacf8c829aabe6090fb129b7d690f,1,1,0,0.5238095238095238
71e1f9107a799125937bba1330110411f3ae4942,17,13,4,0.6216216216216216
4996aed3c099bc3fe7d90c09c99a7f8fd371fb33,4,0,4,0.4166666666666667
f6cc51af5d978cba42bdf00158d5a38a8a393261,3,2,1,0.5217391304347826
59bdbd3a1f6df297e8ecf1c600c5bbe9b8b919a1,3,0,3,0.43478260869565216
9eda819a86c132d7c3203d730159e39b71099678,3,3,0,0.5652173913043478
9e194b89dbe5be482e97ca4e2f5b9a80f52a1413,1,1,0,0.5238095238095238
512e8d0ce9a7c2f955467369a10839c970abf758,36,16,20,0.4642857142857143
aa5fbb21c41a9336a580695f7123758ad2fa05de,3,2,1,0.5217391304347826
b3755a8cba9e9c012c86f20c5e02a4d85f592d9d,129,121,8,0.8791946308724832
384cbe0ccf58067a1b3bcfd201a994675f0c4908,11,7,4,0.5483870967741935
4d30f3bb8f601cf1f818dd1cae1d490d23ddf73a,5,2,3,0.48
73723d14cbbc02fbe6a69087dccb2830b23dd562,2,2,0,0.5454545454545454
240c45d53a1be9d18d1d9cb9cd6683cfd6028b70,1,1,0,0.5238095238095238
a06ecdb17db8ca4a513b57ef3be3566d4f0916b2,17,11,6,0.5675675675675675
80f263aa70328049c860bde8aa85ed0d4fa52d28,28,9,19,0.3958333333333333
139c6b02de7d342f93809ca759349746e3299923,2,1,1,0.5
24b0b6d1e962e57c4d2f702cc561664ff15a618c,87,69,18,0.7383177570093458
c5898cce7a512b0c1c23cf1cfe3fae6b5759e379,4,3,1,0.5416666666666666
3ecb982b0299347fde48ffdf9feec4ccec8839db,2,2,0,0.5454545454545454
8a449b5d7a4663cca757d7e8a83a8e699f52d593,1,1,0,0.5238095238095238
6ece18c1b789d51bb352ac7e6ae17df7c8338a1f,2,2,0,0.5454545454545454
5c64511d7d840f131ecbcd33591e9bb8790ac84c,2,1,1,0.5
736bac8b15b456b7a50f083fae28fed0dae666ac,1,0,1,0.47619047619047616
ec0204a4444d4cc27aedcf9ab7c56884d8d7d5d2,1,1,0,0.5238095238095238
410e96a3e08579ef7d802cf46814973f0a1b59fa,2,1,1,0.5
93cfbd95d1e9c51ad40aaefa4f671364894e999e,200,147,53,0.7136363636363636
fb89c356ad825ad1faa88a7440ab614bddb3e5cc,1,1,0,0.5238095238095238
a4df281f8b891502cd03a9e11458b7f0da428518,19,13,6,0.5897435897435898
78b4c6d3b2885bd2bd948f3066e1669f24fd7a02,1,1,0,0.5238095238095238
1a3ba62b75ca558835a889c9761b0a644363030e,2,2,0,0.5454545454545454
e55487c39b224984b61a88b66df1dcea7aabdfc7,1,0,1,0.47619047619047616
14af9f835f3a53b8a2b7ac9a5b30f36d1898b713,89,79,10,0.8165137614678899
e4a3f39f699dd21f57aad7e0f909915e48f9bb83,6,6,0,0.6153846153846154
a262c78a30bc10132070b51f93e93e61a198a9c8,17,15,2,0.6756756756756757
39c1f7729c9a2493d85bb87ec445b313384a23c4,10,3,7,0.43333333333333335
a92cacb7e776817b4f7cb1ca8e2bd9fd374598ba,1,0,1,0.47619047619047616
9faa011d079fc200d77d61d0b28cfd0b1c2c9126,2,0,2,0.45454545454545453
f28cb306cde4d44f7090cdfe6632d19427d88cce,5,5,0,0.6
8bb854aaa071363ecac621669bf6dbe17fb8cfb3,4,3,1,0.5416666666666666
fbdea9b9c84b4d51770bc609a1532570d4521b9e,1,1,0,0.5238095238095238
fc2b965308ec62e642dab55c27f87dc44fc7a8b7,1,1,0,0.5238095238095238
086b3c2f7de0d5d00328acaedd6e4382ad9ebdcb,3,0,3,0.43478260869565216
2dc38e8b9ae22b827e6927dac3e082d2b75dbdc0,1,0,1,0.47619047619047616
f8ac27d4e953d372c5cd2cf9fe9af28364ebc632,5,5,0,0.6
e9714c8b7c7acd5b2e39e3c1de2b448ae6602661,1,1,0,0.5238095238095238
a393471dc7f67148f8c0b9fce1b792662a210bb4,39,34,5,0.7457627118644068
32ef4f16eacc9f4a169db03a7ed950ec37e40832,1,1,0,0.5238095238095238
70edec03a35ec78b3be379153d6ea03f531bb57d,93,36,57,0.40707964601769914
d7388432e98886560698b0a896ee25bef23fee75,5,0,5,0.4
350f4cda7822561678ef18eaab0d75f7406f97c9,7,5,2,0.5555555555555556
780aeb158c8a5780abb4019d0841fe49fc383dc5,17,10,7,0.5405405405405406
914dddf5106214ed2cdadd6825bce0388d44a372,2,0,2,0.45454545454545453
6bf792bffcc1bf01c434d1e2744287dfd1794de9,1,1,0,0.5238095238095238
25535932a3a20f340a1669827357b762b9e1d312,3,3,0,0.5652173913043478
a72f04f07461c455f7eeff84ae2863a99bcfd041,1,0,1,0.47619047619047616
90f95fc88b9f013dc294cc3723d02e8944236765,1,1,0,0.5238095238095238
7c593edca0ba339fa36c9fefe564c0d23213d917,6,4,2,0.5384615384615384
5ecfb7869b235d1813975d4e774968767c883993,39,27,12,0.6271186440677966
fb000a953444f963fb4fcd2b517dce5c03c05d23,18,13,5,0.6052631578947368
0b60f06d91aa98530ba01e68eb63e3079cc0260b,3,2,1,0.5217391304347826
b4ad4717020aab876b27797810cf78c467a44f7f,35,30,5,0.7272727272727273
b6b319ded67fb4c4c208e5fc9e2916b14cb26415,9,6,3,0.5517241379310345
244674d9220f728fb8066c5f997cb947e2e5d71e,1,0,1,0.47619047619047616
2b97974e94820a456cbab9f59465d2afa1d1e188,44,21,23,0.484375
dc524943ac17c012ba6c8eb78fd2257f77d42c1a,1,0,1,0.47619047619047616
702358fe194b4d141d496e7987e7b4ee02f53d46,13,12,1,0.6666666666666666
ed0d4bddbe134f8470e5ab39765d6f1452c4087b,8,8,0,0.6428571428571429
ea8ca3a04b1d6e76a151781f3aef374a800500c7,2,2,0,0.5454545454545454
48a5670bc65db50ff77078d782423e16dbeedcd2,10,8,2,0.6
1a2b9c38e14ecb651bd3ffbc57a09408a64168cc,2,2,0,0.5454545454545454
87ba9d25ce28ec9f8c7eb0847f844eae874d4d60,69,67,2,0.8651685393258427
df7ee99a41bc41b43a35d30ab455275fd0fb2b3d,1,1,0,0.5238095238095238
93e48f6076c15c93a0a43e0e0a9af422a0089afc,65,51,14,0.7176470588235294
0d12cbea99e2b571a68a233fbebd233457762286,1,0,1,0.47619047619047616
e955c8aba3deaf774fa26dd56b017e865464d1cd,5,2,3,0.48
adb61c5f0f633ac8a10fe9e8faeb4803d1ba1315,24,16,8,0.5909090909090909
c94d23e80bad801aac3511c653acc8726fa0ff3d,1,1,0,0.5238095238095238
ea740f6b5e29df8d8b208a2fcc1549b5cf7ddbfd,10,9,1,0.6333333333333333
3ff09e7622be094488a34a3bb793054320726a7e,16,8,8,0.5
547742a6337f74a9bd8f602b9928e594c26d2ff9,17,16,1,0.7027027027027027
3abc511e8cb820ed19f119b5cfbcbb7dd552a24d,1,0,1,0.47619047619047616
08928864e498aa641b4fd4cfbd59911e0225eeb7,4,0,4,0.4166666666666667
047dcacb1d9874d47852ad7f60b121192605d8d3,17,15,2,0.6756756756756757
aae594fc4962e96b8521fa2e4ed1cbc481ce894a,1,0,1,0.47619047619047616
cc739bf4610f8b0b6fb15f861b3276a961bce3c7,1,0,1,0.47619047619047616
7e14ef59f1b16e02f04477eb34516edf94d15d99,1,1,0,0.5238095238095238
70d1cad853ea2f1d0e7e3e867cbaad89723f8b5b,1,1,0,0.5238095238095238
a11667ec89d2394d4e3d20f4c51ca532e06a80a0,3,3,0,0.5652173913043478
e4e56b3b584f2a59c0147a256c97e885c2bcbef6,2,2,0,0.5454545454545454
fbe135d877102ddb4cf4f538d064780b084818f0,2,2,0,0.5454545454545454
0e59c84cfe5ba956463062d4dd0d78a0aa9365cc,9,9,0,0.6551724137931034
14afec716bfd701995d356b093510c7e8e3682f1,1,0,1,0.47619047619047616
6924235451901d102c2fcbe0651b5578897482be,1,1,0,0.5238095238095238
c08f69b890f60336118a556fae9f6460e98bcecc,8,8,0,0.6428571428571429
7ecf04f408ce139e19c94f4ae64e41b4c517ffa8,15,13,2,0.6571428571428571
c90befbbfc657a6214a0358f17cdea22d488892a,8,7,1,0.6071428571428571
2d9857e9a8a1202b7158a2bbd22e9ef49d962e79,1,0,1,0.47619047619047616
7ae10bd05c93cc9d3f561c1dda380fbfe25dd538,1,1,0,0.5238095238095238
8abb5352711b80b608c6263516942a7bec7bbb95,1,1,0,0.5238095238095238
6fbb602ecb4c12ac3e4fab66401491b1cc25f068,24,22,2,0.7272727272727273
a1474c89d9ac608353dbdd0c698c4d766b5ae5a9,2,2,0,0.5454545454545454
1f6ba89e79aa49ab63ae55c14eec6fbd8e2209f1,22,12,10,0.5238095238095238
126c2e3d273e5c38f5eb620ba8beda271854cd10,2,2,0,0.5454545454545454
9b9493cae1bbd09d2f73900b803494080b5953ae,4,4,0,0.5833333333333334
87e204883c5de0fa492d477c3dd54e6e26c2b87c,7,7,0,0.6296296296296297
ee49f87d3909f752468238b02559b4432f9df3c6,3,3,0,0.5652173913043478
37166437311a40061eb9821e2cca57559be80ca4,1,0,1,0.47619047619047616
00a11343175937ec979128a06fa4c7b8aa519cfb,1,0,1,0.47619047619047616
65082c0a05bb8a85b1972636991a2c7e8c56f780,6,1,5,0.4230769230769231
fc3e7c5e19260ca476f81212f63af03b9af4e959,5,4,1,0.56
3be2da2a8418ec4d975c6641d6d5781bba8afe49,24,19,5,0.6590909090909091
ef885a4726782aea037d3a9f94af8f5de5574a66,1,0,1,0.47619047619047616
dab4a8aab7dee34f47dcdee037c1fbedaff49c9b,1,1,0,0.5238095238095238
37f235e678ca6f62e3217d89a31c960f9be3c9d7,6,4,2,0.5384615384615384
38c04413cba5158a4f6d5a52441728415773faf4,6,3,3,0.5
c0b3fafcf732ea1a85f32c73c7034279c2e20a9e,5,5,0,0.6
c1857f85063d9aa48e9b9469e84a1870f48c04cd,30,24,6,0.68
403a4ed5fb53a2ba5241f9469a35759b86bb0aef,1,0,1,0.47619047619047616
bd5b9aac5683a1d7a78477ba44ebe9e44e5effbb,19,15,4,0.6410256410256411
640378673998073076a6be3e87b859bad45849c5,8,6,2,0.5714285714285714
e797477b631dd233fa2e36a6265de9e761c681af,1,1,0,0.5238095238095238
fc518896db9b8ec24f83e9a08c055fd679b589c7,28,22,6,0.6666666666666666
b8b6353d2b559515b1dc16915469c9015c3ffde5,3,3,0,0.5652173913043478
443193ed22960e48067dfe3d327c41776c3ce8df,1,1,0,0.5238095238095238
8924b038a906dc13a259fe9c3e40bbdc5a7d40bb,1,1,0,0.5238095238095238
a93778fd75f3f00500b71ec8ae043d7615d30f62,2,1,1,0.5
586c8e78575b83a6e17efd3e2eaeade9b3c4559d,1,1,0,0.5238095238095238
daa584c5fd7ef341892418cd1beab41a5c9be484,4,4,0,0.5833333333333334
fbda8bcb5822e46046a53d6e5a31779ed8a55a21,1,1,0,0.5238095238095238
b7324a512845e1977fad977cf11a11ae421d2741,9,9,0,0.6551724137931034
5f4d5d320de3ee3ad42ce1638825444926f934d4,55,47,8,0.76
5ef4f5bc42246fc2ed00a8554ab270242c379574,1,1,0,0.5238095238095238
f4b2101085f2efd5c0a77c9c5ac14b79b330d603,3,2,1,0.5217391304347826
512caadfd0bf10b9820df2115bd66f47aa376789,1,0,1,0.47619047619047616
1dbe69096552c987264dcb51131d4b6e0a8bde8d,10,9,1,0.6333333333333333
1135eb962f35a182443c9de5cf4e8baa66fc0d03,1,0,1,0.47619047619047616
406a522cc5b2cb15077f1418702c6f767e50bf39,15,7,8,0.4857142857142857
1a4c6012370923f0671507286d0c8779e873bb31,37,22,15,0.5614035087719298
00d8ce230b561f1ca76e526e503f112061bcb299,5,4,1,0.56
ab5b1df99641809a93888523444c629abc3eb7c6,3,2,1,0.5217391304347826
58df7528358127b47937f430438f03c384c0d4bc,2,1,1,0.5
70eab146f53fee32ab8c5455106e4a73d9c024b6,2,2,0,0.5454545454545454
749ec93d508d4910a27a6e69c571f5355d541670,1,1,0,0.5238095238095238
4b9a9779dd15696d9b43ba7f82431258865c83eb,1,1,0,0.5238095238095238
88849f501726f40a9ea02f0f1055e39319c75bfd,1,0,1,0.47619047619047616
61b099e753882e7fe37ce1603bc7a4b7437d6745,1,1,0,0.5238095238095238
139d0ea43026d72985405bf3afdf143bd3bf8384,1,0,1,0.47619047619047616
6160109580631bcbdc9b4cd9271763dd96a46338,7,6,1,0.5925925925925926
16729bc22ebaae592cabd9c19618889e10fb2bae,52,30,22,0.5555555555555556
b29b669bdc6e63e9345e9c091ed2aac3292e6e2f,6,6,0,0.6153846153846154
9ed51851f13382b8edc4ba78122a7f9a52a0e8fa,1,1,0,0.5238095238095238
cb1378f69b9d78041a5c296a18383dcc6df2de9a,4,4,0,0.5833333333333334
6578ba734bf75b570837f99f09098edde0f8fafb,36,35,1,0.8035714285714286
8d8521c6aa981c02fee8f98cdbd17991bba52524,19,16,3,0.6666666666666666
fcb04bdc53717950df896e9d1a48bcfa6b1a9c4d,1,1,0,0.5238095238095238
77f412146cc67d92b3daacac62dfb214bcb3ded4,1,1,0,0.5238095238095238
090851f84cfdd61299b63ec8e5c81d6364ced09a,2706,1858,848,0.6852531181217901
acc7339b5c112a3eb9fda9529649dfd68d0fdb96,22,20,2,0.7142857142857143
9013b1fda0735699e3601494e8a1e524e97956f1,20,19,1,0.725
91915e5b57a8ba30db99e1469741d70bed081c88,3962,2910,1052,0.7332998493219488
6f2fa239ee64499cd02429b372002210209a83cd,1,0,1,0.47619047619047616
cc8776fd50247c13bdd6e7ad276c7b99f6ce39fb,2,1,1,0.5
5f9c48e645816af8b3fac4e5ebcbd12957bc4ed1,1,1,0,0.5238095238095238
b4d70142b49248ec08ea5df31f69180b69cf6f0e,2,2,0,0.5454545454545454
90d8a2a04d4d23d75f22681459c929791cb853dd,4,0,4,0.4166666666666667
56a7bbea31a0d64795e17f1c123d5df500c0c7f4,2,1,1,0.5
2de04a262d648f84ce2eab1b8141b468bc5cc989,1,1,0,0.5238095238095238
e4efd9bb1dea5dfe1b5cf513f4e684ea2842b75b,2,2,0,0.5454545454545454
5fd88e36f9856148d425f496e539ee43ba12b32e,1,1,0,0.5238095238095238
05156e94be3b2bedbe757bf74288e30e77c52ed1,271,113,158,0.422680412371134
a237cebc84b4b938ac5fa4a8e75a6a431ee0cf50,379,185,194,0.48872180451127817
330ecc92d39945a3ecece8f9dee14942c47ae805,8,3,5,0.4642857142857143
4b01fc1d704303bc82466f2e4b680e4028013266,3,2,1,0.5217391304347826
0890ae8029ae3998e0298ee5ac0686586d15c55f,14,1,13,0.3235294117647059
f41af67e03f69c591a3590a57eb7f45a4936edd1,2,2,0,0.5454545454545454
8e940106c5c199d8e491c94e0f2d1e060cc95696,27,19,8,0.6170212765957447
a685dbad30cdc83e130582799621c319d0d51471,2,1,1,0.5
749eb1560ad20d2c54fcad1d5305a2376de9d56d,19,18,1,0.717948717948718
bad846030abbc1fca3eb3f4c334be534bc0c9150,3,3,0,0.5652173913043478
4039d74f9adfd549145f20c876ffb980f439e853,1,1,0,0.5238095238095238
77d6c7b7d916ceea40c85af6dfad18384ae6acd6,3,3,0,0.5652173913043478
02a645da47c5d983762d9a10dc02a44e0d3f70ef,1,0,1,0.47619047619047616
fd605daa6e8c9f60df78ed5f6bdd7592345a1ead,39,37,2,0.7966101694915254
037bd379e18adcf65a0c2cfde264a8a9889a71e7,1,0,1,0.47619047619047616
2ff7918dc44016285386a629cac43920d6708a43,27,23,4,0.7021276595744681
6c0c485215daaa06ca1197eebd233c0a81bfba94,1,0,1,0.47619047619047616
d2633d4e7bd2855428fafaf45de9637d7cdbf0fa,1,1,0,0.5238095238095238
084de95d4aacee620f0df6a4d8ca5204c05ab12f,5,4,1,0.56
92aa532ab385f45869f698828c4b2d7aa6e073c4,2,1,1,0.5
cb078e10dcea50d43a4cd6d2b3642a294793d857,1,1,0,0.5238095238095238
0b07107541b0c7e2d37e088f52da9feca3c0056a,98,61,37,0.6016949152542372
41d0d9f6ee3831f9c24c85c0b1aa9f7f8f10930a,1,1,0,0.5238095238095238
9cadc818d949a524e3f5c3b2b25cce7b80b0a5ae,3,2,1,0.5217391304347826
bf830f467d529525f53f343ff44149c8346b21a5,21,11,10,0.5121951219512195
39711039a966ae7ac9388b0282299a55c5da7a03,4,1,3,0.4583333333333333
e99217dbdec639f46e9936e74f8da3b8001e00a1,2,2,0,0.5454545454545454
93d7763f5498378d1a57fb6dd7aa9d4682c7d926,1,0,1,0.47619047619047616
546c761cf8d09aaa664dcdeb5790ab5a8081e1f5,1,0,1,0.47619047619047616
3c4631fcfb65394544bce79bdb3d98ccdc97482d,41,27,14,0.6065573770491803
e3f7c089843f9d7dc9be1be12a8e4741a6be5821,2,1,1,0.5
03e1fa70a2e3d86baa05fa86b0186b1593b59d7b,1,1,0,0.5238095238095238
f440c269e2a9cc7988d02c676a70f65dea74a7db,3,1,2,0.4782608695652174
45ef31b3d3c08ad7fb219a66906446e0ba383ff4,6,4,2,0.5384615384615384
4478859499483f63c6ba52b97ca1328f0b445526,1,1,0,0.5238095238095238
263bf039585a9114f726c3b1b262c9d0b21a567c,3,2,1,0.5217391304347826
30862f0d2040c1168c5e01d69330a18082bd0f4e,2,1,1,0.5
6e39c442cf5a5f060b8b878bc6f563b125c45aa3,1,1,0,0.5238095238095238
cab5aede235146b86ac6c25ded8d6ec39ea15fb2,208,148,60,0.6929824561403509
ffb7fd323fd51aba7a64ab10e74f768936813593,5,3,2,0.52
fed0423a404a700817eba01eb86528e0ec79d8f5,1,1,0,0.5238095238095238
c02583ec934c229b045980b4bf2f8c9c73225fcc,1,1,0,0.5238095238095238
1bfeca1570574bdced30029ecb99ebeffffca51a,4,4,0,0.5833333333333334
bb5a66f1f177c14d8e53add576f7b168f3c20e90,1,1,0,0.5238095238095238
4392c1a3344c84cbcb6212a67fa25d8dbcc994b8,1,1,0,0.5238095238095238
1a4298a7c3dea2247db5d128afff45ee442cd745,1,1,0,0.5238095238095238
f8cb2bcb3973ed5208bde0bb43f3203331be482c,4,4,0,0.5833333333333334
f458a5365a0b506eee1f2aa8bd191e1aaab6f9c2,672,506,166,0.7456647398843931
c3fc94fc15f2e13c700e7841e07ad372dd06fd1e,1,1,0,0.5238095238095238
06b2c80243fb31912f0571f825410574cfffc9a8,9,7,2,0.5862068965517241
87af2335ca9201cb564d7a261cfc229dce2ebf98,1,1,0,0.5238095238095238
ae2241c99bd0d2a12a9a9e304c6d9ff6be3ce83d,1,1,0,0.5238095238095238
7ebc10117174f548b56ea4fad42934f49a42556e,2,1,1,0.5
a601b0ae91b9bb2cbd892842049c61d94a6a9dfb,7,6,1,0.5925925925925926
ff7ccd9e087ac1d5ebf75921e8748a879a0f0791,1,0,1,0.47619047619047616
98930c2d67f825977b529e48e9be4641c79556c2,548,424,124,0.7640845070422535
2afd827abd59e584ade13aee9d0b4b8ca749ed05,48,38,10,0.7058823529411765
ebbe33b86949ef16f3246adbe5641d77d0429d31,1,1,0,0.5238095238095238
9c79424a70412b2e0f13c3368c08e2af2de11cfe,2,2,0,0.5454545454545454
036b6f932df70845e9e8c5c5371050cae828035a,1,1,0,0.5238095238095238
9df1a6bde2e33b3e2156525e0638fe2ff3d84fa0,3,3,0,0.5652173913043478
8b25dfbe71f216a57cfbe0c56ab5e57f0af630f9,1,1,0,0.5238095238095238
2259a33963341fe9bb84ddf735ea9f5ff1faf888,4,3,1,0.5416666666666666
718b234a40d65beadb436bea87882d61cff4cc31,6,6,0,0.6153846153846154
fd9b2b9d1e5de60d7f3987e5675a142da4f75a7a,3,1,2,0.4782608695652174
19e9a5c6b640f6a008f12af4510931efa974d19d,17,13,4,0.6216216216216216
3097b304b6fa9eb8e8fc2c131afde7434b01eed7,1,1,0,0.5238095238095238
deb9b0b5e02f8033e5c4c318c6ef286627287cab,1,1,0,0.5238095238095238
1a57c2e04ad8dbd6a22f5f981e43145a21763e93,2,2,0,0.5454545454545454
ff81010b21887170f839d9d212fc75dfb6de43e4,1,1,0,0.5238095238095238
621cc44bc3c341d596453804e634fd288e719420,160,150,10,0.8888888888888888
fb75e59c4c2e36ea5724596f34a054f89c2ee9ee,1,0,1,0.47619047619047616
bc0dfdd6299bb42009ef135cba077fda8dbfdbd7,1,1,0,0.5238095238095238
3625be6419b520ad5209077ff7fe2df9f3856169,4,3,1,0.5416666666666666
dbfcbb9c682e21fd73395ef1e83cb4eb696bab27,1,1,0,0.5238095238095238
febf0f1a9c2e0cf36854aaa915b483b0844751de,2,2,0,0.5454545454545454
d669277929419e6b7354de3fd328e25693917a64,1,0,1,0.47619047619047616
d622e6b3c9815c59ba1f37698ecf4e27f93e6a13,1,0,1,0.47619047619047616
68d4ebe6491596ba56f8472406fdab08ca511d13,4,4,0,0.5833333333333334
021826ae2bb9039550db428a0c42d6e7b2aed8be,1,0,1,0.47619047619047616
9fb8fe9b14da191b1a408ad1086ce0a2e966c9d1,2,1,1,0.5
2b2d954af7cfe2feda51cdb5a65a07f8420f57a2,1,0,1,0.47619047619047616
bef312f259692be0690903c768475147c3a6e1fc,3,3,0,0.5652173913043478
086fd27311380e071b6aad49d213f86e13394317,73,28,45,0.40860215053763443
7b089fb7e20a860cff53bc8d11bc8a72dfdb882d,1,0,1,0.47619047619047616
a71f221c44c7da1172e800f6c729ed5d2b68c962,8,7,1,0.6071428571428571
4365e2c46d4d92b5e5229943f51f5566f5550ef1,1,1,0,0.5238095238095238
c2237afd141abc494d08ef73a102f2076fc0cc62,482,392,90,0.8007968127490039
e5c8667307b8f69ad9f031828486c5c323097d3d,167,152,15,0.8663101604278075
cff5cd56cbdb391fc171abe93526abfc3ff2fb3d,1,1,0,0.5238095238095238
babf7930ea15d0c5ef040939755eec37e437969f,1,0,1,0.47619047619047616
20fa96b4d385a517dc2aae3d9e4e324f17091f06,1,0,1,0.47619047619047616
9e5da467d03beae2d00a1035eb97d743eec1594c,2,1,1,0.5
daf9b4b13259e8e9c2a0d38041586cc804c8eb2b,1,1,0,0.5238095238095238
43ba0986042fbbf6eb3d9eae5cae699b87234adc,3,2,1,0.5217391304347826
df4137b8764b3c1458ece4562c5a9209b3f7ec84,7,6,1,0.5925925925925926
55ba2537f9a7ad24694f93747ef3b069dbd977ae,14,7,7,0.5
da100c2839b3433f729cc06107b987b7c4da6280,2,2,0,0.5454545454545454
031accf2346bb1cbc6d92e1a084980282240653f,1,1,0,0.5238095238095238
f67fdb04c324f46b6509da37b76ce8f1ad8b0090,2,1,1,0.5
1076cd0f44553910be091a3b97491ceebad9d466,8,7,1,0.6071428571428571
a6fccc0d1d8da89d06057ee19ef2d824189d25e2,1,1,0,0.5238095238095238
0ecf3c20f8e89a952d5414ab86f2315fdaa0d270,15,13,2,0.6571428571428571
7eefbda712c05dde486dafb194e1404a2bdadf89,18,14,4,0.631578947368421
bca91c6b8fd0b551291d84af9d91a8c6ecc4e485,12,8,4,0.5625
f813ad17a28877d6fefb1a0eca7f8e54862106aa,5,4,1,0.56
be700b93b33484904cec67b82aedb2e30712f532,2,2,0,0.5454545454545454
b42e225eb3344cf55519a45a69c62a7c5d6ca3e8,25,16,9,0.5777777777777777
93f249e77d3976b68fea21015c6c38f26178c155,1,0,1,0.47619047619047616
e85935a8d9bde70a95942f72c3e89efd9252b0ec,8,2,6,0.42857142857142855
032f7213f1e186673887abf51c6733be8f9565ec,1,1,0,0.5238095238095238
8416c5f985897b936a2cbaeef728f3904e6e0a63,1,1,0,0.5238095238095238
2debdfdb5cc28b248066d708061122b458346364,7,5,2,0.5555555555555556
6df65b5911e5a5d343232b089ca92e5a6fd8da64,2,1,1,0.5
c11d3cb6252ddbbeaefe05b696e4530f4eced8ee,1,0,1,0.47619047619047616
4fe1763766461bc6a4e5a53da46191a080ae3fe4,1,0,1,0.47619047619047616
a4306e6736a475148d886b1dea1f1acd70e908ef,8,8,0,0.6428571428571429
a405ec9a075949a8052ded20d9065de36fad13c7,9,7,2,0.5862068965517241
21bd4c4fd2d70d4331edfaf7febc1533fcf7db37,3,3,0,0.5652173913043478
ac8986a93a6c1e021dc3db2a83b487a85b1175e2,4,2,2,0.5
c514e90afbac30dc3ae9eb99c2cd2889ff7a715f,1,1,0,0.5238095238095238
1bd95f00c9f97366ca883c30f3af43f581c1bb82,23,9,14,0.4418604651162791
7240fc9fecf4b52c2fce31ad2374ca7133378853,1,0,1,0.47619047619047616
51031a262596a7639870b01efb879340dea8eeea,4,1,3,0.4583333333333333
4849e996fd63995b6ed999c0950ffe5a15df21b7,1,1,0,0.5238095238095238
d75e4b2bf5676761d42d93449c7a8bb432f82485,1,0,1,0.47619047619047616
f1e49b66ee4cb40201a612c64e06cef60f5fd9d1,1,0,1,0.47619047619047616
5110850cc59f6e68919f23f83bda7ae538c444b8,3,3,0,0.5652173913043478
c7ac38333e648bac2d3fcc10703af01834507255,13,12,1,0.6666666666666666
71892e027a838039ebf7f005afaaf7d51e787364,36,35,1,0.8035714285714286
6ca50b92fe41ced54db90c4c1021aea3433e2b36,15,13,2,0.6571428571428571
ad14e97776c80d5d6854afed05c43f9ad00ada36,1,0,1,0.47619047619047616
a1b3f02ce07a209c28f4e922d0ca4b6d015878f5,49,29,20,0.5652173913043478
4f17717d1f7142e841f4ece736df1658f7021f65,3,3,0,0.5652173913043478
b1af3f0252dae4727072a331349c8ec47831f496,2,2,0,0.5454545454545454
bf9a2f4e5b758a82440a8afaa0bd90d56e01f7b8,4,2,2,0.5
f5ecfe87dd197fce1200552aafef670c47ae8e56,1,1,0,0.5238095238095238
7f0ee9730b22a3e9f86f94187ea7b3ff2eb2543d,4,0,4,0.4166666666666667
2f5578615b50076285a2f545b8b41fab578cda65,3,2,1,0.5217391304347826
d059f24bfb6811fe5533d7edf9e7076c04a768ef,2,2,0,0.5454545454545454
743b520fa8832ea5d255bc766801f323da39ac14,1,1,0,0.5238095238095238
5572b3024ea2a5b7ce828a23aea7eb11d1298455,1,1,0,0.5238095238095238
489042da64be0b8a32fc69a26d0c579a457a1b58,129,112,17,0.8187919463087249
f360a5f4698cd32e159cab517ed63a72d83a6301,3,0,3,0.43478260869565216
558353181800799c1cf80cfc4c185937befc0159,141,91,50,0.6273291925465838
afa85b9f2be90fb8c9aac23c96ef2c902c5314fe,3,3,0,0.5652173913043478
a5ad9bd6754e559b359d7282fe7e7a0318a01368,13,10,3,0.6060606060606061
26b54361e9b90649e975a32c0b9088e3711a021f,4,2,2,0.5
44eb3c27d778fcbb0b755e5eb13a955c7f130164,1,0,1,0.47619047619047616
7481d2e5b1c877174bcbff5abe89ac366b589d67,2,0,2,0.45454545454545453
e39e9783880c5c419445a6df9c7ce8723212eb0f,41,28,13,0.6229508196721312
26dfa029f00c31f2b7dd6d2af4918c0b1900987f,12,9,3,0.59375
e1ba465a238a9dbdcae764efa47edfa24700284d,10,9,1,0.6333333333333333
4b981b7cd40118fcb95817379be04e5975a7a6a6,6,2,4,0.46153846153846156
a675260922227cf7b4812155d9217c49917c356a,14,9,5,0.5588235294117647
90c8a4f549f3d29473d320d85fa36ffe9a49f06d,1,0,1,0.47619047619047616
4d57173e1cb965ea0bb6b73f1e170f24e4c4b0c9,12,12,0,0.6875
8d24a90b1e8f5faa9bc8f2e136977781ad424c6a,1,1,0,0.5238095238095238
f53945cddca10f561d79ab2dbfd8e102070e59e9,43,41,2,0.8095238095238095
3016e820559ae774ac0ffc0eda714921bf03972f,86,75,11,0.8018867924528302
f0eeab41d9bb150cf55224e00d22485c344af6e1,17,8,9,0.4864864864864865
f3e314baa1a240e336340d53bdb86ced2905fc60,23,21,2,0.7209302325581395
69cc29d8a55fcb7ea752c4278e3edb684911dd12,81,59,22,0.6831683168316832
58e905dcb802052a60e06b3ee5a927590bd6af31,2,2,0,0.5454545454545454
2608baa1f68e4c2b3ed308bf876180a19f404946,7,6,1,0.5925925925925926
a124a9387eaec75aa8328993722e3486f7ea4d2e,4,4,0,0.5833333333333334
b7f4fee11aeeb01421408559248521868ac7ca2d,24,21,3,0.7045454545454546
20e4c0bc0fe3a7c80ffd6e03f76830231b183cc7,1,1,0,0.5238095238095238
2a3a849922737632420b1a7268ef519eef7162a0,3,2,1,0.5217391304347826
b095d070f839b753f0daaab8496c07574982a482,1,0,1,0.47619047619047616
3f9fca769f3952e33b7ce1e95de6bff0d8b1f889,1,0,1,0.47619047619047616
7a79719792ee9c94a39d3439c8322306590413a5,1,0,1,0.47619047619047616
affd246b2a9890ca641ed8508f2d1a080579e073,3,2,1,0.5217391304347826
7cf196487641b0a399fb242ffd3c1d3e0db060af,171,138,33,0.774869109947644
be987dd60862419bf616c373bf88defc609b8892,1,0,1,0.47619047619047616
b3f81c03487f7d7ecffc30202bbd2c50d207e076,29,25,4,0.7142857142857143
8f83981034282910eac3b0df03a745ff3801c6ca,334,162,172,0.4858757062146893
9efef3be82cf6d5248a9c9edc74b5fe90137d7d1,46,26,20,0.5454545454545454
33c598db33b1106fe2fe654bb01d28c1a40c5bdd,31,22,9,0.6274509803921569
2710ad3876079bb5cb42b5719c6d0995da6c6a30,7,7,0,0.6296296296296297
9a5c262fb7adfa3732818e38ca72c46e6a94e4a7,1,1,0,0.5238095238095238
99d6e52e37aba501a6f0f68fe96b5bad75d3ef1f,7,6,1,0.5925925925925926
9e82fc1ea861f96361491d8a6a990b0a2458c574,1,0,1,0.47619047619047616
5e80193b6704013130487d63fa230f1d15ce6aca,1,0,1,0.47619047619047616
ad9bf0020847e4834bd1f0f886d45d1fbca63e68,1,1,0,0.5238095238095238
4452425b2e4ccb06eeeb1167adacab7a3c446c0d,3,2,1,0.5217391304347826
5ec7a77df192199a6e93a0c813b67ac97837aad6,35,35,0,0.8181818181818182
010f41b95a5d4f46ad2b76f4f9dabb5131f8a692,9,8,1,0.6206896551724138
6fcbecd19f464e47adca7f5b50f09fcdc8309930,1,1,0,0.5238095238095238
3d3c78db9a32010d54e0d06477002a50354fec85,906,820,86,0.896328293736501
18b7ff5a5b1f980a261a52b1bda2862782d2f36f,23,18,5,0.6511627906976745
83bfed5651d20c38c264fff9959dc6943715bb57,9,8,1,0.6206896551724138
31d036952b061b656b2b9d92c7291078415a3f12,49,32,17,0.6086956521739131
379cbcb401b4c5dbe24bfb8548cb49665dffb80f,2,0,2,0.45454545454545453
79cb298d5c7b2e0fb11c2118c937b7ddbafbbee3,7,5,2,0.5555555555555556
82c7a42468e73240b1fbbf5cd1188ff63005dfc9,1,1,0,0.5238095238095238
722703eeb11dbfff5ceb0385e3ff794b616f61f6,4,4,0,0.5833333333333334
f94c611b35c0636d6814940095151133ddbeaa8a,1,0,1,0.47619047619047616
ae121f0ea7e7100450f05db7c27b59a8fdd7aa9a,6,6,0,0.6153846153846154
e98e3c9c3c10a8d2f9783cc46622ffd805ef605b,11,9,2,0.6129032258064516
14316506e28a3d2c99a473bee12bd61926e86276,6,6,0,0.6153846153846154
2c30c64fdd98e33d5f642b5591a81c4f8d80fbf2,3,1,2,0.4782608695652174
c348458e1fc7543a42d75339d68a52faee670682,1,0,1,0.47619047619047616
9b30089470a112aab1e63d9b22bc8ac8f1007da4,1,1,0,0.5238095238095238
ece2458adfc67370adf36c360afa8dbd50b07d61,1,1,0,0.5238095238095238
31c1d6f2a1658e48bbcde7685d3f4ed8c11bc6a9,1,1,0,0.5238095238095238
255ffb3d379bc7b7a8711e70a0d1f73f6d3adda8,19,18,1,0.717948717948718
f7bb0c3fe0f26770f0d48d603a45a6ec0b4ffdd6,56,45,11,0.7236842105263158
70ae2c0178de7613a595a9feef420aa8be83e4a7,15,11,4,0.6
1650482bc3053261098edb97a14d37ed96f02c96,59,14,45,0.3037974683544304
afe726cd87f3cfa3017f3d486d01575395073410,6,4,2,0.5384615384615384
988cc2c0ce4aa751542a67bb6a9849ef754e2d60,1,1,0,0.5238095238095238
65f2617395458cef7502c8c67266a1ea9e0e9d43,5,4,1,0.56
d6f347cb21bf1accbf580e7fa9730fff342ab3f3,5,2,3,0.48
48bfc4ddc75c135f87e6050e6534e9d8808d138c,3,3,0,0.5652173913043478
d9dd83b7faa7e7b0f03624ed64ed4c5d1cb51eba,1,0,1,0.47619047619047616
0772cfd5bb6f689a933ae19497995a59401c12ba,1,1,0,0.5238095238095238
732dc1fc27815f2d28bd9ee3916631918fac670a,33,26,7,0.6792452830188679
0f39767fdf2604fd2951662433c8ac9738657f89,3,1,2,0.4782608695652174
ef83016d944cab35cf0480fc73672e1b84aec49a,1,1,0,0.5238095238095238
59da571e23bb22228332658f01285d050434f90b,6,6,0,0.6153846153846154
bdc3ae69912ca2840f29bd1888e28c5280206f7e,187,160,27,0.821256038647343
7899f01ca82e936f4ff9d24c79a3542fd97cc641,2,1,1,0.5
bd0f44b2774af2babbfb7420eaa60b4483879a78,2,2,0,0.5454545454545454
0efc26a56e5cb6de6ab10dcafad296a79ed95f05,1,1,0,0.5238095238095238
8bfac7ae1177f89aa7f21ebc4d55b4f21e009fa4,6,4,2,0.5384615384615384
bfcdef86681e821619650a5d181c4d334dbd29ec,1214,655,559,0.5388978930307942
cb9c2b1664ee48f44ea87d76f3510562b493a67a,12,8,4,0.5625
621ed510f448118281b46b2d84be9c230895f1c4,129,116,13,0.8456375838926175
750c9120c970261c8ebaae7049c0f1e6a7efc110,1,1,0,0.5238095238095238
77a9b54515f4827e0346a822712b8d032cdedd6d,1,1,0,0.5238095238095238
e9048ba890457982c640f7e1d7bb4143b2d1b957,3,2,1,0.5217391304347826
28e6db69a5b20dc8c4e6953b1c7704a76ef99b13,1,1,0,0.5238095238095238
6ca0800d84b41ac2f06cf01aef93d3650eb028ac,1,1,0,0.5238095238095238
2f6994b5e07de268588871045c0dd2cbc50cbef1,616,428,188,0.6886792452830188
08e995ea4ec8b2961102b7c0e515adaef1405656,1,0,1,0.47619047619047616
db94a5fa818354fbfb8e857302d93997b768b39f,5,1,4,0.44
f127d3e754e8396b602bd000effd9eb3c9fb41a3,1,1,0,0.5238095238095238
1d34accfbd6a53a31ac4f2cb63329ed174ae08c7,3,2,1,0.5217391304347826
beb623c71d7092a5f5c6680d257ccac886abb56a,1227,1055,172,0.8540497193263833
d41d40e4922a15eade732175f6e824ae996cd121,1,1,0,0.5238095238095238
050bc500f9219b0ec9191c6f2c98ed7fceda189e,1,1,0,0.5238095238095238
8bf9127dba13e0b99ca5176eee10f2b146db77f7,1,1,0,0.5238095238095238
c1cc281f8c1e5061d357fc7330eb9342cbddf43b,1,1,0,0.5238095238095238
0016cc0af5c9037584982a9b270a3dbaf8789f1b,15,11,4,0.6
2bb67539445818a4ae8afb72b322fd591ab9517c,5,3,2,0.52
8cb704c1af8288190f758aece6804fa35560d53f,1,0,1,0.47619047619047616
1f066bd8463024d7c6dc5705f3bf366598d4c587,20,15,5,0.625
c1de5db87d5bef213df2d06f51cbe6c3ee8c8bad,1,1,0,0.5238095238095238
e4d80080850c67f1fe566e1afbd0f927d8a26411,6,4,2,0.5384615384615384
3f4a9fff5f63ea9fc611e45e777f863d5782148f,1,1,0,0.5238095238095238
acf7232be7258e298fa1ff1b2e9948a396ea85cb,23,23,0,0.7674418604651163
b9f6eff080d5dd4b3399b374e0e209bb25a5bc6e,34,33,1,0.7962962962962963
b03728924b8ed50db5bb1a538ffeac14dd384396,2,2,0,0.5454545454545454
a5450c52396f469c78ad1361d5e6e5265d829281,1,1,0,0.5238095238095238
33635409b3bc70a96e0f267ed408906671297105,4,4,0,0.5833333333333334
181ce8df86bea52d376ff8212f5021b36e6ccc96,51,37,14,0.6619718309859155
86c347e5cbd38b284a17781d39bf6e8ff9eb60df,1,1,0,0.5238095238095238
e0b2553c26b7683741af7442648e801f24746000,1,1,0,0.5238095238095238
a4bb7a841d8fa63f1d0920c1a5748233ff714a21,1,1,0,0.5238095238095238
c8819dc2355c02e1dd2b92a1dc4f8bc773207712,1,1,0,0.5238095238095238
5c822a3f3e690da6c1f5a8c3329dfc26493051b0,1,0,1,0.47619047619047616
b64a4c1aa58471de0e19d34996f9a3fbdf146a86,4,1,3,0.4583333333333333
8e0df60596050f84a0810e92a3385f9cf2f156f8,3,2,1,0.5217391304347826
d5899ac6fd20d90f792043f85081bb58905cda04,8,7,1,0.6071428571428571
416db67ec0f4bd256fc26e1341d35e61e6791746,7,2,5,0.4444444444444444
bce223e97b81ba13c8fa0eb2f2629bc0ff44c90f,8,4,4,0.5
672c44bcab19c252a6b26c5910a0d753fee371d3,1,0,1,0.47619047619047616
2a7bb094ae4328e15b2a1b78fa2bf1524ae76006,1,1,0,0.5238095238095238
587956f69d29ef18e3adcc9a3a817e6a43ecd1e9,2,2,0,0.5454545454545454
f8c33461259cf7e60d0ac26e1712973d4afcfde7,83,57,26,0.6504854368932039
21f4ebdc2420231444eca6025ad6ec54b3927aba,1,1,0,0.5238095238095238
4e27ebb5946d133ce0e2bc2be7a6940fdb1375c4,1,0,1,0.47619047619047616
9091a4f20684ee1bf9d0638c66f98fa31168e640,2,1,1,0.5
d3f85f96a7c91e101e4faef1ba70b7860573f513,15,14,1,0.6857142857142857
ef88bd7890611dda31801200fe0446747a30ff6c,1,1,0,0.5238095238095238
e8727e8e7de3687e296d59e05c0cead5c3b01d84,5,2,3,0.48
e7e38e808779431f1f7ad913d3c800176078922b,7,5,2,0.5555555555555556
8c317ab2ac7f85f14aa2f4a9de9bcbd0f431edb8,117,95,22,0.7664233576642335
1b6be409323245b83edf33f37ee31b0055fea945,2,1,1,0.5
36832d16095ae0fa7b0ddca675d7f46df00f95c9,17,13,4,0.6216216216216216
124209acf514628ca214350c99a9470cc3e6ea5f,70,61,9,0.7888888888888889
9ba34f07af6acfedb386e26b5165331ec731257f,10,8,2,0.6
ce546551bc809b8d9d4d6a056090cb229b7df8a3,4,4,0,0.5833333333333334
8f01d89ff2a3fa3be8e81caf04a679a99048ab82,7,6,1,0.5925925925925926
1c3647ac9c7854c50052598e60a53739b4c2bd82,4,4,0,0.5833333333333334
b7c54844f2e590d389d460c2637b302578584118,1,1,0,0.5238095238095238
e2d2d7e97e39b4190188b8e904dd866e6f8e1bb9,27,23,4,0.7021276595744681
d2043ef770b61724d059adad94a15a7e4b3a83c2,1,0,1,0.47619047619047616
d8dd4cf1590cd46f61ecba6fb76dc1a0dadd80d9,1,1,0,0.5238095238095238
93c98c216ef7b399b367ef3dee19aeea58f1ec91,3,0,3,0.43478260869565216
70b8aef609537760885d6d40dcbbf5315e17e9ce,1,1,0,0.5238095238095238
8760e057181fad39ac67a4fbb6b603b2165f3a0f,1,1,0,0.5238095238095238
dae1fc55ece5911a13bc9b255fcf438d6e21fba3,1,1,0,0.5238095238095238
1dac2015f189f0a54a4da456df3b60c22170e422,1,1,0,0.5238095238095238
efc85ab6d930ab3489d90716a122a62e7dae3e55,1,1,0,0.5238095238095238
7d9ef1482722ad451ab0fd9902ae538b623f508a,1,1,0,0.5238095238095238
1908e9b93fd7cdffc1986dcede55712d05ac1ed4,2,1,1,0.5
cfb12d6dc76bc028fe0a179e6edd8cdd1ab28ad3,5,4,1,0.56
045b82df96f369b3020858bb2c357871e4058ddf,1,1,0,0.5238095238095238
3a3e91cc8e4cc52a8e5a091e778a4b7fb7db0b6c,1,1,0,0.5238095238095238
2c8ae4d60d6929a2ab1d5eb60422e0f91413bd1c,25,24,1,0.7555555555555555
003eb111eb0a53f6d8a52a02f3f2ec7d03965982,1,1,0,0.5238095238095238
0c353a2933d30404e47f6c282ae8016c6664ed0d,1,1,0,0.5238095238095238
465e5ee29c1c7c5266b255ea0b0f572b675e80a2,3,0,3,0.43478260869565216
14197b80f887715af6fdfaaf5604eb3eb9d108b2,327,240,87,0.7204610951008645
e1ff5ec9364d85646e68b0a676f0030d2cdddce6,1,0,1,0.47619047619047616
dcb4da1869cd3d1b2420cd74a2fc1988e7844555,5,5,0,0.6
d903d5b2c2e88874c134465ddb95d47eddf2d83a,15,8,7,0.5142857142857142
578e512b56f16d7aacc91bb16cf3f8028c20ac68,3,1,2,0.4782608695652174
022711700a44359f92087d16df0d8912363994d1,2,1,1,0.5
a476a9dfe661c39fbeffdd86822048aed4eee765,1,1,0,0.5238095238095238
6223fdb56324733524ad2f6ebde101068ce80c08,8,7,1,0.6071428571428571
12397fa3db594df178072f99ee4965f8d569910c,11,11,0,0.6774193548387096
e92075300f5aa6a7bf2062b5f5d79f86f19e2232,2,1,1,0.5
4b633837061d4e7ce0d15b4a630bad9f13fd41da,1,1,0,0.5238095238095238
585628ff136f7605b6373fbfc528a0803d63d8b7,20,20,0,0.75
7eb5bfbda06280f713b31e8e8fd3860620625706,1,1,0,0.5238095238095238
959d9a9b1a394a2abb6c2c5c830f309a26569fdc,813,752,61,0.9147659063625451
225ff5324bea8b1748b3be82a70c9f692388642f,1,1,0,0.5238095238095238
9e9bdaf5ccfa5a923eef358d1b80f5e82b3cee8a,6,6,0,0.6153846153846154
12d2e179c9ed4b4df6358ec64f80dc25dd2ff15c,1,0,1,0.47619047619047616
81bb1deb12956630d69cebd572df32c0398833f2,2,2,0,0.5454545454545454
8da03061134ad03a004c659ffb97f0eace3c267f,3,2,1,0.5217391304347826
85ca2a90592dd5de04ae02a50781126d060fbbdc,2,2,0,0.5454545454545454
b6360b8593313a7769739704bf22458fff5d6531,1,0,1,0.47619047619047616
486177aeee7dbe86990696ae880d4906994371f3,137,6,131,0.10191082802547771
4c2e5800ead6789be0bb17a5f4638e7472ef2338,8,3,5,0.4642857142857143
16004157046b9de4d181206d7a134d122e4a85b5,1,1,0,0.5238095238095238
e642bdb1405a1a9ff25147d2211116b0912f8507,2,2,0,0.5454545454545454
21d00594f63d515653bd0545bd710cee350e1fc9,1,1,0,0.5238095238095238
0bd75bba1da86e13f5530bcd2ca34a8a0d1e036d,2,1,1,0.5
7214dd2d25f03714f45f67896760432a81a35f26,79,66,13,0.7676767676767676
2b85095717eece278a4e21abf41cac903fb5ad10,91,56,35,0.5945945945945946
6b237b2f1a9300506cadbaa40514f7c906d1b7e5,8,4,4,0.5
ff3622122ca3d29d7455379e9ca6444457bbaebf,13,2,11,0.36363636363636365
1a36928111ee9c9f049bce1f406657a41d292a8a,1,0,1,0.47619047619047616
960c1a183256b415c7dd972b2c3ac6e9c3a53524,19,7,12,0.4358974358974359
27eabbbaf28292abe938b274a6ba47343250d839,3,2,1,0.5217391304347826
ab2f56ae8cfad60dfe9bb4b8b66e355e4771865b,2,2,0,0.5454545454545454
720386c05a7d214582b03b6f48b69b361999f533,6,4,2,0.5384615384615384
c5b5eae7874a7161422a473443e762aea78faa7f,2,2,0,0.5454545454545454
ea0b654a1d3dcf63447820841abd52a544b4227a,1,1,0,0.5238095238095238
354781861d740a848e2edb8421196e8164883517,368,297,71,0.7912371134020618
61b6613654460e030b04402c6d538051b8e32152,1,1,0,0.5238095238095238
5e4be71852ec3f670bb96ccc598de7f754bd0f61,36,15,21,0.44642857142857145
09cd183579afa04e601f9e5f76d5516919c27643,1,1,0,0.5238095238095238
74d4e3cd2eac2822cc9fd7c5a496f0f039e6795a,105,82,23,0.736
0907caf76c31b562a11ae557747b1162bacdd26c,1,0,1,0.47619047619047616
b51929b41b82e0d29ec315736784d3b8a51dd7bb,3,3,0,0.5652173913043478
4f98738e0f4d86669be6302ef4c32f8fded717d4,1,1,0,0.5238095238095238
4f75d2a6e7ff61cfa0a5bee767ccbedd33f45631,14,5,9,0.4411764705882353
c7ea91524356f1e0b566d6f5bf02141f1139d29b,8,8,0,0.6428571428571429
3e883a53cf79350174219903ced185c47fc4d043,31,22,9,0.6274509803921569
1fc88be8670a6daa5a181878819c9a57e421f044,475,407,68,0.8424242424242424
fcae37daa677810681843a44332f28daf9a06952,34,34,0,0.8148148148148148
4043fbfc0f2418bbb17388c0928b24b6fffc4843,5,5,0,0.6
836dc3b65233b119162b0aaea3616e9a9b3e8957,1,0,1,0.47619047619047616
fe06a21b2410ef149045d5e1a4690d66eb3ddb54,74,52,22,0.6595744680851063
88070b2b18600052045e7332d80f2feacfae32ad,1,1,0,0.5238095238095238
f3332614ab572bcd8deda4dadb80aeb0ed1f50ee,4,3,1,0.5416666666666666
bbbd39591ee4cd2523cbc5a8aa3160b82d2c4750,1,1,0,0.5238095238095238
9b2ec9d0f1845e6249ac4931f2304ff1206a5ac0,1,1,0,0.5238095238095238
8e70e6903f5d6e98a38e9e1489afc465798d25a0,1,0,1,0.47619047619047616
5c36f9734d4ac84e6af04dbf3f590881b0f272d9,1,1,0,0.5238095238095238
7dac0aa674b6e690d496a73bb5053df0aed6ea2c,1,0,1,0.47619047619047616
de2e302132b6101b69d303940c33d9b4758cf4c4,2,2,0,0.5454545454545454
254f872125f840e987de550491c0fb8940653316,1,0,1,0.47619047619047616
1798f85a9c66be844f49cfbfa6ffc3f1568b5404,2,0,2,0.45454545454545453
9633ebfe10c3a423e4bbf83835948a63d5a3a52d,2,1,1,0.5
0ef2f9319a7f86368002948af6350e485ebb7ff8,7,2,5,0.4444444444444444
9344cffac35bcc1a73d5e52cac4d51a88ac9a75c,3,2,1,0.5217391304347826
eadb4bc1df2ba3cc53837772526a5a6b4493bac6,7,1,6,0.4074074074074074
e58afbb550e1e7cb2c60a7b4b48509d7ecd73802,1,0,1,0.47619047619047616
fc1e4bce6ead0fce9f1e032580427c2e5af0e8c3,60,32,28,0.525
f73daebd4994c6db9b35814801dfa8803e753d73,8,7,1,0.6071428571428571
30480b73543ddf46614c71cf7fdba11940323133,68,36,32,0.5227272727272727
37254eba70fd279b9eef253efdf31f0f51b8d165,15,14,1,0.6857142857142857
e7448f3699adb698892f6de0a6a2df02918e908c,2,2,0,0.5454545454545454
2fecf288165f8242f52ee9d5e5d81a169d1a3a5f,1,1,0,0.5238095238095238
7ad7ca4a821e14cd3f24755cbdb4bd9fd17e1c56,101,56,45,0.5454545454545454
80c082b3efabfec90eb653da077ab0763f01c950,2,0,2,0.45454545454545453
09d2c7a06a3a85801f0c3de205e11d610bd00e56,1,1,0,0.5238095238095238
95645b1cebb58548ad8cd870df36ab13a71dd2a5,2,2,0,0.5454545454545454
1561137e11b87fbd1fedfcf54c90ab401c426329,1,1,0,0.5238095238095238
210cc7e96be11b537d7149c97911df946f8c82ba,1,1,0,0.5238095238095238
61ee29f90981534ca3a7c0b4c5a8cdeacaffc732,117,90,27,0.7299270072992701
d32951d17f7d2e4a312b73c45aff44b8ff3e69ce,1,1,0,0.5238095238095238
715ff5c543bb13a25d252e193f3e19a6c4c75bc1,1,1,0,0.5238095238095238
f6c95fc066a88b37cef512eb6fd5ef9bba0c8697,1,0,1,0.47619047619047616
05b3bb3eef3913ab80c672df3b3c2bccdc0b8a1f,6,6,0,0.6153846153846154
df78045b1aeaebea66d3e9a63747f0953d92502b,1,1,0,0.5238095238095238
22fb8eb6f5afb895ca0f42e4e367bdc0d8295648,4,4,0,0.5833333333333334
2ec725b764355dac96186dcae5dd172aa9fef240,273,226,47,0.8054607508532423
e0872c439872f725aedd6ec1600dd1d07e42d052,3,2,1,0.5217391304347826
b9f04cf74102587f20188aadf4949e4e0732107a,1,1,0,0.5238095238095238
d91726421393f4eaf75d00779f881a2a4d74f25e,1,0,1,0.47619047619047616
ad2d92e5ef042c6836b44cc75920e0e224b7e42f,3,2,1,0.5217391304347826
29f6e1863741ec0bee181aae45179227b615dc0e,506,466,40,0.9049429657794676
5108e3e845f6d7d25d84b51f2d3bfaec6077ad9f,1,1,0,0.5238095238095238
c9c66137fb797bf13c491c31d1e343d46798d571,1,1,0,0.5238095238095238
fef4fbab3c13537cff4813e81888b120783b4124,7,6,1,0.5925925925925926
7632f489af9d17c6ccc02b953b9db2fbb5c7c709,1,1,0,0.5238095238095238
ab8c4adaa5c6bc400b7bb3493450e705b637b25e,10,6,4,0.5333333333333333
9cf0e6e01cbb6a9a2a92aeb484687016a1aa3efa,2,1,1,0.5
c348cf2f9739ffd4ee0158d0988874ad0e87c798,1,1,0,0.5238095238095238
dc1c88a1f74b6c55b7d9da49b5cc9434d159866f,1145,675,470,0.5879828326180258
a064d7f215349805c0bef4a8f1cfd727a46f0e55,13,4,9,0.42424242424242425
6802e381578a05cf497f4619a54897ca4cd5042d,1,1,0,0.5238095238095238
95467a1534ec751c09739d57d3aa8c1569499606,56,44,12,0.7105263157894737
c0aa100dffb2a5166f2204ae11ad98c87cbef7c0,1,1,0,0.5238095238095238
7b957eac0ec01a593892c2c31d6243ab86d89c55,1,1,0,0.5238095238095238
257420b5d8ff73d4a09cf5e20d0551a873d3fe3a,1,1,0,0.5238095238095238
e48ea046488cb8eb1372d5a06287d0be58ceb66c,1,1,0,0.5238095238095238
5a6f9c4eac537dbcc915d70ecad126d06cdcf1df,2,2,0,0.5454545454545454
7dc7b35c1af4c68324a086145e5a87b08ffe7db6,37,25,12,0.6140350877192983
c2986123d2ab82dc477900ec0baf0af38f73b99f,1,0,1,0.47619047619047616
2056625f6d4e54117e736e11f048bf4ab6739f16,1,0,1,0.47619047619047616
eba6459cc3c8f1d610e46699b54488993058a190,31,29,2,0.7647058823529411
4d02f86e9865e3794c96d132b4a4d6ef2fb949bc,2,2,0,0.5454545454545454
c18f3b6023d1c1107f430273f3d711ce23d7ba96,1,1,0,0.5238095238095238
473117f4b868dfc2661baab79fdc0a21f4fb756c,3,1,2,0.4782608695652174
11481cb1c4feefe08d5c0311f6258b39482f9346,24,21,3,0.7045454545454546
586e4df77a8d78800818c84766e83531dd4577b5,2,1,1,0.5
f0d8e430d19d84ac3b6f8ba56505151f1bc5bd12,1,1,0,0.5238095238095238
a9f43c82bbd141ce3119042d86dbfdf23ac89261,1,1,0,0.5238095238095238
93ef0aa3a46d2129e3c0102c93316de2823b3a9c,31,22,9,0.6274509803921569
00b97e3c533d2272b359d2d4ebbb6e8daffbdc6d,1,1,0,0.5238095238095238
2b4845869b390f7cf8089700f81ab12934c1cbe3,41,30,11,0.6557377049180327
3c9bb2b2ad09b288df4596610aac118402e0e907,1,1,0,0.5238095238095238
6879ea98a350a531c9d6bda866bf24652ea602a1,4,4,0,0.5833333333333334
8e32eb9365e21726823ead3b5ea971c54dccc3cf,12,6,6,0.5
cc7a5a4ee4ec5d2e6525cf79789825f167615e1e,3,0,3,0.43478260869565216
9eecf0958ed5fabce6fe874f7499cf8a4f42de83,1,1,0,0.5238095238095238
474558094efa43ddcc5909e4acabf31c9906a06e,1,0,1,0.47619047619047616
3bcbad06bd08a0a142022ccfbba4ab10d5abe159,1178,881,297,0.7437395659432388
fb8bb33b8af3a3574157cf8d26782465955d56dd,2,1,1,0.5
02b4f1ad3dd4da0f91e7019eed851d562c089818,60,21,39,0.3875
e8369c610dba886e1581cc6bf778bc71cfa10f47,6,1,5,0.4230769230769231
4d60290d64c07dba774c21124ac4938c8da4dbbe,4,4,0,0.5833333333333334
99f8f9bc39588ba4d1f9f66b361ad7f542be206b,3,2,1,0.5217391304347826
b6bad0a12f1402bb002926188311e56332d9d00a,2,2,0,0.5454545454545454
ca61b24e4ec47d2825f890598f1d2f9cb5b7da3e,4,1,3,0.4583333333333333
85570f769ebb120b1663af592821027787f958d9,1,1,0,0.5238095238095238
0eec745edde08d49f3077fcb5a910f3850a64819,2,2,0,0.5454545454545454
86f21ef3619e27e48d47921d1075966097cf7b58,12,8,4,0.5625
4c69099fb9b43244b2209cb92ff9d35679dbb2bc,11,8,3,0.5806451612903226
f132b1e185794f898cf8f5a677a72a75faa512a4,2,0,2,0.45454545454545453
1bb32401fee27a92b74620595236fbba5c12fd4c,148,134,14,0.8571428571428571
3b32d878f503b4e91e68a828998d693c93bcd574,4,4,0,0.5833333333333334
8d0a2f27d75f6ba75336dd4060ee1df37fa4f39b,3,2,1,0.5217391304347826
d2de661f68c05212ee50ad5e114ebe9f14918aa4,1,0,1,0.47619047619047616
95ebfdd0bd7ebf2852c9703ca3ea0e0b248641f0,2,1,1,0.5
feff5566fcf5aadc402f4a897b991ed093de7304,14,13,1,0.6764705882352942
caf45037ec805f6dece28efe157ba67540f8c1b7,48,38,10,0.7058823529411765
a5ac55fbac1431e8f0917fb1ad0591833f838547,7,2,5,0.4444444444444444
6915e519bf6ae623d92a515b9f60917abbb45ff3,1,1,0,0.5238095238095238
8aa1c5d92f7d42d6233c66b02e13ea2246c0c3b6,1,1,0,0.5238095238095238
de58004de72e946b4115ff0116700c168246da62,6,6,0,0.6153846153846154
a93cfe81a1aa567bcaa8ccbc5f91f2b0d3f198e8,157,90,67,0.5649717514124294
c987a8cabf75449ea25d01567ef301b284fdf6ee,1,0,1,0.47619047619047616
cb013c90f437cbf79158542bc8cf2da93c0dd1b7,4,4,0,0.5833333333333334
447d5343120533523a8a2af950ffc0652bb86044,1,1,0,0.5238095238095238
eeaa11f465f035aaa6a3cad09f8fa8a5c3f88821,41,25,16,0.5737704918032787
2d63ab1838a6b651f43007f9975b7f8e44433d97,3,3,0,0.5652173913043478
f4c786a1470f21aa47f526a57b659faa1c74bb4c,18,8,10,0.47368421052631576
cbdc7cba08661332c8e7226b09aca28dcff01ef0,1,1,0,0.5238095238095238
42af7421c2f73e61bf06fe6c1cbd3e2500670bc6,2,1,1,0.5
83112afb5663bcbc3ade3c85d8820d5c435cf3d1,1,1,0,0.5238095238095238
d38f8caf205e2dbf3bc5b4158632a408bd9828d9,11,9,2,0.6129032258064516
a1cfb5937e31e152ea14e4a2eba94ed76d9d0f56,5,4,1,0.56
76ab9a31a1b11b92b6061133e25b40e2ef3b14e5,1,1,0,0.5238095238095238
6bc5af68b71b14b71e22b8dfc3b0bd059efffdba,4,3,1,0.5416666666666666
138cf29243ba62df3ea08fbc18bb361c5ed82b21,1,0,1,0.47619047619047616
0a0f39106a257bde2cfd60d9b909b301c4349a99,2,2,0,0.5454545454545454
339fc47dd6ecc4d761e805cc4f4b3ad0249f5624,1,0,1,0.47619047619047616
2ecb4637dc34109a85320afd8e25aaf02ffeefb9,718,534,184,0.7371273712737128
0e673765c7d68275441223619c39d33199c33b26,2,1,1,0.5
2b154a9d19a903fde505da6b2996630be7935ce7,1,0,1,0.47619047619047616
c3f32b2fbaf5d4319f1cf290490e9d9dca7ce8e8,2,2,0,0.5454545454545454
3fcc1f614dd8c2b4eebfa70511ae59bb9b7f18e1,7,3,4,0.48148148148148145
462b5ba47d245c48fa93f47db1fefd57247e5e82,138,79,59,0.5632911392405063
ac188a8a31842f0f40b4f319228f4c1588444b61,14,12,2,0.6470588235294118
7e24372cc5818cc1f4aa6bba83338bf1b407a1eb,1,0,1,0.47619047619047616
c63c241efbeb4c0af7ad90c09d426a44b3e6cf1b,1,1,0,0.5238095238095238
1c5507ce0310a143478cc9ef0d19a2204fab5217,3,3,0,0.5652173913043478
8debb7404e5eaebffa6a30024c69c6fbdcd9100a,2,2,0,0.5454545454545454
772f118ebcfb21fc85d28d624cb320f713788442,12,11,1,0.65625
bb966950c88b6c92d3ff60fa32ac3a4ead3514ed,2,0,2,0.45454545454545453
7c3ce10cbb540d9f38f439c4354408306fc1b304,11,10,1,0.6451612903225806
46e62437b4b0067505151b8fad07ec9c58e908f9,2,2,0,0.5454545454545454
8f48618239a03bfca4d464c8ee9db069bdbaba35,497,448,49,0.8858800773694391
8d0f4911e7c10edbb1a96578f50527d2f353bea0,3,2,1,0.5217391304347826
b60ae3ea7d8a673e580c368fcb13783d13795826,1,1,0,0.5238095238095238
0660645a45369ac24bf1b47db3ab820729e43524,6,2,4,0.46153846153846156
07dcd285678cb6dea585cd266dcbe46e2e3c0888,3,1,2,0.4782608695652174
ceaf86eebb9672410bf37f6b51f1fc2d39bc5569,69,57,12,0.7528089887640449
a904d8a69570829f0b43203412449985295b7e17,2,2,0,0.5454545454545454
f4d65f69998c88d1c447ea44a4e36bdbe8fa7c1b,1,0,1,0.47619047619047616
2c1055bf57a2f7be103fab239667369f61b721a3,1,1,0,0.5238095238095238
0927d70c6c2ce386d791a1645550a731e0358092,92,84,8,0.8392857142857143
5fe5d34f94cf2282a99168f58b92d23991f26e81,66,49,17,0.686046511627907
7222bfc9381b593fd38220172dd04ceef01a06f9,2,2,0,0.5454545454545454
08b42ccb78f57c7d7c5f2141bd0e6d9832ed3eb3,1,0,1,0.47619047619047616
2d16e62404efa9d13d4f304611f9d6f04cf625af,1,0,1,0.47619047619047616
fe8913e96fc5a6fc9d4f9fe3d0ab7cb64bbead2a,4,3,1,0.5416666666666666
4aa43a69a389d47fb05542b115cba7f9dc73810b,7,2,5,0.4444444444444444
2d8de4a40ab61c155b9ebe888e095b7ddca33f1b,140,117,23,0.79375
fc100c4e826c4549027ec59344ec0247049ce1b3,20,14,6,0.6
0812614903947d247e9a7e10064b601a83960521,2,2,0,0.5454545454545454
9dfe0666e5eec49a8b4efa96548fca86922c2181,2,2,0,0.5454545454545454
42bc1be1143463abed1845ad255c079641025eaa,1,1,0,0.5238095238095238
604956d17c390803601544b970b426193c34f4cf,2,0,2,0.45454545454545453
9f38f048736705fda13fd0fc20643bf3f9da9d8f,16,13,3,0.6388888888888888
004156a075b98a7faf9d8895152fa92a042b7d76,1,1,0,0.5238095238095238
0391afca64dcb9ed737471ddc83ecb7821d8b5d3,1,0,1,0.47619047619047616
7f79dbe9580f640408df285f7cf773f0b1bf7bdc,1,1,0,0.5238095238095238
894bd584203985c269dfaeaa7a7e764f3389dcb4,1,1,0,0.5238095238095238
32d40b37fc94c0791ae34b47121928556fad95de,2,1,1,0.5
ef5d8e7aae1888ee5d48cf8befc674e7dca298ce,42,25,17,0.5645161290322581
197fe10c1ddfb10a488ff88a187d2913053d1dbc,54,17,37,0.36486486486486486
4ed695b7cb44fe686690048cd145b873604f7ae0,15,6,9,0.45714285714285713
f17728abad9b9dbbd84fd83ab0a987ac779d02ac,6,2,4,0.46153846153846156
8cd80677d713576233eb8c4713052bf3819afb6e,5,3,2,0.52
b486e8eb66c4df888a0aa1de36542ee559bdd191,1,1,0,0.5238095238095238
49547ae6d7d286040e519a7563f876cea46b2fb8,1,0,1,0.47619047619047616
b929d551c81056ec947c31331213e7a31bed009d,17,12,5,0.5945945945945946
7e0e74661ab65227fc89242d321286822a360ba9,1,1,0,0.5238095238095238
baa2469b5f66dea210af07f753bd263c0fc26156,1,0,1,0.47619047619047616
a45f33180778d20bae8f1ceaa5d5b41f97306cf5,207,183,24,0.8502202643171806
4b7f753bfb37159bd136d61e197a7af40c3078d9,9,5,4,0.5172413793103449
9943d380ab30198ce02d7bf7108ab980c1cda1d4,210,167,43,0.7695652173913043
5a73b1ba13a80bc5a0df1f9373efff7b372a7745,9,9,0,0.6551724137931034
e5be643870c406e67d82b2a4bba86b509ac73215,3,3,0,0.5652173913043478
c34092b4ded3f174ac1f8c0ee9205177c1643629,6,3,3,0.5
d8db43421f9bf68ed05ed4bae915e302171535ff,3,1,2,0.4782608695652174
1de2c62d9e8e5b65314f59f8b2fe0f5285292a9c,2,2,0,0.5454545454545454
538f10cb81ba47423916a486ec685878c4c49df4,4,4,0,0.5833333333333334
850bcc7e59c38a7dfc9a833eadd2b6022665b6af,12,9,3,0.59375
02153c273b085e1a9473ba0db8721e35b57f7371,2,1,1,0.5
7f68132c18652161477343f975c75534bdebafeb,1,1,0,0.5238095238095238
8ebd101cb237770a0c3f6600ffed3a2e8e693eeb,1,1,0,0.5238095238095238
5a5354c78a9bb4bbd7ae2fc40a74b60f1083a1d9,1,0,1,0.47619047619047616
1049d8064678a911d3b77c85a13b5e9498acad00,1,1,0,0.5238095238095238
1b6ce368b8b3cd70546706ed592ab814ba0a1560,1,1,0,0.5238095238095238
d991beac4b1484df457e21c703e86c1ac628ffa3,1,1,0,0.5238095238095238
d1e7fc1288409ac233e3ffa39bc40d90f9be6c04,1,1,0,0.5238095238095238
7a39856abafa18574499abf2fec2011bed6a1fd8,5,5,0,0.6
3b96ef9cb3d04f838fa53ea469b64e5da4d137eb,19,17,2,0.6923076923076923
0c1b78d63cc8b087d24827fd8ca17d8ba5618ae9,25,23,2,0.7333333333333333
8da88a945b9e90b4e3e2abacafc2712c0babb3b8,21,20,1,0.7317073170731707
a0990400c9bd224fe35a34c9c17fd00245d12c27,1,1,0,0.5238095238095238
9c1082e31c7ff688ee3f1c3b38a931674e6b332d,14,14,0,0.7058823529411765
5b9badcf14c940bcf8bf6d1805d4318ead0216dd,47,42,5,0.7761194029850746
b3ea1bd46bb3134418281685c5098d410a5e01de,220,165,55,0.7291666666666666
02be6b855e3856a566d36e1b7a1d352c1d69c9db,1,1,0,0.5238095238095238
632bff13f88cd7e6fb2ed6077dda0633134cc0cb,20,16,4,0.65
f3ebcb884d06817860a7f464e8d9277769e29eaf,1,1,0,0.5238095238095238
8c417bd7eaaa22cc87dcbda34060d7b18531ceea,2,1,1,0.5
6f269bced89311874bcc2e2d45599cb9ebe67953,2,2,0,0.5454545454545454
07afee64a517e83fa56360872aa8527215dcd671,2,2,0,0.5454545454545454
afb57299449a46cff3f15c2b8013a112373672e5,2,1,1,0.5
dfbc6e3a9bd7f84e720d12cfc5ce1ae71983267f,1,1,0,0.5238095238095238
81113d9db028025a89246475b144227b62ca5f63,24,17,7,0.6136363636363636
cc0392dcff64fff9ee093dd20dd44c89f4648510,23,13,10,0.5348837209302325
c5e0f6ca8c39c474a2c4f09bade20e4535454784,1,0,1,0.47619047619047616
7075dd4a22ee9835d00fc17b8fffb1f38f72c3fa,5,3,2,0.52
183ac65d24842e53ae0f1e70f5752d197447476b,1,0,1,0.47619047619047616
f6343fc548f4abad9b9fed89cb6fffe296528764,1,1,0,0.5238095238095238
c8e7f31d5a2fd524edbc7e0c7e97ac38613dd1f2,43,21,22,0.49206349206349204
fa9a1f2e61d19a9401f5b1dd8566589069514e76,2,0,2,0.45454545454545453
626c0ad1b52672ecc6bbef94626e8801ee51ff76,4,1,3,0.4583333333333333
01a46c7e544311bd419b42cfae67d6477721e621,29,2,27,0.24489795918367346
3003b7c1acafb3c1a3989352530846389262bef3,1,0,1,0.47619047619047616
72d751cedd1997b9f468dbf2e0e6083d88738902,1,1,0,0.5238095238095238
0296d2f5500b80523838c33cd68f91c33b39ff54,2,2,0,0.5454545454545454
c6eaf7a756ae9dc8af5707509132813f11a70bc8,2,2,0,0.5454545454545454
8fc37c236ab9b48f4f4e0ced06190cbdab92ea2b,11,3,8,0.41935483870967744
55dd767dac672f0be9d9e19a2dfd7bfc2db62718,1,1,0,0.5238095238095238
06839e180e731bf71f4a7be627c318b6bf61c73c,28,25,3,0.7291666666666666
cac8cfb59a6750751bde8479c020cc5d92b6190f,1,0,1,0.47619047619047616
cbf6f210a41440a02189cc7428cd0d906517bc1a,1,0,1,0.47619047619047616
abde5afa312b323b7309563e54d4012d1676c744,196,122,74,0.6111111111111112
e93c26209b3c677211f3c9ca518ac8220e129660,11,10,1,0.6451612903225806
271025865cba3f864a175ed3b6cdb17b911e73df,1,0,1,0.47619047619047616
b09e81232d9793e43e3fb358cd6143a5e96eaf85,31,23,8,0.6470588235294118
11632220bce47b3b45b2c4133b2be7c5393966b2,40,26,14,0.6
d78decad6fc750acb16940cd3286df1f98ed44a9,22,16,6,0.6190476190476191
f812c5b73f8ed733823b717de3ad803b3e61eb39,4,3,1,0.5416666666666666
d5d60baa85f1e659a4c7463a842a5a72fdf0110c,1,0,1,0.47619047619047616
246f6204e53a01a74f2cb8bb9c43a28abe2435f7,2,2,0,0.5454545454545454
a64e4f38990dc31e742fedc6afc4b69e91766e56,4,1,3,0.4583333333333333
ed6470071f29976e60f86cb5a5def8d727e5b68f,4,4,0,0.5833333333333334
a709a8317063e406843488da4b98e03c63487a17,1,1,0,0.5238095238095238
b7a59e3d7e2189ac9c2faf123c3eca4554aee42f,3,1,2,0.4782608695652174
e80504e1f7c89e23db53a61452254cba5683725c,7,4,3,0.5185185185185185
1cc1d2840dbbe36f82a22dc55154709a6ab13a67,37,24,13,0.5964912280701754
4068cebf1444c12214a3adb08889f7c98291a485,13,9,4,0.5757575757575758
bbe1cf224a11fbd78b2ce66c4a239718595b61ae,2,2,0,0.5454545454545454
5bba0b48196618c40a5777c61fcbdfaf42b6c5d4,53,22,31,0.4383561643835616
fa9beb0940fff1b47a801cecacc6b2354a0cab8c,1,0,1,0.47619047619047616
045e71ff88eaf8b0a15a3399127d742a618a1f87,4,1,3,0.4583333333333333
a9456318d87623e2c271ce3ad075d789b085cbbf,1,1,0,0.5238095238095238
9c6f3f1a10bf514cf155ce00bf00a4bfef18cd37,1,1,0,0.5238095238095238
9c26d8957e0a949415e14ea7444a02bbbdfd4d2a,38,21,17,0.5344827586206896
630248ba600db5d87c4529348258939d2331a87e,80,54,26,0.64
cedb5fa4824e252bc01d00b41cd8d43ac33b1f08,1,0,1,0.47619047619047616
0865a5e4253ad7926a28f2ed1e3b4e6b66cb88a2,2,1,1,0.5
a414bbc84f24492f712ed0d7803b44d3fb20d83e,3,3,0,0.5652173913043478
c6038abd8b16e86cba624c89b39aca046196863e,3,2,1,0.5217391304347826
5f0e3818cb68f8e538ab97f80f5a663e9631c8e5,44,38,6,0.75
110fac30ff37b887084230af3b0364324a1c402d,10,9,1,0.6333333333333333
859b7bad5375459698a072cfdee67ce4fb58837c,5,5,0,0.6
c133ead960f59eb12f70991093f28b34f2dcab71,1,0,1,0.47619047619047616
2d348bc4b7656992ed8d21ab214ae2ab17e2958f,1,1,0,0.5238095238095238
0fbf8fc54efb2d9db391e189861c69996b4c3ae6,4,3,1,0.5416666666666666
56d567793521e7f34bca053125c93bc88922124e,2,2,0,0.5454545454545454
fbce16ec17b8be41ab90c08d5f62cc43ff8db568,9,9,0,0.6551724137931034
b5711ef4dbedd7f177a3c16675eca7e16166b67a,1,1,0,0.5238095238095238
8bfea7d1c995a621dcc926da3c23fa64c2eb3d8a,1,1,0,0.5238095238095238
ae80337239fc591fab9421cedb909e21b29fd6ad,3,3,0,0.5652173913043478
6cf23402ca54f38fbf1bc9273f9e596e76f25517,48,34,14,0.6470588235294118
f9b93fc91304f9bafb6c5e933909f6ad1ce4f766,11,3,8,0.41935483870967744
e03129d9107258ef9d55592be17b167abdd20beb,1,0,1,0.47619047619047616
3c35d03db32e49e7cf842e715e48be20204c2818,17,16,1,0.7027027027027027
492c04695d62211ad6a9cdbd49e1041372fd9671,3,2,1,0.5217391304347826
67d822029b5a7ee0f01fa890d7e10c1db622c8b7,5,5,0,0.6
e4686c264bfc2feec20113bff2c052a73c7af99f,6,1,5,0.4230769230769231
f40cbc2e509dd7f660916a3671a976380636f5b4,518,343,175,0.6561338289962825
ef320489a89c7ced73aede765575431dba24edbb,3,2,1,0.5217391304347826
1d8c141cba7fe86a4a7e1bc83d743cfa4a50aaee,8,1,7,0.39285714285714285
f4cc5f8d28e6148d1a1e2aa521dbe6fa71d8dbdf,30,22,8,0.64
4ca088c252214cb4c385f23b83e8bc70e3387f96,9,8,1,0.6206896551724138
ba59d32c126d8ccb1c44e9b18319c3ece6508b01,9,7,2,0.5862068965517241
98567138a492559a53a677fb4a8a45083fd2d179,3,2,1,0.5217391304347826
91ae6afaa6a5344523abcbbc05ba6243768b6cf8,1,1,0,0.5238095238095238
7ab1d57c5abbf142c93558cf709db7696712680d,1,1,0,0.5238095238095238
05fd317757fb3b6d498bad2243ba2b74fbc276e0,1,1,0,0.5238095238095238
6e19309bb9758f40ad744e0c0373a4c444971231,3,2,1,0.5217391304347826
fe26142ec86a1db14e3ad4da73c6446e3988aff7,1,0,1,0.47619047619047616
67348315607dd85bc10351d654bd67534b027c87,7,5,2,0.5555555555555556
7009b7e31e1efcd351ad9dd772882e7cd8e15b42,1,1,0,0.5238095238095238
f92cec0a92bad6539f5bda465311907f6720060d,10,4,6,0.4666666666666667
ec52b092c1d13033c98047a5c82ec165758223ef,11,8,3,0.5806451612903226
d3d97298672d4575fe008b26aca098eb9d3fedc3,5,3,2,0.52
76a0eeeda130f1ea5cb169a32a41875da30e164e,5,2,3,0.48
cd115372376e13e60c6d1eb5e1d4be7c36c5b5a1,2,2,0,0.5454545454545454
a1819d2bd25a85e7c84830ebd41446c7fe12ac4b,1,0,1,0.47619047619047616
8304a9b092802efd6ddb53dedd62f30eabab7dfa,28,20,8,0.625
e17a04b25adf1a31ed170c7c0cdadb519f5efdf8,2,1,1,0.5
457afc734ae879786955f975f76e21152f4cea70,1,1,0,0.5238095238095238
8281bf3b1c3dab9454135db3434e97b06a7a83e8,1,1,0,0.5238095238095238
7183e56b258a02af5ef3b74804b6040fea563bdb,3,0,3,0.43478260869565216
a8b60e748b95a3f29b4b56f78a12f461f99838c0,1,1,0,0.5238095238095238
c7e08a4548ee22c05e26e04e2b03028f6175943b,1,0,1,0.47619047619047616
4ebb0d0ef82d07e7d8857bdfab51ce05d4b61524,23,19,4,0.6744186046511628
1a1dc9748b0186b00d2491cf76703bcfbc5f0d4a,5,2,3,0.48
e9f9d5f606731eb6f6b49376aaa61f204d8d3581,7,6,1,0.5925925925925926
6a6b6af615c7422908dab72d20a3f82c9c191574,4,4,0,0.5833333333333334
6d88953c086102af2497c52fef098e45708b8d48,4,2,2,0.5
401d1bf255914c46a043f7196d98d71fcbe53f93,2,1,1,0.5
2852f19262e7986b3c19a89f54fb6fcc0d28147c,26,14,12,0.5217391304347826
6c7b281cff86dc37ea6440fab6cc2c4061e14f0d,1,1,0,0.5238095238095238
5406efabf8d0d02ea9f8f0a68b20ca82ff8a077a,2,1,1,0.5
30314f869f093fd0b8a5269ee3e8778ab685fa21,19,19,0,0.7435897435897436
b379c095da117fe0f95916f7dd35f3c5cfa8ad9b,469,100,369,0.2249488752556237
75a8ffcc84a882e4734c276e76da22d0a14676cd,2,1,1,0.5
dcfc0e036cc7284b120ae2072e17393db68561d8,1,1,0,0.5238095238095238
c43ab2cc7fa7f77bbbf50af51d12121802498adc,8,3,5,0.4642857142857143
9d5afb523af0baac47bfeaa1e31d9ef15b679add,7,5,2,0.5555555555555556
a843749d13df027a7790ba68f421ae9987722a1b,1,1,0,0.5238095238095238
4b216eb6e4ec68c3c4c75257d43c31695313b80a,1,1,0,0.5238095238095238
ada30981e0bc7ab0d1ff50a400ecd0c2bdc1a04d,4,3,1,0.5416666666666666
e26a74068b26dd30ee97cd419439381d76056217,31,26,5,0.7058823529411765
18724bdefe83465da8db37a9288b1631900e4bbc,6,5,1,0.5769230769230769
2b16f7c71ef02cc5aa3d8825c0685250c1dc0607,6,4,2,0.5384615384615384
53e5f73eb2301cd169f951d6f5eb9b657406b295,1,0,1,0.47619047619047616
964dcf29acc5265952cf61f3ad76cb814f061250,72,67,5,0.8369565217391305
5a399a881127043580d8ea9741e19323dcabb8ba,1,1,0,0.5238095238095238
49272bec9579f2b725c98d8abe69fd999d19ffe8,12,9,3,0.59375
344d9cb362208a48cdf9655bc2b2e3cf9faf3292,239,150,89,0.6177606177606177
a4d8caf704e0886f04c02d5b38604794d4d28252,13,6,7,0.48484848484848486
c6eb7358b4852d86fac14c96ec9dd9cdeb7c5f79,3,3,0,0.5652173913043478
eea2c372df60d506bb983791a84b86c7da5de58b,4,4,0,0.5833333333333334
0f18772a6f7916c8e055631aaa9c742e5f8712e4,2,2,0,0.5454545454545454
19a9b8999f87ab80f74801600ba56aeb9007380a,4,2,2,0.5
3ab14dad7296b6a128b5c41ba12a18212da0fb8e,4,2,2,0.5
3c194ac2eef9b8f4c8b133e224d91b92271d5a1c,1,1,0,0.5238095238095238
e99c2d0d8aa5dc0c31aa6ca16726d63623cc7631,2,2,0,0.5454545454545454
6fb88db148f48f77dd16de1d8141b84982ca4a90,2,1,1,0.5
e815f99c3d06db710be36be3ba2d8cf21ad702e5,3,3,0,0.5652173913043478
db1da99fdef7554f786e2bf88aa164ec78bf6c11,2,0,2,0.45454545454545453
505f2447c848fae0a26459fad9438c3690ecc521,1,0,1,0.47619047619047616
750644ddf487157b9e8c6cce5c4a5c935c837674,2,0,2,0.45454545454545453
ea7de469b22dffe62d06ad38c48b5f7d0958f9f8,1,1,0,0.5238095238095238
26a9f8e14810d5b9257936908e98061438366d2e,1,1,0,0.5238095238095238
575b06d96d8485c7dd800f9ac9a206a292015cd6,2,1,1,0.5
76672ba5a4d707df371631aa92b4f505fbd38800,3,3,0,0.5652173913043478
2ec7a57b793996189a1b9ce0c979537062fdfe15,1,1,0,0.5238095238095238
1418357a306ff7fad0515cf30cb023b773a94d2a,13,9,4,0.5757575757575758
0df2c045cc6d15eb5d8dd76d4e6bc71dafb2a631,2,1,1,0.5
8807011f1cf34c23c2cc6826e50b302167751107,1,0,1,0.47619047619047616
0d6cef8bb1c57e7fb483503bb9c88d9529080b93,137,71,66,0.5159235668789809
fa0a04feef35373368eca2d4d7b878d3bef8073a,6,5,1,0.5769230769230769
056a4fc13ab798dcb435827d67adfb40c8472344,35,23,12,0.6
4c960c445517245b93c765a5e86254fce7e24f68,1,1,0,0.5238095238095238
de592b4fe74eb6beefea47e5669a410b2792ab01,2,2,0,0.5454545454545454
66d2736ef70375244f9d44a9eb5f36b6618b688a,24,1,23,0.25
69a6316d31c8c110acefe088ad42291d4dc331e8,5,2,3,0.48
5ed950bd5607b97a4c774e4fd492198493f99b8b,4,2,2,0.5
40db1fa5f8312a24ca306b45c19a5ddba38accc1,3,2,1,0.5217391304347826
3db566b111bb71876dcaeb93d3ae5d436e94d793,20,18,2,0.7
f3508207d8f0d66c0d12c667dbc3661a4aaf66f9,1,1,0,0.5238095238095238
d11c9c2390230e0b25e4a947b4784201622c5ba4,1,1,0,0.5238095238095238
7c14b027040cde5cfa683e60fbbf26199a46ce7d,4,2,2,0.5
dec0450985085da071e6b1d8e9919a8d13402159,1,1,0,0.5238095238095238
15cb23301e3b863ab61be00c4c50adfbccd955e3,334,292,42,0.8531073446327684
07e4631b0c03ad3265fe44dfb86cddf7245567dd,2,1,1,0.5
ad1d3a36c89644f601a008744b687aee01870c33,1,1,0,0.5238095238095238
d4e7afc27aafb1a045d9144cc28c96396addeaa2,1,0,1,0.47619047619047616
70b0c03e813911f4e0270d0f054eb5af24ab877e,3,2,1,0.5217391304347826
17c5843168f5c36fe5a2636ca4613559c4d3bb90,4,2,2,0.5
0c72e41207db0a44861c161b12b8b0abd66b7a5b,49,41,8,0.7391304347826086
b74dae1354f4f36cd95237e529391a9e170bc04b,72,61,11,0.7717391304347826
c948d43033780a84b4367fab12ee0d65697e1d1a,2,1,1,0.5
9bd34e1beb79ffa292d520e0e57e56db26b8cf13,1,0,1,0.47619047619047616
376f22736879fcf7f5ca07518f33a275b9ba15e3,214,74,140,0.358974358974359
1fbb31d8453ccf73775d6496cc20d40823b17cf8,7,6,1,0.5925925925925926
8590d62d4006f3bfa09127cf0969e30e02ac743d,1,1,0,0.5238095238095238
6f9be7dbcaba0954f70db55f9f5fb281b0694081,1,1,0,0.5238095238095238
9d23512bde7f8a4588ce5e4b05f9a58b4d1737e7,1,0,1,0.47619047619047616
83acc8605bae69528740848e3c86af5234adcc93,109,65,44,0.5813953488372093
82b444753d536b48992e8fdfaf53703299785d1c,239,180,59,0.7335907335907336
daa4e365d8644a35c18504f5345f8d3f8c856a3c,1,1,0,0.5238095238095238
8d698a3c2be95629c5591d53d4b21a6816b20085,19,16,3,0.6666666666666666
abd78b81b5addfc582e7d1a9408b5a789059123b,5,3,2,0.52
63f3a7d85db358613b385cb207db65f8eccea541,1,1,0,0.5238095238095238
48dfa5c736fdb7869dede582cf9eb0e4d383d883,56,51,5,0.8026315789473685
0a377b1c995f031ea80991608bd4c02983a404da,248,209,39,0.8171641791044776
4917e48e733146eeeff19c42fc91eb7e919476b5,10,1,9,0.36666666666666664
baf99a2f828d8b6f61f080a5b69c180348754db2,1,1,0,0.5238095238095238
8d0b240ff56e12ccdbf8bfc4a823cfb6259e54a1,1,0,1,0.47619047619047616
6da92a8b16472f1cd877541a208f8b3ceb59bc68,1,1,0,0.5238095238095238
d283fcced1083912b73ebb6441c9d9845df3ea7d,1,1,0,0.5238095238095238
2852b0abfa90bca4b0f88bfef4badb9231d6e428,1,1,0,0.5238095238095238
61fe60a94dd5dd3decb7e2510e2ec2f57149a735,10,8,2,0.6
3be8e30750bf804e02b441e3884c8c1d05ce3355,3,1,2,0.4782608695652174
8b2315499c35749a40eb9cc2bd5bd5d1236e842c,1,1,0,0.5238095238095238
c68a17b2e32a11c0f4b10032cd38c212468d4792,7,7,0,0.6296296296296297
cb379c6723f229f2e3bb5778fa671f1f2b3deab1,1,0,1,0.47619047619047616
94f817c86f94e8d3d88b1a93f5338a729fb3f637,1,0,1,0.47619047619047616
91ad5de656f370c3cc563f71f11e12d70d5d6d60,1,0,1,0.47619047619047616
085a6e79f7f57213cc70692ffad7d5fa42a97caf,13,10,3,0.6060606060606061
0c201b000951df47e9c56d94ec286e9a290f0765,1,1,0,0.5238095238095238
b6d3a2bebc17ed2b2050575f059b4023150e3a2e,1,1,0,0.5238095238095238
1137ef65268dd48687ac1b01e316b993874768dd,6,6,0,0.6153846153846154
bc77e439555de9b5e3ade8d0ee4174742d332217,1,1,0,0.5238095238095238
ea63b54754d6dea8b50e7e3e8896fb2e402d7546,3,3,0,0.5652173913043478
3073d0613c647955caf9e2d504094e2a55bff7ac,1,0,1,0.47619047619047616
9a9e69da486bda13033cf67e0089c9a72437aa7d,10,9,1,0.6333333333333333
32bed378b26433c532a0ec4d9483023f8511ec4e,2,0,2,0.45454545454545453
0ae93bf349ad502feccde0cbdcc5bb82cec8754b,1,0,1,0.47619047619047616
a19b73c6d2b560e9ad63b50e30822ca1cd8aff2c,2,1,1,0.5
1d32c2688c0835926f03d9c7231d288d888cec00,4,3,1,0.5416666666666666
12a2d45f958d9b7f92eaafac81c536f3194e17fd,1,1,0,0.5238095238095238
99cd2cfd6f6afbb52018ba3d8a4fb6a3ab7a282c,1,0,1,0.47619047619047616
db7553a5eb9321b96cadfa5414be99e8eb39122a,45,37,8,0.7230769230769231
ddfdb5f0eb6440be063bf551c7e7501c494c1ec1,9,9,0,0.6551724137931034
021891cc4ff6ea0f685563c73c1878160499ecf3,1,0,1,0.47619047619047616
114527162641452149a22ad4a0529dce843c0ec3,1,1,0,0.5238095238095238
c07de4d38cb16e32c51bdcf04b7ded0667a1e5b6,1,1,0,0.5238095238095238
e56b0e1b9e383d35001f1769645822803cfeba93,318,162,156,0.5088757396449705
edceb56ee8149727a741b5bdae2e969b074cfce1,1,1,0,0.5238095238095238
9aeefacff14596d1cb7402a7856f1bb2b36a66e5,1,1,0,0.5238095238095238
4c2348632184336748a60a52dade0869de866982,1,1,0,0.5238095238095238
74882de89ed4bcbd201781d8b2061e87437641d3,28,24,4,0.7083333333333334
892afd275e130c13c4f54eafd8e2837367be3a8e,2,2,0,0.5454545454545454
e6456dc6db8dedb018dd4fe1cc7dd2e05808deea,2,1,1,0.5
6abc75ae40c50707ae9564cd501c272e5e1a66d1,1,1,0,0.5238095238095238
2fa694aa1f6d958e95711cdf2a99ea8594579d85,1,1,0,0.5238095238095238
476eefec22a676fe9ddb5cfa3d573aebcf7f8917,6,5,1,0.5769230769230769
7e9efb5b7adc4099eb05e0e8dc0207cd940b3650,15,11,4,0.6
126a72d13a00aa7a0fbf761bcf33f570d9a0fc83,1,1,0,0.5238095238095238
986a98eb10bf163b9b44e4e6130287e0b1d3740b,11,11,0,0.6774193548387096
2ce70f94e75e15a49d52b1f1ff1313bc65d42b60,5,0,5,0.4
54dda2874845d5e384279bcade183c25a2ad1bd3,1,1,0,0.5238095238095238
920a4f6dafd31c9c9776a559bad4678209f627f6,1,0,1,0.47619047619047616
317a8f54efca4feeb457fd1e4c0a1ef855d6d7d6,1,1,0,0.5238095238095238
ed45c4ff09357b7fd2ae286fd37d93c42b3ab9ed,2,2,0,0.5454545454545454
dc1ab001b77462ecb45cafedd44bc5a3fe292249,1,1,0,0.5238095238095238
521dc42ec34d81bd95279ea2970bf5f630e60cbe,1,0,1,0.47619047619047616
bd249652bfe10588ea829a48d5f295edfd8e5039,14,8,6,0.5294117647058824
c468dc029795dd77f8e8cdff453b2f21c2f95275,1,0,1,0.47619047619047616
6b149a635c7d23540d602d246bef56bd67a9e3e7,40,35,5,0.75
1a0c7e8431ac485fe99edc0afe6bfef735b141d5,11,4,7,0.45161290322580644
867b74eed119ed14b78b34e7e142e9b4de68b37e,2,2,0,0.5454545454545454
e9403b82cf559e91d51c1ddc0228d170d3a561c7,1,1,0,0.5238095238095238
8ba8c6ff17ee9dec5c59a26a60c680a491468fe3,3,3,0,0.5652173913043478
1555ed83893da865c168eaf1464e53f9587d849a,2,2,0,0.5454545454545454
c5b7f76d74e05ae84be0a9e823d74fc365fb7ab4,1,1,0,0.5238095238095238
9ea0481d6fef7f6a5b485bf03a4a0388b3f17c71,1,1,0,0.5238095238095238
184f5f6aa60a77e82cf72a1a1370e9b517a53574,340,179,161,0.525
4d1b240023d3126e9f2785d823a1aaafc9ff54b8,3,2,1,0.5217391304347826
0939824c3be87fe0b901a403396d509870200d9c,3,2,1,0.5217391304347826
3a99dcfbc8c454620a9afe4f9b2c7f4c3ac8ef7b,9,9,0,0.6551724137931034
e36888ed344f0628f9af7e4e6a75e0bcba7d1e5a,76,50,26,0.625
5b3b46b419920ad3374e4f8a6efd88a4e2cbcec7,154,76,78,0.4942528735632184
425725a5a32d13fb4b0a85e305f7930ec777ab4f,13,10,3,0.6060606060606061
170590ff70cfc6c734956fbacbd90b268e219da4,1,0,1,0.47619047619047616
98b1f0b4453ebd73a8a64bb31467b1c38a693d4a,7,2,5,0.4444444444444444
82bf951a6a99b59200f7b4f00b40447feed23522,11,5,6,0.4838709677419355
042c26a8e4171565ed4e568c4e7a8d68d0e83f6a,1,1,0,0.5238095238095238
da728aa676ffe0fec1f218de1906c1fc262a034c,1,1,0,0.5238095238095238
69d8b240131442335c3ee0d528084fe7d613f2fd,2,2,0,0.5454545454545454
703478a4fc4d368e782b7177b1b798c445ee4815,1,1,0,0.5238095238095238
4bc883799bdc54c9322dc5e25231eeb23d6170b1,1,1,0,0.5238095238095238
fe32c3492c9af3e1156e6b0be1cede7772a65cfc,32,26,6,0.6923076923076923
263d1a80a9a882fb7a7319a8fd837b88f3405368,11,5,6,0.4838709677419355
3d4d99e16b199d959a09409ed7fa553eb03f2d2b,1,1,0,0.5238095238095238
99a6a834213c8d7aa88c2842831dc5c60a9c26a2,1,1,0,0.5238095238095238
5e9d7430b3309255b810848af8f89aca64a1bdbb,9,9,0,0.6551724137931034
47d30eb372bdabefb84e25bbb9bae13439c6a17c,1,1,0,0.5238095238095238
a422569ff41665b03c47ffb7bb4d4b7dea59b034,7,7,0,0.6296296296296297
3c148fac04b2f5b02fa48b10dae6784f93a16d38,1,1,0,0.5238095238095238
db660057b3b194b9ab26f7f96a9f9075e956652a,1,1,0,0.5238095238095238
8e1b502e391398289d4bac357448206d0be79c13,1,1,0,0.5238095238095238
0b94a9a11753f7f044047d9700d269c330f7e201,21,18,3,0.6829268292682927
888f3d6665341a351e7da1bdc7b745ded6f35b81,2,1,1,0.5
3696875711405be68a215181f9429492e08d6463,1,1,0,0.5238095238095238
1454615fd4d6e5640a8594d57e93cec3fbcbfb9d,1,1,0,0.5238095238095238
8b46068e056b0ab99363c18b4a868ff85d1c70ff,24,18,6,0.6363636363636364
1b184c86a512413e23665b29959c0b5de709fc94,191,170,21,0.8530805687203792
24d37e44bddaf6b7b7ce555035c0682302b89000,6,0,6,0.38461538461538464
2cfb823077c6fd3a13787fd30649aaa669791262,1,1,0,0.5238095238095238
45bb875ab0caf0ab1bf1a374092d491370382c70,1,0,1,0.47619047619047616
59e4bc12f77879b2a7a6828f7db3f52083c6b0ff,1,0,1,0.47619047619047616
70f96264e10d789ab3bfe76811fd479e294241ba,5,5,0,0.6
eb0996985db9e5f8442c0449790b422434ae2ef0,1,1,0,0.5238095238095238
e3b47f2bdc06801313c0d6fa5f72611fd517e866,7,6,1,0.5925925925925926
abbd10b0e350a1a5a2831ff5d1f8749074fd976e,1,1,0,0.5238095238095238
6ab0487cd7e507cbde2d2d5471b90fb287924130,1,1,0,0.5238095238095238
40b3bde31f19ccb1d126a32ab07e92b5c8f39020,1,1,0,0.5238095238095238
ed9034c62c05d3973f8221f69090f5e340bb6abf,1,1,0,0.5238095238095238
bfbba367b1450993b9132baeac2a00d0f0660bed,1,1,0,0.5238095238095238
2d76ed027caa19fe1a6888b2ec17099f16e11dae,31,13,18,0.45098039215686275
ee6445eca8e3a23efea4d80d643354dfc75d4749,1,1,0,0.5238095238095238
8e4645eda424320c7e3872d07e8b56819fe6b58c,3,3,0,0.5652173913043478
cc4ad700cbf2c81346e18ba9ff4140e255a70be4,1,1,0,0.5238095238095238
daa6c1f297317e4cde92681193b2ddd9ee2124bc,1,1,0,0.5238095238095238
2417bf2be40083500bb0ddb8ce0f3e67e1d26132,12,7,5,0.53125
343a48381ab1299853902867f45e30c9944dea94,2,1,1,0.5
1211140edef59b4c8f63b17a45db97370ddb270d,1,1,0,0.5238095238095238
74385cbef1278895d478f6478f0f5aa6d9a0cff0,1,1,0,0.5238095238095238
a184c4287dc86618a9bf8d666d20c0782bf202e5,2,2,0,0.5454545454545454
44aa342c1234a345d32578e929a594b1e2ee4567,28,25,3,0.7291666666666666
032f616ce259ae66e2dd5734e6a87885d14c02e1,1,1,0,0.5238095238095238
605732a5c7f31e5c316e292c05cc7c4468f9738c,21,21,0,0.7560975609756098
80e48d8d9928d1fc2e172ecb5a4eddcaa5197e7b,2,2,0,0.5454545454545454
19d79fe1cb968cb647dc7153f1098eb0e8aebc68,43,34,9,0.6984126984126984
893d6dea4e8b69a10bb9a53d3f891e8fee363e2a,1,1,0,0.5238095238095238
b5ea82b25ae2b2bf1bc8c9e79564ba8acecb0ec2,1,1,0,0.5238095238095238
8d80ce81c78a9676c0eddc07dbd1891432694092,137,117,20,0.8089171974522293
db7eca46c987d0c6a0145163aa2a4a4787db052c,1,1,0,0.5238095238095238
922eeee6e8d9e8cdb1bb60ce984e8253c844d667,4,3,1,0.5416666666666666
f45a192304b482ead0c98eb7a7a4d2acaea0da5b,2,2,0,0.5454545454545454
2b5eeee529cb25520068b44dc9771a95bbd789ae,1,1,0,0.5238095238095238
316ff07421e59c43315ce02a763f1e2c7ed0e49f,2,2,0,0.5454545454545454
377175e7acb1a6413be0a24484d41c2edf38ff8d,52,45,7,0.7638888888888888
835c136f209bf597db9db4e2a709559b181ab0cd,1,0,1,0.47619047619047616
582baebf630efdd0b2b53b69c8acb6543770a82f,2,2,0,0.5454545454545454
c3aeefd9c29a0f56afce1fce52581327eb0c813c,6,6,0,0.6153846153846154
eea7749476d64e26c7715469981734f9344c22bd,30,22,8,0.64
fba7a9e2585b29a777425f09868f83d365a44eae,48,46,2,0.8235294117647058
50127cc3bc6dbba849e93a9e35515f56c33640bd,2,2,0,0.5454545454545454
3565a3d18b15862e877e5043e12d0fbefc07cc0e,206,157,49,0.7389380530973452
fa17593442f7ab2db3c7c52399c306c60196854f,44,35,9,0.703125
7e900feb2cd55938901788a8ea4e3fb2d508bfac,2,2,0,0.5454545454545454
450604bad2ce12fa90418cad1f8eb39dd9da1ea0,1,1,0,0.5238095238095238
d29b7cbc16645c06cc153e27d1c7902006982c94,6,3,3,0.5
75a9b65a9bf958e9f691e88e9200fde92497a812,5,4,1,0.56
4477c010b791a56a319454f0b8c650cc48cfad97,11,4,7,0.45161290322580644
b008fd58883a1d8a630092fb9816d439b149c313,1,1,0,0.5238095238095238
6db3cfe34e6fba4d65da454d9863b47b139a0893,1,0,1,0.47619047619047616
7fc556e47100735c7a951868592ba9c77f5b99e5,9,9,0,0.6551724137931034
49e5cfb44da2a656795851c48b4e073f5d5ab8cc,45,41,4,0.7846153846153846
d95799b090d091cc84c4f9da8cb0248524222508,14,14,0,0.7058823529411765
149f66a2504bcc7db809f67f03dbf94855218999,25,19,6,0.6444444444444445
55437cf02bb565de9ebeb454e1d71469ec469d3f,3,1,2,0.4782608695652174
f90fae01e0243dec37d06a86621f0d55c4850800,1,1,0,0.5238095238095238
0381d0d049a6e6009f53683a35e40457ab8e2cbc,11,7,4,0.5483870967741935
347d926f8fb4a833472e1943d7bc037a9ac2c8e8,1,1,0,0.5238095238095238
5c155f22e1f86c5ef92986d25abc5c61f79158c4,13,8,5,0.5454545454545454
58cee592139787621778c78a9a2b9501d0375cdb,11,7,4,0.5483870967741935
083a591cb1ab5ef865675e4418120bab39cf518d,7,2,5,0.4444444444444444
ebbc2cb66002bfa5099d78ba50f989d7ff562835,6,5,1,0.5769230769230769
9fc0f50ac0ef0cf23b042613da0103129b574df7,6,6,0,0.6153846153846154
08a08b0dafcb3a98abfc1da545f6c14eae26e441,1,1,0,0.5238095238095238
a61648c2c47e47828ec4caffcd00e354624b410e,42,33,9,0.6935483870967742
85f519f0aa50178c46ae02fcb763e4163c0c9935,3,3,0,0.5652173913043478
82a5571f8a6f1faa22210aca1593f5edf012f0f3,5,2,3,0.48
be84663c6116147c5cc2baf44e5c9301fd2239c3,1,0,1,0.47619047619047616
d5d67dc6856633c2b767195b295b87e8651315ad,2,1,1,0.5
6b8614f071d1c5a116b0696e6e53ca1c6ce9352c,1,1,0,0.5238095238095238
3f4a8a839d27b8b539bc75da11d71c6ee72e6945,1,1,0,0.5238095238095238
c9b7e555d9068fbe0ad03aba51f5de7a07e4695f,1,1,0,0.5238095238095238
3760be2fc42194cfe7bd7432ff3a107d1910a992,1,0,1,0.47619047619047616
db8e52cd0e2feddf6afe0939afdb45ec235aae13,26,20,6,0.6521739130434783
8fd0cf6146465c00314645e7c5ed4f92914b007d,2,2,0,0.5454545454545454
70541874998f462dfe545fa871ecc57736ea7f1c,1,1,0,0.5238095238095238
0f906b89204e7a7c633b06052db1a82fcdd0c940,135,87,48,0.6258064516129033
517569ce2594edad0b228a10316152403dcb8967,2,2,0,0.5454545454545454
fbd1101a84a9ee7249341be57bf702b335ae763a,996,575,421,0.5757874015748031
239f6c01de6e3467e6c8144b137fa1164511607e,2,2,0,0.5454545454545454
ef167468e0b04f5da4e940f2d9d024a48dd7bf81,1,0,1,0.47619047619047616
1c7a8797075a0349b7bfa7b20f8ae2adba9ca702,32,24,8,0.6538461538461539
7895a0dec12738e2376bafa3c31b435b4fc07697,1,0,1,0.47619047619047616
d3d4ab5760d26068decfd2a3f4ba4226d3b31919,13,9,4,0.5757575757575758
ad68b1e41dc23db3821341b7dbee2446ac24af2b,2,2,0,0.5454545454545454
9b0cb85f1a13e369915a3c4a865af39397033190,1,0,1,0.47619047619047616
becb69d06db43b741446a1ef7646246129071eec,27,26,1,0.7659574468085106
efc6be7468bf83ad89aef59264561e23a3d676c1,1,0,1,0.47619047619047616
c1e67ea32b877feebf0fe55b8c95e10ad1042792,1,0,1,0.47619047619047616
ebfd1752b205f9b5c1ad1dd78a9838429a47d364,1,0,1,0.47619047619047616
d8baf5fd75be07f35744c11d81df03182c39021d,6,2,4,0.46153846153846156
d21dbffe95cb924fc2ce07c363562183631eeb45,2,2,0,0.5454545454545454
7bdfbe5e01017656e960ef223b3e553217109519,2,1,1,0.5
8621231342d20a32966008e3ec9a9799f0fdaafd,13,12,1,0.6666666666666666
1f8f4363f82a6a0060456fe902dd790fdf8bb8a9,34,9,25,0.35185185185185186
dc1911dcaaa3a8ce6e1204261af7fa47002d02fc,1,0,1,0.47619047619047616
30a7f28a32ba2bd4e67f3417f6586f8d7208980e,1,1,0,0.5238095238095238
2ebcc36927a41c472684e9d211130debe10d7fb3,1,0,1,0.47619047619047616
ee6792cee6dbfd91dda2282cc844d6eb44cc8d4c,1,1,0,0.5238095238095238
ad32535ae79f774a059e9febf55990dbac95a7e0,1,1,0,0.5238095238095238
beab1586f9edd000f170a55ae3e15313f27eb679,3,2,1,0.5217391304347826
02abd18e945eab1a950f4a4a61e1d3d48a9aaf8c,2,2,0,0.5454545454545454
a387ff7a1458783f5f9f12945edc86b86454ffdf,117,73,44,0.6058394160583942
4e63e4fae907ab93c262e7cf044efcf9c5c121cc,2,2,0,0.5454545454545454
ef3d2c1ebabdcb31b10cfb404e4c2a94052f542e,10,3,7,0.43333333333333335
d713ecb8cdda0cb4819074bd4ec8fa42269eb067,14,10,4,0.5882352941176471
3755a298eeef5735a2fe8bd095d0a779ba2e945a,7,5,2,0.5555555555555556
b7a3c6d39770813536b95f021da71110a2bcddae,1,1,0,0.5238095238095238
22aa9245a11c20ea22d38b001f14ce6ea1359626,3,3,0,0.5652173913043478
86db43d25023b841b956e9b5494377617884b7a8,7,4,3,0.5185185185185185
1f73a4133fc012b7fa56643f6562982594382442,1,1,0,0.5238095238095238
e2bbf90404109085b88c7c9c5043b811592a911c,1,1,0,0.5238095238095238
2995f4368e6529334cfde99fa9cb582dbfeee5d7,2,2,0,0.5454545454545454
834c1b374fface9f18e3fa09a20464830154a109,4,2,2,0.5
3ec0a7935eb4cd7a392031c3c532ffca0132aae1,2,2,0,0.5454545454545454
05bb5467c1a2a7121974d5384aebab05794586bb,1,0,1,0.47619047619047616
e90bbf782390fbeffe8d3ed6e01b2a02bd27d21c,5,5,0,0.6
77959b5bb2bb531c465e8389dd1a410f21ab44b6,1,1,0,0.5238095238095238
7aaec3f6e53a7aa0232a9b0929e9caefc9d3db7c,1,0,1,0.47619047619047616
ff97fc67720606ad0343600561908dbb0f9d0105,3,0,3,0.43478260869565216
98a51be56c8833bc83879a3775ae8a667baca882,46,34,12,0.6666666666666666
7572815fbe990052bb3c01101756f499faa3c9c5,2,2,0,0.5454545454545454
4780ff129189c8a3065b16bfb192a484b0800f62,3,2,1,0.5217391304347826
8445b6ec9631decd33c4666c1ea2c3630d2b76f9,1,1,0,0.5238095238095238
e3c05a1699973b30752429c96e3621b01a6dd7b1,3,2,1,0.5217391304347826
b062fc78077c5aadfa00fdf9279ed17cde1323f7,2,2,0,0.5454545454545454
fd963500208e0e1ed5c59ff124c2d0132e2e4fbe,9,6,3,0.5517241379310345
5ded5112bfb05f3b9582e52380b744735dffe5cb,2,1,1,0.5
6edf3a5e7e04322b0fd479b31b741cde498adc96,1,0,1,0.47619047619047616
61b682875bac7bddb9054b84585c8b7c6c15e777,2,1,1,0.5
f063aa15aa2864cb1ffd029ee889b05846dbeeff,7,7,0,0.6296296296296297
588a89a69745a4e417270f5ae189080f06f0693c,2,1,1,0.5
3e2e959c9bdccb5897de38a7591c42d5d1380556,1,1,0,0.5238095238095238
2be43cdf3c50236b191b2705add97076f7c15e98,1,0,1,0.47619047619047616
a8baf0b6aeb57471c9b68c39d2dcfda65f7d3b15,3,3,0,0.5652173913043478
714b37f7ef7b47d3afc15f1a7095596e48d6cefc,31,14,17,0.47058823529411764
416641c37aac710d8bf87c90fb3f4107e079d5e2,1,1,0,0.5238095238095238
ad66c41c4d3d4452201fa4e15004a4ca31a5e986,6,6,0,0.6153846153846154
dc46651d387ed8824baf68716c247cfb6a3cd7a8,2,2,0,0.5454545454545454
bfdb3fbc75688f0ccf7f4d08ece8483945cbe078,1,1,0,0.5238095238095238
8319ddfbad221ab63171a64366297c2d6ae4bdbc,20,10,10,0.5
de5a57b486b6e1dd51728a85c6566fdcc7e511f6,4,3,1,0.5416666666666666
dd6fe3bac405e93144761c8948806a110a929a6e,2,2,0,0.5454545454545454
2b71d45e932d5c6eac40c50d451914fc561b4551,2,1,1,0.5
15975b952b697d50b1aa1c610ecb519b69add5a1,1,1,0,0.5238095238095238
4b858e066225df7be13f5dee7c6fd5095337a314,40,26,14,0.6
2d5cbcfadc2c63821fc7eb12ef13f7d8d1c53c65,10,5,5,0.5
520cc99fcfe178fafd6e4b63863861bc26337c17,5,4,1,0.56
01c0293e8bf16ce6268f67b1a53b7a32a8ab1cb4,13,12,1,0.6666666666666666
672990b1e72ba4f23297990b4a81243fdf2132cb,1,1,0,0.5238095238095238
810816a9fa0fa9ac2e747542b4e3e8c2d111c876,1,1,0,0.5238095238095238
3e0cc3aa81c10b3ed1a1671bd5e91fc924ff1379,10,8,2,0.6
50a7a3f6f05c6d3b7e96ee910644b748826fe611,1,1,0,0.5238095238095238
dab85489a7fe150c19e996682c5b4b932ea55b1e,2,2,0,0.5454545454545454
e82158378c6a923674a2d671e327983665468103,6,5,1,0.5769230769230769
ca8b10e1c043a8dfb1d3d0654cb39e9ee6c9b632,1,1,0,0.5238095238095238
22a9c5c53b4d9c69c1ecaba5452b2ddd07fd36f4,7,7,0,0.6296296296296297
aadffa10cdf743747186d82f3bab4b1bef3b6809,6,6,0,0.6153846153846154
d01b0d7a9eb43162fe15233e7b33dd54210c090b,131,113,18,0.8145695364238411
9d5a8db99e0168d2309820dbbcfd6480e79e68c9,6,5,1,0.5769230769230769
4ac7ce229ac9903c2902eee1f5b92c9de8c934db,4,4,0,0.5833333333333334
8a5f8bb0c1729a2d795ffa5b227a433785510777,8,8,0,0.6428571428571429
8d9148a11be801e55ac7a9397380447f70e24b93,6,5,1,0.5769230769230769
4e8e09d2b1a063e28380a171f3708f35267576dd,10,6,4,0.5333333333333333
c7abf3674be1ddb8b03782d9ddf1573c74a27ddc,593,482,111,0.802610114192496
c18b4a99d312a938355973f30e9bf9c635135080,18,9,9,0.5
921bb0fa53a039545a1799097923fcde0fce48f0,37,27,10,0.6491228070175439
cb6b3ed285afc460053ff51c8ef9c918ef2e3f9b,2,2,0,0.5454545454545454
ecfdf5ae9870ec60a535dd6506830622061471e6,3,2,1,0.5217391304347826
a37f5c1ff7ee2ea3db59c160567bf834e2bf3b2a,23,19,4,0.6744186046511628
b38a6360608edcb592a4961a28c79b2297bda065,839,588,251,0.6961583236321304
c9d2b0ca7daafff505c4b67ba6e4a2518ea9b802,8,7,1,0.6071428571428571
ff209ed1f581dc1ef25688b370ac01ab459aa4ae,1,0,1,0.47619047619047616
253edca677bef6a237c9a29674846aec4f7536ba,6,5,1,0.5769230769230769
3a11312c4fbfcab3712e2e785cb0af5159d2ff8e,1,0,1,0.47619047619047616
63ebaddfba1b81311fa453e5fc9c811dbfaf2f09,1,1,0,0.5238095238095238
e1878aaf3a290b46c6e1c2dc46c7644f6b0e3bf5,1,1,0,0.5238095238095238
2a7540f6072e66e0954cc6b7b1acbbf7cd49c546,1,1,0,0.5238095238095238
f8444d30da0e1221a0f6c38b02f5108d023c09ed,4,3,1,0.5416666666666666
1dbb90a1ca276ed8cde2d6bebf85fc7542eab28b,2,1,1,0.5
d253d3dda90e50fa4d0bad3a0a2d4e7e2d39ebb2,1,1,0,0.5238095238095238
7972682e584e4076e23311d12e13639c7eba9e6a,221,197,24,0.8589211618257261
ac3d9da63beb8bcb63afcd0d3bc7460fec93aad4,1,0,1,0.47619047619047616
920fac54a10785df2f25dc2dc278cc33817ed539,1,1,0,0.5238095238095238
ef198dea455ce0009f24a84043d7c5a01840e88e,3,3,0,0.5652173913043478
fd05748e2fb2dd8f6338ba4bfe4c11c8665bffd1,50,37,13,0.6714285714285714
470bc5aa7c5d95f37e49573ac745d1ed953e917e,3,2,1,0.5217391304347826
bc5844c6d4fda1c6e6d546fcefaf2522e51e95a2,18,15,3,0.6578947368421053
909587ad70efc91eb1b4142bf858ad7b087a0cf5,1,1,0,0.5238095238095238
54162055bea6f7262a86fd99a0a043a8eaa18b83,28,20,8,0.625
edc7c5bed4b3640ae500134cd55dba9addad0df2,6,5,1,0.5769230769230769
678921e70f5666c0a589d9f8de811e71854d98c6,2,0,2,0.45454545454545453
5e330afaf46ee50560195f72d3d07ffd8d328291,2,0,2,0.45454545454545453
f7eeec8c344df8d85901432cdf84d2c463e85b8e,1,0,1,0.47619047619047616
57f2e91461bbcbdc3de7147adc097185143b09c2,1,0,1,0.47619047619047616
aaa6baf270d55a3223a461076c9284853f1f4641,3,3,0,0.5652173913043478
10af0c41817dd3027918771679b54e6502b1ab2b,6,6,0,0.6153846153846154
918431491b8b989a1e8712497b5d088badd2d849,1,1,0,0.5238095238095238
ca448eaab2d8b7375c5a1ed5a27386cb44ab8af3,1,0,1,0.47619047619047616
7de00314305b8c13b304e2083501b6159946c6fe,2,2,0,0.5454545454545454
78060427a38e4903030fa2e297eab9db5c5e58f2,1,0,1,0.47619047619047616
eb19e0d129784bb9cc2216be1225bfb33dcfb528,2,2,0,0.5454545454545454
39a7498174d7902018e20da7c75c2a879ce1c92e,1,1,0,0.5238095238095238
adf41e17dd6f22711ade9c077d295b79e2ba7a71,5,3,2,0.52
efdace0ff1b40832a4148289accefb32709c180a,1170,944,226,0.8016806722689076
80f6d10c6febf08ef67163983133c814640ea03d,1,1,0,0.5238095238095238
cf306b700b189e3e680054822b2344463c9ac505,6,4,2,0.5384615384615384
2b6f9e79dffc13de137e3678cd7c423f77b6ab7e,1,1,0,0.5238095238095238
d4a5419b3b682c8dc9b07b5091f739723fc392a8,1,1,0,0.5238095238095238
3a934e5f49842ff3ff1eeb066601e905ea6ef846,2,2,0,0.5454545454545454
e770e95cd78ba5230f6376d5c220d52fdef5483f,2,1,1,0.5
03ce5477b1def273234636dcd64789b823c24901,241,170,71,0.6896551724137931
6b1564a785560204158ac8ddda82466a5f3fa48d,152,89,63,0.5755813953488372
681197eeae7b8b655abcaa413f06d02b37d074eb,1,1,0,0.5238095238095238
0e961471c7b14d85d4423b455e0927d48d79a056,10,8,2,0.6
16a1a8e57fbc8542786dee3ec9f34a86a3964791,7,6,1,0.5925925925925926
93e55f3143c6ff257e794018384fb390f1f1fc5c,1,0,1,0.47619047619047616
58ff27fc7893a0b963848adb1c1f61f84bb07358,1,1,0,0.5238095238095238
e5e75b7a96ed0cfc820432d2fdfb47a89c4e7422,1,1,0,0.5238095238095238
cc83fb637ec09342a6c7cbc5aaeed36caf29ccf1,1,1,0,0.5238095238095238
ba692a0d11113d173c88df88aaf1b9d0f7dc12ed,1,1,0,0.5238095238095238
f32c875f755f54b8fc356ce6a63b9713796db1d3,1,1,0,0.5238095238095238
b5fc7650f71bb30c5acf7d4534c4446e14dbe84c,1,1,0,0.5238095238095238
35aa4897a56591bd4df92a11edeca119d2388302,1,1,0,0.5238095238095238
9e58cfa6490fcece1c7f2726279312a06cdc41a8,3,2,1,0.5217391304347826
b93b8725ea9b7166990a9adf8b97a1d83e673e22,5,2,3,0.48
6ea56b8386b25ca7b9e165591cf1019e21d21255,981,929,52,0.938061938061938
70f01ac314860f4341831af59442ded4006cbff1,23,17,6,0.627906976744186
e372adb2e158f7b3d3fbd184d6c4032806d98970,1,1,0,0.5238095238095238
57ada78ec59c7c7630358aa1ef0cf2e7404f3942,1,1,0,0.5238095238095238
96998bb5f78111971dd339ba25afc9854bc640f1,47,37,10,0.7014925373134329
e485a188b5259b6da1d0477a762e9edf93aba66a,3,2,1,0.5217391304347826
27ee7c04cf1d9ad06dc6632f4f6e74f7808a5fb2,23,19,4,0.6744186046511628
1e78e37f4b1c1a73444e1d29f86b1f272264b37d,1,1,0,0.5238095238095238
77a8085df45c4209c18f076f6130090bbde23a0e,31,30,1,0.7843137254901961
8ed85399cb3812569cc203e58c93aa3d7fdc9498,2,1,1,0.5
a2ed5cad25fa75555b20249c185b73ad52ae0c86,1,1,0,0.5238095238095238
aec4d44913349b9d617c377389cd40a42983dae5,14,12,2,0.6470588235294118
96bc45f3b7e8772173ba1bf9c312988d64e91531,17,16,1,0.7027027027027027
f8b5a4bd0d86f6dc851a85870f97fc65b9e03c71,57,36,21,0.5974025974025974
ca3319c56062dcf7d1a30bc657f2c269dc0d8279,1,0,1,0.47619047619047616
ea8a42ada800ded4b818d536787cc9a773951ac9,8,0,8,0.35714285714285715
2eeb7e3dfac25be1259213b811acf315d369bcd3,1,0,1,0.47619047619047616
96bf78ee05655dc00ced940930f6b4309ba09176,161,106,55,0.6408839779005525
6edd5a4030cfe9d8c95170947537d16197014b36,2,1,1,0.5
d9c83c75449f4ab7831fc97c81a8f75cb06ef7a9,113,107,6,0.8796992481203008
ac52c57afecf4c84d37088aa0b3c42833f4aec30,2,1,1,0.5
1a756732fd777fce98ed5b309934ee918413e84a,16,11,5,0.5833333333333334
f50d7f698f8a7e51d0497dc6d5a80d74717ccb10,1,1,0,0.5238095238095238
0ea821bd2c37c3317e81846cc294d4f5cf03f39d,6,6,0,0.6153846153846154
13386185448d1d719089fb47b52236451eb7eb3c,94,86,8,0.8421052631578947
49bc39e433e553032051ce9b3a1426fad777f77c,1,0,1,0.47619047619047616
7ae6002b5a33065708bc555764375be1060fad30,9,9,0,0.6551724137931034
9b9e608f8c9bf3937074f7d5d976902c27602d7a,26,5,21,0.32608695652173914
6826a10f39997b0a29162cbff06fdfc62dea2305,23,17,6,0.627906976744186
d5f1a01c8fceb90e35c134035fa37f7e443da854,7,7,0,0.6296296296296297
8779793cfdaf1b654e63d9dff570ba45a27d3d04,5,4,1,0.56
f648535995f798a826d1ea30e2ffc28b2a2d8221,1,1,0,0.5238095238095238
bde56986823e1e8f01e8295f6affdee2f9c9876d,1,1,0,0.5238095238095238
25d3637728e68137cb0280d23a4d1a4009f71c94,1,1,0,0.5238095238095238
43697ffb3675fe071c509f8c8229044bbd622d6c,1,0,1,0.47619047619047616
8d1be814f6419c0481d24eb7ee7ace6d822739d7,5,1,4,0.44
0e619b18ce7473037b75424f0377ca8ece416827,14,11,3,0.6176470588235294
ee7493b5e7d2443c1d148711818069033aa2e124,1,1,0,0.5238095238095238
dc6cc4be2e03764a96f235b0b216c24f3800b9ac,105,97,8,0.856
8c8ab3005122a2bf8d6c0aea592e4b8f7115f60c,6,5,1,0.5769230769230769
7e837a696632be6ba91db2c5039c7c0dc81767fb,123,90,33,0.6993006993006993
aee421169e8d761f6dc22dc0d849cdb281762665,26,24,2,0.7391304347826086
f519bc6d7cc2c85606353b11855945ca125b30e7,1,1,0,0.5238095238095238
a2fa95ec6f1ccf5542ef771b3be95894969d8325,6,5,1,0.5769230769230769
5bbfd3412d1ff6121479f10d52f9f8f217a91ca2,1,1,0,0.5238095238095238
b2f3a31262e3ef3e3c617c6798b0fc8f9f3e9036,1,1,0,0.5238095238095238
708cd6e0ce1574db305539ebcdee8abc589a6ab0,2,1,1,0.5
3027a71c86a2ea2d39526741ef5ecf4ba38e6327,1,1,0,0.5238095238095238
6435b488bb109a1716a4dda4c7e570a25033fce2,9,9,0,0.6551724137931034
fe11b6516c0101e7347669d82bb7660588a5de1d,1,1,0,0.5238095238095238
8b183c7dc75061987c0e58b06cfa4560db3d687b,1,0,1,0.47619047619047616
707fa89e0b13f064d025b001e3bf1a0a47fc47c1,1,1,0,0.5238095238095238
f71e1c8a6dda3da92de395911d4f2f6593d913f6,1,1,0,0.5238095238095238
fbfaed185f330c8ce053db2f75019b884ba1c200,14,10,4,0.5882352941176471
fa4e8d730907b61c7580e79762a6c1d7ec5e4122,1,0,1,0.47619047619047616
b57fa2321e91b71efca80218382bd2a97b4ffd17,459,376,83,0.8058455114822547
d1a50930b6ae9be694f3e1a88c493c09b4a680d3,15,14,1,0.6857142857142857
3afc073f710eb56bfaf91ec95dc064f89dd79d91,1,1,0,0.5238095238095238
e11179d81d317d6456176d90fab8cf1a0d3360dd,3,3,0,0.5652173913043478
11e4ec541d1a96d609d80963179f055b1ca0d0cd,1,1,0,0.5238095238095238
36c8f11b6e37b5119b42a45f2b3c8fb00cf75f10,42,39,3,0.7903225806451613
1d9d1914644e21b17f9b9fd4f0acbd3167fded2b,11,10,1,0.6451612903225806
ae30f81d4661d1335e29cf175ea159eb7f10c455,39,22,17,0.5423728813559322
0a520ea83321613a272bc770d1e7179ce62d4e4e,3,3,0,0.5652173913043478
10177f1dfd62e867b81d68ba789c766053d8f9cb,2,2,0,0.5454545454545454
2267b8de7a0975e483788352b0d44e44c20a918d,5,4,1,0.56
d122f3aeef2b5d991b6b6c51125e8a02991791da,27,21,6,0.6595744680851063
3a5c87722ba7cf6cff04d0653e02787ef8e98793,1,1,0,0.5238095238095238
0e3098717aae49a03df2b04f03da60502dbdb3f3,1,1,0,0.5238095238095238
4f9031c45a93fffcec597868407b417c4477110e,6,1,5,0.4230769230769231
35d43fb9cfe58df7d4e6a6286a6bf30f8b8609b7,2,1,1,0.5
b4f3efe11f2875399e7991b5c8e14ce2d58d69f6,3,2,1,0.5217391304347826
b6479e28b14f40111dd5f1dd362f61fe17d71e96,1,1,0,0.5238095238095238
3b1ad2d130786e2ebcd1a6c210e7826a73559c25,8,7,1,0.6071428571428571
d4d1996f0a8cee67b12c875e464edf8ab459553f,2,2,0,0.5454545454545454
681c60071bf988d96208cc8f712f46b586f96ced,1,1,0,0.5238095238095238
2c68275b8c63d550a9ae5448fd66f43f184bd386,2,1,1,0.5
bcb39e6ad01fcd614b9755be3448213aa76dda25,10,9,1,0.6333333333333333
cfaa113b46a7a0a12fbb67fd0566f18c464a2f40,1,1,0,0.5238095238095238
d34d7d202d294b1e0ba37cd7242c798874bf767f,1,1,0,0.5238095238095238
1b71cd1cb7c2347826c3691847eb581d5832f10a,2,2,0,0.5454545454545454
9ee42a8a66d321f7e8944bb1e80baeba45a8d39d,2,2,0,0.5454545454545454
cebe95eea1cb1a43a6415d0eae1c02204d2eab3d,19,18,1,0.717948717948718
e517cdf4cc143e03d7823b3e65b1f9b190898b31,9,8,1,0.6206896551724138
a4c38fcc28b284db562e809edf11777d8362ef20,16,16,0,0.7222222222222222
8070b7891bcda6c169a24049de09a9d2b517de1b,1,1,0,0.5238095238095238
cb2046eb002f3c00d706e1cbd92657398a18a099,189,104,85,0.5454545454545454
c6401b87e683207603c9fbb699d9b46d3bea67ee,1,1,0,0.5238095238095238
15839f42763a97835b886c26912170e4c6cb5308,72,57,15,0.7282608695652174
c5ff3ba8dbc42c42cdfb4d0848e8ac4745cb880f,5,4,1,0.56
f4785b9866b056132bbfaeef0bce1b9696394db5,14,9,5,0.5588235294117647
d987ea355e5151f88dcf6fd38f17e1c729276577,14,13,1,0.6764705882352942
eee56e1c1d0e0d819467eb5a6f8b383e42e245ad,22,19,3,0.6904761904761905
55ff7fc69832256f864d3ad82a31709fd10ee69e,6,3,3,0.5
9cf58877bea18c80f47e4d41b46e7c189ab16d62,3,2,1,0.5217391304347826
2a4ca999a785410b4e2e8e223a11e966890bbec4,2,2,0,0.5454545454545454
944f693344c658e6bf8d20c5982f72b615dfef14,1,1,0,0.5238095238095238
b35ea2778b088cf787103ff02ce28c8b34a50bf8,1,0,1,0.47619047619047616
190c2aaf3f6bb2070b10599df22f4b83db0a8f20,4,2,2,0.5
091879c867bf7f20da3a298d3c755f6ffa1ab09d,1,0,1,0.47619047619047616
bb5799ceccb09c61a9e60dc8513d203855cbc215,1,1,0,0.5238095238095238
39cc55ee4a070d69c94b2f2280d8e2ac9a34e10a,89,64,25,0.6788990825688074
e7af499d7cce045ce1f057576202009f6d5c07da,9,8,1,0.6206896551724138
40d63748582b7a1fdd7487b54b24c1535d5eb182,4,1,3,0.4583333333333333
30841d6427e96e46a5d1ca9eab6e0b32d908f9ec,63,52,11,0.7469879518072289
8fe8eb8c0351d77a76f9bbc7ea0148422f084b4d,1,1,0,0.5238095238095238
503f055de7e068ff1b89f7576134efb6e57ae618,24,24,0,0.7727272727272727
f252bd9cebd3b78c7ea42b4efa58a70b08ee786c,1,1,0,0.5238095238095238
129bf3a397325c135c0d58910db3fc986a679aa3,2,2,0,0.5454545454545454
6f64984809f518ba16974c627a34f340c73d7b88,1,0,1,0.47619047619047616
1af3dee5cfe58fcb5c5e273c66ae8a2e90a57735,4,3,1,0.5416666666666666
91a84d8926e8206d179681e7457dc22a26ba98c0,1,1,0,0.5238095238095238
7df6751947a505c7f3787a16fed1bdff74cb82c7,152,139,13,0.8662790697674418
0e333071e5fb80219d6922ea6244f6a8405f245f,3,3,0,0.5652173913043478
21f6cc0efecce5a15f79f3ad81217b83a55c0f02,5,5,0,0.6
3adca65b65385ac87174fc96b810679c26b68912,15,10,5,0.5714285714285714
898a1460018b6f2b70163a9a3448f58d02136306,1,0,1,0.47619047619047616
3b1c52b6a3efda70fdff49a1e955f5f9174433bc,2,2,0,0.5454545454545454
c90968972cc0e01f458bd80a4d0b6a53ed056cfa,76,58,18,0.7083333333333334
c3cf40ccc12945db98516a1f43200f32bac78a90,1,1,0,0.5238095238095238
d16f2bfed1cc6e0d632b6ad96e6536da006a81b0,1,0,1,0.47619047619047616
c40af33199c868dacca80297139f9f172c10e110,1,0,1,0.47619047619047616
7bf35633d7f3a2aa2d03977b9fc07001c27ccfcc,1,1,0,0.5238095238095238
40556a391bf5d302fd9d1e8a3f892ca74444c8f0,13,10,3,0.6060606060606061
5a59783bb33c2d3a272dc19803d956e6420db605,2,1,1,0.5
6bcdf25d0317800a91040280bc546fe7a4660fe5,12,4,8,0.4375
d9e163c48bb02ab20d5cf7612153920da2f67df1,2,2,0,0.5454545454545454
164adcaf02ea731d9c627811190f477b24cfc9a7,184,165,19,0.8578431372549019
c98363a159724c3f9d74e48b08c8449961e9d5ec,1,0,1,0.47619047619047616
9dee35375ae24ec6b126d9f28c2f1c83d0d34579,4,4,0,0.5833333333333334
7e173b1a7c6e8040bf35dc5234d991ad2bb321ea,3,1,2,0.4782608695652174
f1a5c5121c4c114534354458e9d39823aef03fa2,1,1,0,0.5238095238095238
18010d984a620bf2dd51d38989841c3ddbc404bc,1,1,0,0.5238095238095238
4cc448bcb27a94967fbf8d6aa7dc5bcf1c3f37fa,5,4,1,0.56
87f5de1cce6296561674a9117329240e66636c18,5,4,1,0.56
285f738e56cc678737ae751db88962a400a2db97,4,4,0,0.5833333333333334
aa228d232e28a2875d2ad60b8939aeaecaa62052,12,11,1,0.65625
92ade7f0138c7924ce8af875517a21db27c41a59,1,0,1,0.47619047619047616
3a8ee27039cd2213c0970e4921e38053bb496a50,1,1,0,0.5238095238095238
79baecb7895cc1328d49f25feac799bc20800a2f,66,64,2,0.8604651162790697
f5a1c5430476baee43aae29265fa2571f40ec771,3,1,2,0.4782608695652174
4bb98e2ab8354fb4a6832afedff6a6396a36ab30,3,3,0,0.5652173913043478
0a2b744a2717eb64741f142081f23d9fb3350da3,5,4,1,0.56
79c7d09d8eccba81a9f0abc05ab2eb952ba77772,1,0,1,0.47619047619047616
ccf23ac30a3c995671c82e77d763491cf849b164,696,458,238,0.6536312849162011
b4612859660993136428e5dfac72459e790f3e1b,104,87,17,0.782258064516129
6e677394507155e45e1b8bc6a7cd7018b063fa57,1,1,0,0.5238095238095238
3c1ed0d9ddda5f2f7a59cb41d0f01b79b9da3fc5,19,6,13,0.41025641025641024
1f216a29268578a144042e37df94b6cb9482a009,16,9,7,0.5277777777777778
286bd9dd8ad1d2d1b74f123e108d76f0b279f720,140,100,40,0.6875
376efb5f9844e38568ddf374b091438e7ef74d55,2,2,0,0.5454545454545454
12fbe3441f232a22580a9a4bba7f727cb05e34d2,7,4,3,0.5185185185185185
c16007915333e020db9d525461cb1d916645d9d8,20,18,2,0.7
72c77770bf61a91003c95825089c6b139692fcb0,22,15,7,0.5952380952380952
03bd2a64423cd116e6dbf65105ca25f14e01cc79,15,13,2,0.6571428571428571
4b9af001622a2fef6822b400b03f0f67847376f8,5,5,0,0.6
1f93659a45d71a0ccc1135926534106f70e5161a,1,0,1,0.47619047619047616
a1cb6cab80d3e00e422311c456e11c1aa9ea9201,1,1,0,0.5238095238095238
3d5a6bc7d193f7714d5c0ee9c95c48f6b1eced6b,1,0,1,0.47619047619047616
5290381e642193da69bb77f27c944e5c8af71000,16,14,2,0.6666666666666666
69703e3dba0a69e70a1cfe716a87b35a79aec34a,1,1,0,0.5238095238095238
fa985f967001e2f8f0863bf16cb905f873c8b325,1,0,1,0.47619047619047616
fe4eac12963f3b47473334677376fc3796721b19,1,1,0,0.5238095238095238
03a1cfcd6e871979aef971b29748190ea7982510,3,3,0,0.5652173913043478
c62ca100dc921d71df5858879c271e8f8e4a6cd0,1,1,0,0.5238095238095238
73ec3027f14276f2f35b1b4a0a8386e1ab590a88,4,1,3,0.4583333333333333
c6155427f76f55d894e723a407dea3629a64b6ab,2,1,1,0.5
8ece260e4567499ade91eb656b3f7d3e9336e15f,3,2,1,0.5217391304347826
5242e725c2a26f4eab1329490785c878c004ba3f,4,4,0,0.5833333333333334
3fd27bf1eee85937237db91f4755fe6a8f7ae1db,7,6,1,0.5925925925925926
b3c5077aca88b3959c2df96335714e628b1b5196,332,294,38,0.8636363636363636
52495e98263bfc0b2d08f11c75f2b3e1f7a3d4e8,3,3,0,0.5652173913043478
c6aa99b74dfe49e56bf22add0f2b70e1ed89df2b,6,5,1,0.5769230769230769
e53ddde657f8b13cdb71090ab5f3e4f2a8821c90,221,185,36,0.8091286307053942
10931e4603fffa272c79aaeabd566197b23b682c,576,494,82,0.8456375838926175
a9379677c76031f8237a2b7c5162bd565d3c9ed2,67,31,36,0.47126436781609193
9242f69caf21d58b1e4f99008105501986acfb12,3,3,0,0.5652173913043478
14a9916dd90a3f831e42e8f5d7580aeed1b1125b,9,6,3,0.5517241379310345
5ef311a29167fbcd56727c15af6505b4c977e1e3,2,2,0,0.5454545454545454
a284421bd2d6fe538fbc64f180319d25dc1768c5,1,1,0,0.5238095238095238
caa82cd87792b754650883c033f74f206e97e171,2,0,2,0.45454545454545453
86c8fe27de21756b2f5b332de4a10f663bec9a3a,1,0,1,0.47619047619047616
46e4997edc26dd85c48706effc79571518b4092e,1,1,0,0.5238095238095238
970f75909a31232d251c86188e9571f1b46e4de1,100,68,32,0.65
55150f2cec7f310bdf55a26709d82b7ae7e8453c,1,1,0,0.5238095238095238
e973b39a6c59218ccb37c5326b2d60a68ee0dd7e,1,0,1,0.47619047619047616
6778467015608f5b47ee23a8e3bbc67d7b4f228a,1,1,0,0.5238095238095238
c4142e90e4dd13031aac288a3c55536681aae667,1,0,1,0.47619047619047616
452cf5b08b3e4a07cbe61810f38b6bef18d25303,2,1,1,0.5
e8981241138cb495b124ceab0d9bf3c0c5094c12,2,2,0,0.5454545454545454
b7790b781e674d58c8f3b791b6ccd8bf1ecfa9cb,3,3,0,0.5652173913043478
ca32c461dd3754cfa9513d6577ceb85cbce9480b,3,3,0,0.5652173913043478
b6eb6f7ad3d1d99870bd6c5c345af21fe288154f,438,349,89,0.7838427947598253
bc8fee978b60425c5387a38aaaa89221a097dc11,1,0,1,0.47619047619047616
a18df2cec8bdc00e7bcd5cda29a7be18b08801ca,4,4,0,0.5833333333333334
81740520f78de06ecf2dea7b4f895f1c689c3c96,1,1,0,0.5238095238095238
5f0eac1b3a40141add62f05f1020512b5d3ac017,36,32,4,0.75
8bb024418ba014973e6abdd285035809cd040aad,1,0,1,0.47619047619047616
a3e0a5aedc0a659ea985eac549ba51f162e30e06,1,0,1,0.47619047619047616
09ebe644cd526397f60da9c8eb95dc7d15cfe88d,4,4,0,0.5833333333333334
235a3a77b2713f7600235144d23379cad1c70213,5,4,1,0.56
55964c7bb7971f35f2220674cac1afeea135e44e,1,0,1,0.47619047619047616
b80aa5b26c9cf23689e873bc9001fb92f2b68f10,2,0,2,0.45454545454545453
db146bc781ef7f1aa97d6d040a1dd8f6c7515aed,1,1,0,0.5238095238095238
94740e7ac3228e531f3c9afb2b2d21c2f04cb894,1,1,0,0.5238095238095238
39644112359606f6e4f8c256287d663f851e4d94,1,1,0,0.5238095238095238
bf97aa439c5ddd83a07ba3501821afa998504922,11,3,8,0.41935483870967744
086e79cad352afec24465ddf2e5ec1bc3caa3b69,4,3,1,0.5416666666666666
dfdc3664e6b3924ef4a5b10e101f6a7975a0babe,1,1,0,0.5238095238095238
0b99ddd0213b8e9a477ae0cff99aa2613b7ae609,5,5,0,0.6
ece2adbf9df8cb243f47fca6dd1ee2a508f27353,3,3,0,0.5652173913043478
5904d5d366fa98b96f5c61323155b6a1be6c6587,6,5,1,0.5769230769230769
1bec5081199bcca9c6a2c2341ca8f574a96ce93b,3,3,0,0.5652173913043478
e981e0a76d9130def54105e428bb83aed1159e71,235,192,43,0.792156862745098
6d51585b108566ea143d8ad0376476efc47c5ca7,12,5,7,0.46875
fc58673e0f2c19b38585674cbaaba7d423d67826,11,2,9,0.3870967741935484
3a3af04d2c9c1659262179607a036dae5e729fc6,2,2,0,0.5454545454545454
c9a45f82df886467f943197da9ce0d4a462b48f9,1,0,1,0.47619047619047616
26d1a4d566955a5186a08be75ec3287ca2d599ef,61,58,3,0.8395061728395061
c6e12f2dac6376b36ea55f995565ff8e6fe1c66f,1,0,1,0.47619047619047616
ef0b49bffe9d68d712f9d769a27ae28a95bcd5d1,3,3,0,0.5652173913043478
535a79c22f8ed3624431ce0a19c267935dd7c42e,3,2,1,0.5217391304347826
b272885d3daa55674792c24988bf82c0a9f4b19a,2,2,0,0.5454545454545454
1816ee6484188c6b1df9147479c01f692e794460,2,2,0,0.5454545454545454
99ae20d3b736b3c46febcffb78bf89be93c6a3d0,1,0,1,0.47619047619047616
c99437239211d220543eb2e631f13999bf42765c,1,1,0,0.5238095238095238
3deb83370ce4a8e8c3ebb6c8424f9097150a61c6,1,0,1,0.47619047619047616
9d729a3c9f4c111ef6c364b27aaa689fd0db65be,1,1,0,0.5238095238095238
61869e004ba7a265603dbe4aa55ad3b218e7acc2,1,0,1,0.47619047619047616
3fa1f5ac2be06fff00386e003a6231316819f4e3,1,1,0,0.5238095238095238
b2c20b34a8f456349017da0e22976e6398e63a3f,2,2,0,0.5454545454545454
be00dd38e7ee7995fa1f45d8538efe5290e4e6aa,8,7,1,0.6071428571428571
ea082a60b379048455dce6705881f8a582663adc,2,1,1,0.5
2358076b156af3ba935c2f9dcf76600297b8599c,1,0,1,0.47619047619047616
1774804f61a9cd937e243a3de4b2940086cf74ff,5,4,1,0.56
d20465c1629aaecac309513c69f2118a84034d6e,3,3,0,0.5652173913043478
9e6dfb1271c587b6b4b8c732105f1d8591d5e0e4,1,1,0,0.5238095238095238
9319f9fa84c36a09bb44eee00641594d8b0b763c,4,3,1,0.5416666666666666
95c45231a8992b078da4b127300c19d70f359447,5,1,4,0.44
4497f5597c6ee9805450ea22f71cd78a566d4885,18,9,9,0.5
47a85ac197f4f019986746b4644a7e9e9eeb86c1,2,2,0,0.5454545454545454
e201b387426c3316ffd87d508a4ca0b6c6f0817b,1,1,0,0.5238095238095238
f361fdfb00461dec520da5d0ec0ff6457065a86e,5,4,1,0.56
3e172274f3a551a290d0f40913b9fb264cbe76d0,75,64,11,0.7789473684210526
56217c2ee54d8b852c3810d52fd2c393d78c45de,3,1,2,0.4782608695652174
2df00527701d4731457ee45438368c95b5a31f65,6,4,2,0.5384615384615384
b1004c3778410a831d2b030c8c684d91bb2b85b9,2,2,0,0.5454545454545454
836cfb01924d39b741d2ea3cef11ea07b55ed401,86,66,20,0.7169811320754716
d2cf8eb86defd91f57c1255252315094ba2262cd,45,38,7,0.7384615384615385
b3883dc57a572d3549a8002b718af628c012fe08,1,1,0,0.5238095238095238
3a8953b06f795222ced136530929363a2bde62da,3,1,2,0.4782608695652174
1db9a6b325cf34ab918493fcc96e0bffb89fbc7c,1,1,0,0.5238095238095238
43c03383c2fbfd226194781956adb7a95983bbaf,1,1,0,0.5238095238095238
129131b42b4197b47acfa6d86ecf3fe2737099a0,1,1,0,0.5238095238095238
d9f6b4c2da6bb8ca19a613b502f0abbc86d86d19,8,5,3,0.5357142857142857
0726c7a1b302615d4458b0cd9c76a58b4d091ca7,14,11,3,0.6176470588235294
1e4563b5f6e9cd72227397e26aed3a213434ac42,2,2,0,0.5454545454545454
fb7440d17ce59f333a38baaa052de3a01dc9e076,3,2,1,0.5217391304347826
d454a3fcd507faddc1f7f57724dbec7381425876,1,1,0,0.5238095238095238
99e343efba69c78f4d1e3205f7ef77a43e26fae9,1,1,0,0.5238095238095238
e76bbbb46cda558d98f8b726ee0dde41c324a524,1,1,0,0.5238095238095238
b513cd521431278776a535856b0f40f5f7cf90ca,4,2,2,0.5
d38d01c0fa761897c16b60bcc6f106b99d31381e,1,1,0,0.5238095238095238
4b3ddf79a36088525f87857bb8e478d09170e3e9,10,7,3,0.5666666666666667
2f9d2af2f2750a3f267b2c81d602f7848a01bdd6,1,1,0,0.5238095238095238
5ac63547e16547556a2580d216787fbd6ab5a725,2,2,0,0.5454545454545454
34efffd8d67019e5d8f8681d205dc8e8a3983996,373,340,33,0.8905852417302799
caff84f19cc2bd51e053f2b19f3e790c48e96f83,7,5,2,0.5555555555555556
c2fcc7a333d26d99f769a23376ba99505cb54c8a,2,1,1,0.5
4c7c0bffcfebbdeeb6561fccc9c4a4a9d042fd79,2,2,0,0.5454545454545454
c005aa6045b296b615445192bd9cfadb231d731d,1,1,0,0.5238095238095238
cc77ad440091202e42cbfba81969283540a308c8,1,1,0,0.5238095238095238
f503208dbcca97d8341a8cdc85afc90b50e682da,1,1,0,0.5238095238095238
1def2030a0e0fa5a50b71c68967b7e26fbc96bf1,1,1,0,0.5238095238095238
6a06839158de88a577f1dda0562ad5ef34b91b8a,1,1,0,0.5238095238095238
5af119b2ec510f9ccd88101e8f1a4b109af35664,2,2,0,0.5454545454545454
3ff783fdc6b219aabe0d4bcdff22bdf602e1362c,1,0,1,0.47619047619047616
7efd68174aa812a20ebbbaa11cbf0afb2e975c66,2,1,1,0.5
5e9034999c681609f3695438f12c7d4ea2b11c66,132,94,38,0.6842105263157895
903cee6bcadbf66a93acc4ea17ffb3fd033b6eeb,9,9,0,0.6551724137931034
1416070a33dbfde06442ae111c996d1a16c3eb0b,3,2,1,0.5217391304347826
65bc5b0aef90d63b78acca3fe9d6eae7adb986b0,1,1,0,0.5238095238095238
4ead6c1f368a1ecacf784931344be5fe7f71b7fe,3,2,1,0.5217391304347826
6cdc2ac5d62a88ba581881d2adf224312194c76e,1,1,0,0.5238095238095238
ba6817618e9c790670e3a9a0b5b1323b38bbd646,30,22,8,0.64
b9f4686f8ecd1589e6e95a3aa1e523822a51a290,29,25,4,0.7142857142857143
376729dba7adae3f6784f2eea7aeaa653a1ec7b6,2,2,0,0.5454545454545454
cad3e9e1263d7ae52788369822e95fb8367863b8,1,1,0,0.5238095238095238
1b89ec2ee658f8af45b79be16ba2f1e265eb1857,1,0,1,0.47619047619047616
ac5ee9920ed299eadab7cb4afe6bc3d6d994c41e,2,1,1,0.5
af330d4d7e0efdeb36a0ebd2c10d6517eedc5770,1,1,0,0.5238095238095238
6dfa09ed0ec6895e00ee0379cd0860ff17f60e3a,69,64,5,0.8314606741573034
db981fab4854fa1024ce2261ebaa2111972fa08d,2,2,0,0.5454545454545454
98576ed0270190544dc28364add5c205310af314,2404,1963,441,0.8139438943894389
4200e87b451649eded3cc296d2957268a179ca5c,143,98,45,0.6625766871165644
7ab4983d3ae511d5e910d42339f5719f35e96bfe,11,7,4,0.5483870967741935
468c3a963b4d50b366836a9417e67e665632cfcf,1,1,0,0.5238095238095238
0e4e3c88095fbdd2029a5d9e6da8843868e1aeff,1,1,0,0.5238095238095238
b98f721feceaa84c17cb0e217d67f4563edbc239,1,1,0,0.5238095238095238
35ce7bb3e1a4921651ecf4fdec106fbeaeae1275,9,7,2,0.5862068965517241
c500297b306403c98b4847d9a29a2439be17dbd0,1,0,1,0.47619047619047616
fc0423bacd8b57741a0b110feb177aceac8a587c,1,0,1,0.47619047619047616
9ff3eefe8b5f73599d3974885aed9a3f629df54f,12,7,5,0.53125
96246b9e7e7fe50732fdd06b24827da8af0cb967,5,1,4,0.44
f16d47bea92679671933adfb705b54385e6edbd7,3,2,1,0.5217391304347826
fe3c99b2b8b15a5f0240ce852ba29282deb084b5,1,1,0,0.5238095238095238
e31d79335434ad346347ff9a9d70654a323d1bda,1,0,1,0.47619047619047616
e8039b84eb8a9e6974ad7cf7f50ad1ad4e329eaf,1,0,1,0.47619047619047616
be3c63551cdea050422a1bc94e1c7714016cee4c,1,1,0,0.5238095238095238
0b250bb397c79212d2bbedcb3cec17f325fd1f8e,2,0,2,0.45454545454545453
571d380a9dedd16870eaeab3bd59948808dcbe8f,8,6,2,0.5714285714285714
917cf6c28e7e40f5992f6a9031d414d0778a6045,1,1,0,0.5238095238095238
86f436641e633df63948013f6d484930a9cb13ef,3,1,2,0.4782608695652174
1cad140ff9acbce0f07a800ba8aff80e82292764,1,1,0,0.5238095238095238
f8a58d274000ffc2a56809392e30f14941db7aee,20,19,1,0.725
73c05b667aa6bf30636298f8eaf97b993956c5a8,1,0,1,0.47619047619047616
b9dcefa3bb3a6a88ee04469251b39180d52b482c,1,1,0,0.5238095238095238
c6939732f8092cbd3eb129f941ff0d93fd30b652,3,3,0,0.5652173913043478
c2dc4f7fd6e14a1bd6db51715ea9d4aea9f87ffb,22,15,7,0.5952380952380952
f7af6fbc658390a8e89ed38074859b37c14f028e,15,8,7,0.5142857142857142
64a18c1f53dd647b8cc4360e6cb43aab22ec6a77,1,0,1,0.47619047619047616
e79de64bce1ef92a57adab776ba88f8bfba777c1,2,1,1,0.5
e9129e94c68df6c0c3f7644a51335d53dba6b0ba,17,15,2,0.6756756756756757
c736c9bf6fdfc2bb0c5b476bfdeff086294c18ae,12,11,1,0.65625
93fc2baabe126d0e07d8f208709fb90055a6ffe7,6,5,1,0.5769230769230769
7809763770c37d7a0a8f85cdf784bdc45c4dccca,1,1,0,0.5238095238095238
bce193b2d4f60d2a2ec65a44f560147069f4c737,3,1,2,0.4782608695652174
a38ece9b7b5ddf98810362922a75ca015966e88c,2,2,0,0.5454545454545454
add2224cfdd6001a19bd5a172cc13608c1f1a9e5,1,0,1,0.47619047619047616
62687ab6f7469cf5dfc162441867255228aba695,2,2,0,0.5454545454545454
9e7b70865fa856381d5da25a81ca4afb7396db1f,1,0,1,0.47619047619047616
1e8fadf231452f5310c48f583f4b231371e0b796,1,1,0,0.5238095238095238
507e7c229def87777067ffeb765cccc14f350eb4,3,3,0,0.5652173913043478
dbd90131f91e6bf2c4733d0ea44545c6dc26bdb2,34,31,3,0.7592592592592593
798e44c29d71f7c864770c9f1ae94268deda6d07,2,1,1,0.5
8f18a688789a87f07892664b8301309d53d60231,3,3,0,0.5652173913043478
ef2236c979d6a8a6f293e5c48771d0e5003270a6,1,1,0,0.5238095238095238
565bae1ad346d03371e27b5a375b3634cc7e66a6,29,23,6,0.673469387755102
e47e5b2546cb60680b33eda16235fbe4e01c9e15,43,38,5,0.7619047619047619
537a0c4957dd32bf9b974ad018b6c6a566938e13,19,8,11,0.46153846153846156
c8acd6417e07dbbab93c533225cc6b2e51455c1c,1,0,1,0.47619047619047616
f6f44621d2cd4f280858e92a722cac2eae436dff,3,3,0,0.5652173913043478
36a6f3894bf7db9c324247ea6a0faae342b118e4,2,2,0,0.5454545454545454
3362e37b9e8376faa5c7047cd6f96afcb0d20360,1,0,1,0.47619047619047616
fd5e4f36034d2b6965488c2d1b061f9b3581f92c,1,1,0,0.5238095238095238
8637eb9073bd4e0abd9d221614bb43dac3757410,1,0,1,0.47619047619047616
6fd8937c309c8ffb5dfbfffb95d7cc3ab2ba011a,16,8,8,0.5
9d6e3d79c6f1e8c0e71a42efb0bc10fb613360a7,1,0,1,0.47619047619047616
eeb782561d1c221395015c7b1f8c7bef6e189605,4,4,0,0.5833333333333334
61a9598a1da06129b1e5e0f678a195c5de1f913b,3,0,3,0.43478260869565216
ef86542d44032dd333481ca02525aeac6a7ef253,2,2,0,0.5454545454545454
ba2c5f66ad9e480b7076428625761bfece726e56,1,1,0,0.5238095238095238
fd50c377cf9b3c7e89a92d0e0db8611eefdce4a1,1,0,1,0.47619047619047616
04d427c18c8619a5211c1adfbd30449aa4d29e16,5,4,1,0.56
fdf1f53cde035b75d140bd3121f42964b0586f6a,1,1,0,0.5238095238095238
f77f10e3f13c30cc4a8a62204fd1ac80d00f2ae3,4,4,0,0.5833333333333334
c32428672fd47c4a9ea19a8f6baf25a706146e64,3,3,0,0.5652173913043478
f4f9f18f6695357bbbb1684cad6d2624b33bae37,1,1,0,0.5238095238095238
e357f83edfcda13ca5c2de9cf63f4f57ff7d6e5a,1,1,0,0.5238095238095238
f49cd7e1f443155c8554fe31b9d6848cd94a129f,1,0,1,0.47619047619047616
26175ebf838487537b474f20e771dea0f5f0d927,1,1,0,0.5238095238095238
fbd3aa0176194faea4fd6b398d074b604e3f5633,1,1,0,0.5238095238095238
9eca0de34da6e718d7a19cf638661f2b764e1608,4,4,0,0.5833333333333334
90f80bd242559e10e1d9f7bc253e3cbf20f7c64b,11,2,9,0.3870967741935484
0c4844858f8ccd988ce84751cb56ebf68ff07677,4,4,0,0.5833333333333334
db460c425e0110b28ce320be692de010aace0e43,20,14,6,0.6
fe85ad62118f2d36c833a3a0a6da0b7f46fc7376,10,9,1,0.6333333333333333
ed134825f310571414f609d56831fb5479141cbb,1,1,0,0.5238095238095238
9f50c524fb44d7b25b635e82d10a95a446c0e2c6,12,10,2,0.625
e94a4033be412ca308d828e6b020aa0ccd9dfd4a,4,3,1,0.5416666666666666
be63dafdcfd606efc3adbf9880469e5a6f09166c,2,1,1,0.5
f9794e89b088b6d7d1b48f003cce7bc7b975c9cc,7,2,5,0.4444444444444444
3dbd69e8cfaee3cb48f3d0c3e36ea4d5266049e5,36,12,24,0.39285714285714285
27650925fcc3a129e12999ee611f88b0ec8c8d0a,821,726,95,0.8751486325802615
dfb2f9dc1023d92cc1647fa1fa1e1778df659080,3,2,1,0.5217391304347826
6c5d1c22262a49864bdbc7c1a7fa412e802f5966,1,1,0,0.5238095238095238
a41ab99ce2b02d7d725b1cdd5c332f5797cff3b8,2,1,1,0.5
989018a6b5b08c0b74549e2d904e1f10ab491fcb,4,4,0,0.5833333333333334
527c01252ccabc0808870ec9bd1a0f4bd3dab983,4,4,0,0.5833333333333334
fdf12429a9d3d2e8edaacea1d7e15322a5ef0004,2,2,0,0.5454545454545454
d390b0c7294bf96ea736d840775b34b47cc4a436,4,2,2,0.5
6aa16ac672918f304701b65687df66bc046a4c17,1,0,1,0.47619047619047616
4a57c75885eb4b9612e73a9d890e182e738a2a70,8,7,1,0.6071428571428571
9eeba1af6897ebc44b05ae9f5f2c25a309bf0dc4,1,1,0,0.5238095238095238
0c47f45368be4b86452dfa90581fa57dd901b13c,1,1,0,0.5238095238095238
b9b069a1b5ba22c539bfc2e3e0359c53c224348d,81,48,33,0.5742574257425742
67b81790426cff11462044e725c20d66cd0153ac,39,22,17,0.5423728813559322
0df80480f6ee8b07698f8d672c0d4f54755a7aa9,2,2,0,0.5454545454545454
fee8351d679536811d592aabdbf83cd872b97ed9,12,12,0,0.6875
173c47c21f1d3c21efa287380a713fe65c6dd61d,1,0,1,0.47619047619047616
8cf32b61a013ecd9d170d99b30fbd7313d8f6d6c,4,1,3,0.4583333333333333
8d7537dc6aa8b250c5406cbc618496c7ae682fc7,15,13,2,0.6571428571428571
e9400324ce070575fc11af0a303a6fa04886bcd4,2,2,0,0.5454545454545454
1445d4e9ba4fb2149946fd294afbcb2895839059,12,6,6,0.5
63055ac4cb3f41cebb01bfd5966358816e1f5522,29,27,2,0.7551020408163265
287659c296f0efc43e067c8a4fdb4f270c43f07b,28,22,6,0.6666666666666666
8a6d55d722bebf7b6ed90882fa7208c31523a230,1,1,0,0.5238095238095238
a1faa75c9a2bf3669ec687f2e7af679f9cacf848,1,1,0,0.5238095238095238
07041fbf2f1b93956107d4c8d0cabbd0405b8cbf,10,8,2,0.6
c1a24807b7f7521e009ba424270c54930fe0d776,12,5,7,0.46875
aff72c942d51f4fa717eb32d4adc7f6fcde9d908,1,1,0,0.5238095238095238
3a51d2dde019292aacecd190bac5a76ebb631e59,1,1,0,0.5238095238095238
908ed7bf6d2ea204f93076fda3ffe72b403826b4,2,2,0,0.5454545454545454
52117ec8ce218bbcba62f0527d44b9d92b4cd9eb,1,1,0,0.5238095238095238
99b5a28875650c004988e2bed663b1f959dbd57c,1,1,0,0.5238095238095238
4246b77c3d2059b8c5dd63f8725c776a02fd0ab7,12,9,3,0.59375
45b3b4bde4495b9f5d8cf38f1d1dea79fc862377,1,0,1,0.47619047619047616
28a2de5086c93c58967f6da122a624c1c95184fd,1,0,1,0.47619047619047616
f7717e438b2e6db9e4c9324427de69598a104eb6,156,127,29,0.7784090909090909
a4f6ca975b2cfbe14af4367bab02debcfc4c873c,10,10,0,0.6666666666666666
386ea7740252447e86da2d431af8d8ec50255b49,39,32,7,0.711864406779661
01639c8283a3f624c5a2b6eede5260c825c25d2b,1,1,0,0.5238095238095238
71348cba418799780e5e7db48b2f0849c5eca897,20,10,10,0.5
62b4cd73c8c2f4606870d7a8ee369de73ff0a4ea,25,24,1,0.7555555555555555
e245588f81527f4e7a8856ef9ffddcde23061780,1,1,0,0.5238095238095238
24a0be88af733fdfe1efe9b2eecf072d03d417b5,18,12,6,0.5789473684210527
4b935c7a3c453e73cba2086e58a4749e32934195,3,1,2,0.4782608695652174
ee2311019bcd899e6b63bdc8f99282905b7c2c68,13,12,1,0.6666666666666666
df8cfb86dd8ff936bd0e805de7ff381fdec4fea3,1,0,1,0.47619047619047616
be16f683e0096f1666ce609dfd71b6f359c1eac0,11,9,2,0.6129032258064516
6f9c3c59499416f209040d7bd8038764f54668f7,6,2,4,0.46153846153846156
964b9a492d4c17d2fe59080c54108e673edf2a82,1,1,0,0.5238095238095238
7adc4066996a3b6d3d6d60d90bd383fde2b1ae9b,1,1,0,0.5238095238095238
00435dbabae4dbc2561b02e320968df30e512a25,323,287,36,0.8658892128279884
e619ec1ff256992c3f894c47ce82f44f75223377,1,1,0,0.5238095238095238
6618a8863987dd4fbba462bed02263af5e554bbc,1,0,1,0.47619047619047616
26b5244174864b859046791af9898bdb021fde59,7,6,1,0.5925925925925926
e87d92ce80569a07fa4a1dd625c013c0ef93b18d,12,12,0,0.6875
1a70dde39f34422bb1eb255c988b53b6bbacdaad,2,2,0,0.5454545454545454
6685598034b32f87659128c953227691b13e2833,3,3,0,0.5652173913043478
7573cb74b27f3d6403b627aba47b3326e0bd7137,1,1,0,0.5238095238095238
85a42ca8665b654d41ab56d1290c258d87dfa08a,20,16,4,0.65
d2769ca3e9b1c23ba20c5fe7cafc68f3e8840353,2,0,2,0.45454545454545453
5488acbc829f3dd5841d1cd67120ae9551d92539,26,20,6,0.6521739130434783
af6aff912cf6d72ea30349e486c64596475183b9,493,368,125,0.7368421052631579
09faa9ef79a0d446d506c672dcafff7b416ea4e7,1,0,1,0.47619047619047616
e972e55e0ab3554fc7f2daf9cc8fad366de7da7c,1,0,1,0.47619047619047616
ee7430fdd523c47d09738170fe7f3c5c442158bf,1,0,1,0.47619047619047616
e9cc0ed3af9cad72d6526d925ea01133f52bca06,28,22,6,0.6666666666666666
c3bfde6082c5d80d5876d78153cef975c79927de,5,4,1,0.56
708bda896c940ebea5679bcfbdaaed20064b5040,1,1,0,0.5238095238095238
7abb9ed166f1231ef5ab4d663a161b51ffd3a17d,1,1,0,0.5238095238095238
4bdc04ba10d5789dd30d1ee0e804e97f4c853694,3,2,1,0.5217391304347826
0a298d2847d3f4f60596fe17600da50c53edda76,1,1,0,0.5238095238095238
2742d7949e631ccfa55496f40e517a14d1438225,1,0,1,0.47619047619047616
9ce57bf4bfe4888b9f97644fef2ccda4106cc141,2,1,1,0.5
bf00214d9d9256548cd519f88a6c6487557e438d,2,2,0,0.5454545454545454
d9e3deec2c7df8cb7da5a9430eb3236e09c7ca53,3,3,0,0.5652173913043478
edf51584b4e14c381a0c58e31e8732adf7adc126,1559,1469,90,0.9366687777074097
dfd49354d54025604e8b0cf8827917af0fde74bf,4,3,1,0.5416666666666666
bab29227959baa41fbc857d91fc4ce12400398e4,1,0,1,0.47619047619047616
fcb6853ac1d9f72057eb4d9e510f890ef1c96423,15,13,2,0.6571428571428571
d2285baf030b6d8039ed1a8f1fba06150d756264,15,11,4,0.6
28aa10352823e34856e0bc099decb0a606c6c973,1,0,1,0.47619047619047616
9fcfa782b78f94fc696cebc4913463b05b07e787,1,0,1,0.47619047619047616
6cb44d3d6536aabb3034c42f6c600894291dc2ab,5,5,0,0.6
f56d3a3aa34242301361a11742b93305d35ee5f3,5,5,0,0.6
b3b243bb552084800ac293a1926eb3f4634c3a41,5,5,0,0.6
e7bd57c72902eaefc58279e659963cd9b85b7370,14,10,4,0.5882352941176471
a155f4b5c4b17db9b6606b884c2e734b4ab6f185,15,10,5,0.5714285714285714
60510571a66dd170b8f143eb5d7b07c381507a28,1,1,0,0.5238095238095238
d80d2065f960a7fc5d9c66525a6263dbb41a1d1e,33,29,4,0.7358490566037735
c337c5c8bc564d369190897f8438c37d76f1d521,31,23,8,0.6470588235294118
a2d9ea9bc22e160c7fc9cdfbffb5c05083ab8913,1,1,0,0.5238095238095238
a30d9ca9a391b64cb200f641f7c7f994a6b640c7,36,27,9,0.6607142857142857
2feefe1f4a308e0aaf814cd91c0153d22c886d8a,2,2,0,0.5454545454545454
da4540b6e9d83aed541c0d92984db36af0ce2680,9,8,1,0.6206896551724138
fe766fb68e777406c958b7fcf803e0534d1ad37d,1,0,1,0.47619047619047616
8614ac14fc2606fb93d213193d2a397226b4a6b4,147,122,25,0.7904191616766467
340343a4fe38767f1b3acc3f0f711d855845ee32,1,1,0,0.5238095238095238
2e844d3667cc46d4681cd55e105e3fb77b08a132,1,1,0,0.5238095238095238
3d6d5a38ab1a154b348f1370868c3942695af6ae,191,124,67,0.6350710900473934
678ff57bdc56cfbf5e8c5960793e9c4b726c0e6e,155,138,17,0.8457142857142858
761854f5c4506d561507ee486c650a28b4a995d2,1,0,1,0.47619047619047616
619f6bdfc9ea362a75aa40b635f4d8cc1c067aea,1,0,1,0.47619047619047616
d7dbc7ee17bd0689e18aea4ec4b09638ea3e3fc2,493,452,41,0.9005847953216374
90c8ebbbca4ab99860a954f63625bcf123408544,1,0,1,0.47619047619047616
ae7360075f8dfc204cc9bdf92a5c938a58b53b4a,7,4,3,0.5185185185185185
4e14dc8a1662ed199e52159e62e49a97c431bc4a,2,2,0,0.5454545454545454
d1a39a2d8197a706d942cd40dfe520f7bf0f45c8,1,1,0,0.5238095238095238
986aaf53881e55cf9dae99d14a1036ed3796edc9,557,449,108,0.7954939341421143
b065aa7cbf4d925d6dbc7bcedbcb93f815da3e26,13,5,8,0.45454545454545453
a6af6bbc0a7c34e98640b39cfcdcd8a6f85b149a,1,0,1,0.47619047619047616
3ec059658ec9fe73f8ce1da70e3045ae275f1d25,1,0,1,0.47619047619047616
25f9eb1bde750ebaf1e2a9c6ceaae56e245e9e29,6,4,2,0.5384615384615384
63848046fd73e23806f77dd02fa97f5252005334,1,0,1,0.47619047619047616
69462da648b2c7ad5aeb7bf70d884fc6c061f1e4,1,1,0,0.5238095238095238
3a085393fb3f615b086d7efbc4ef1d572556f197,2,2,0,0.5454545454545454
e8a99a5c36279dd7fbb8b8e31a02cd7fff09c727,1,0,1,0.47619047619047616
d6b7cb70b23429fb1bda574a441840bbed7afcf5,76,70,6,0.8333333333333334
c433446b71bc1a62633ca09732a17b5b2ed1647b,1,0,1,0.47619047619047616
2380c0325b566e97102ad8d50f3a83c4b540678b,6,6,0,0.6153846153846154
88115b1e3a4bb51ef8c26c56b052a627a06fc586,2,2,0,0.5454545454545454
aa48fc028a34baecac33103535e77c4c8f1ca0fc,29,26,3,0.7346938775510204
c24617778d4ab5ceee545b96c348fc881e6d538b,52,40,12,0.6944444444444444
38175f3320620bfffc94744e391b5989841e53d3,60,33,27,0.5375
a2ea7607792f8a79be992eade7520c266866f023,38,37,1,0.8103448275862069
c4f096975d401feed09f1b513db609ee5177eccd,1,0,1,0.47619047619047616
f10df6f094b82cd510103e4129fbcfe2cf44d436,8,7,1,0.6071428571428571
9e5bcef0c330434075aebae01412791fa3158572,1,1,0,0.5238095238095238
35764e147e34eac60a007d3a685de11f3d3d4bab,61,53,8,0.7777777777777778
7f4003e166167a6b997f2186a5ad1030755c524e,16,8,8,0.5
1627a584adc0937418bcd3880f72fd9077c2caa8,1,0,1,0.47619047619047616
d372bc436d55679d15ea5fe65ff2866c142d1a25,3,2,1,0.5217391304347826
57ab1cb65a899a5562ec1c411663bcc1ed559cdb,9,8,1,0.6206896551724138
919770a5d75cf80b69c864131bec1191c25ac598,20,15,5,0.625
2eb4ed255555e1dfe13246df7054b554c6424ca1,6,6,0,0.6153846153846154
f0f49d6e2f923d1c857687264caf49bceac1e7c2,1,1,0,0.5238095238095238
f079ea4a7c1099e681ff0dfaa6bcf725bd05a674,1,1,0,0.5238095238095238
e27ce98f51b9fb2d35951ca8aaab4eae8c415562,2,1,1,0.5
b95901b02037e1695a1d609cd137698be7d40700,1,0,1,0.47619047619047616
f34c0219fce2a7833e5cb4c3edb1884aeda6095a,2,1,1,0.5
f3eae2a946114e176a44f0ed22a36f922ad1cde5,1,1,0,0.5238095238095238
7f9c7e3d6071f1cf99e6c7f9d7c140a362cd7002,7,7,0,0.6296296296296297
8ee6fb77fe9fc4630d1b45f76906fc1fd329a1c8,1,1,0,0.5238095238095238
cf0899d050993c44513ec790174318b6bcb1315a,1,0,1,0.47619047619047616
d90fd27745018f7ad9486c430cf7540bfd8461e0,3,2,1,0.5217391304347826
4eff36147faecc66abd7bd60f42b8593ab314e94,24,15,9,0.5681818181818182
04d6604deb4e3268ffcd99da928512debb107807,8,6,2,0.5714285714285714
d09adb4ca41432d93ce7714e6f49ad933b8de442,3,2,1,0.5217391304347826
4d0bb5bf99c82be7afdcb41497cede1c05a69ef6,8,7,1,0.6071428571428571
dfe15ff6f96274fdeb95f262915c64837bff1098,1,1,0,0.5238095238095238
b9ed8a83b91f7a2a509f6521af18fd6961d99fc6,1,0,1,0.47619047619047616
bd18bd432c697a57cdf49ab380b14b7e0c3b01a5,1,1,0,0.5238095238095238
37376b034705b44a7c9f0831771244df6c4cc9b8,2,0,2,0.45454545454545453
bf3f41e29efce267f537ba583150a4a2c4d0e26b,9,9,0,0.6551724137931034
8fd12c7e472ab95dd724e8156e48c6e32814b8bb,3,3,0,0.5652173913043478
a5b769e5b4e951f296d82180aadfebf1a2014cea,7,7,0,0.6296296296296297
f42e68cb766609fc59a33f5a51e3a216ab404c6b,1,1,0,0.5238095238095238
1c0dc795261c562d8f773703df3bc72c2abfc1c8,117,88,29,0.7153284671532847
d0c289cf37faebd23031e08f8bbfce769b860bed,1,0,1,0.47619047619047616
1469b05041eac792b2de67c7cb45bb4683099850,6,5,1,0.5769230769230769
aa1aedad868dcee2d776aad19e51a66514046722,1,1,0,0.5238095238095238
95debb97c1970cc4fa8d920986915799516b1cd1,2,2,0,0.5454545454545454
1f4b7ef96d269245203787972206461c920db8f6,1,1,0,0.5238095238095238
d1cdc3abb499223f3fc568bc8851f5a03e0e972e,2,0,2,0.45454545454545453
af1c17c6171c60a73c6eccffadd940be4195ae95,2,1,1,0.5
5465dd542ad85b4f74282ffcf9d8da41b3147320,4,3,1,0.5416666666666666
aac2daf0ba30546c3157731aaf1a31327bb86689,44,36,8,0.71875
4222dcc02141bdfd246ab77b0aa155c081e05a28,1,1,0,0.5238095238095238
adea6a91592c372ed6a9fbbd3155334d3fd645af,4,3,1,0.5416666666666666
72df736644714d1750efe6d66413efcc0f13d620,19,15,4,0.6410256410256411
2be869af5df5292b7e61e6d3a8c2852c16cdb1e8,66,56,10,0.7674418604651163
868fbb1088730ff6011062bcaa001163e9192c9e,4,3,1,0.5416666666666666
0251754da7b05d7d068e5be2b495659604468d5e,1,1,0,0.5238095238095238
81ab3fad18fd10cb7ae06eee87eb347debde2099,4,3,1,0.5416666666666666
79b0d30abd7f3ad5c86c3619df1efaf89186511a,1,1,0,0.5238095238095238
749452a24be05d697fe14e38ce02b5b6770cddc8,1,0,1,0.47619047619047616
64c298fef689c1fede7216290953c37a7585d861,1,1,0,0.5238095238095238
db8e760ef5245069a536050f73f9330979f61c36,1,1,0,0.5238095238095238
9c7c22c098f9d8ab9c000ccba21662b4e404d5ef,2,2,0,0.5454545454545454
522cdc58cefb1ce3bbc9f85afe590385b55bd0db,17,7,10,0.4594594594594595
235b36e5acb8daa14e6493f8f3683ee00abeaebf,31,26,5,0.7058823529411765
c0b48433330a066e9b0af9b4bdd55f4b5fa62129,1,1,0,0.5238095238095238
c29f0389fa28de35f8fe615256d61e625a1d24dd,2,2,0,0.5454545454545454
df16c47131399714beec6649c4a0f98a49a37021,23,16,7,0.6046511627906976
777c99ebcd739c5304fd364dd0b64166c6f91a0e,1,1,0,0.5238095238095238
828ee139d3ec3cd1a90b8d4e109f40f5f3d2bcaa,5,3,2,0.52
8efa4e619d58f3b8df31317687c368ac689fbc9f,1,1,0,0.5238095238095238
a1e3b1e7aa942fc383a788bf4a5715beb9ef6a67,2,2,0,0.5454545454545454
f0e8a97b7b0846c649390a2fcd0f86cdbf8a404c,1,0,1,0.47619047619047616
f9f364566130325b0462d9227da7c52a446577b3,15,8,7,0.5142857142857142
d82549a26c669b0f573a9039863cd555ca099e05,18,15,3,0.6578947368421053
86144ebe5bdfd2268638b3f951895edd351b0ee2,3,2,1,0.5217391304347826
fc908f3b7e370e612715cb63b414cdb3cf88d315,8,7,1,0.6071428571428571
c9763cf423ca9cf17985c24892f28b4187dee5b2,1,1,0,0.5238095238095238
a8a6db19c0172d18db49d1b72c272e1688460c3a,3,2,1,0.5217391304347826
5b3c68c45858f66a100bb1893ff1b1a368916a76,11,9,2,0.6129032258064516
8e19b3883bed3ec747d2041f41b8a3df15fb6298,8,8,0,0.6428571428571429
589d2a2e396c80324d2b8a288495a71268cc9cb3,10,10,0,0.6666666666666666
82b57039895ab605ae118cd665465f877e625940,1,0,1,0.47619047619047616
3158b38613ad23ec3f22229f2b39f82e5c95679e,1,1,0,0.5238095238095238
7cae4124d1caad6a15b11d3534b76f64d1a7396c,65,52,13,0.7294117647058823
74d734f973d1b586917f41251650c26c577aadde,11,4,7,0.45161290322580644
fcfa9edb3d7e95132f887b925f6c8183c1e6915a,3,3,0,0.5652173913043478
c24ca8b3f19b6be32e4f81bd93b5f413f6cce7ee,1,1,0,0.5238095238095238
c128519dba3e05b54af99eccfe0e75cd3b3f506b,23,21,2,0.7209302325581395
9d18aca64e43092b0afe69ae149b1c9cc2668e85,7,2,5,0.4444444444444444
96f3806bbb0dfe43b25d738e5355d958d0d9974e,1,1,0,0.5238095238095238
cd3b0b4a0c2f54829ca79b83e56a2bb1bfc471a5,42,35,7,0.7258064516129032
c5ce4c3b1bb8cd4fb4216735e48742bee47a6f26,61,55,6,0.8024691358024691
129fca81d8d6c4058b7b5c9d4f1f1552a9ea9241,2,2,0,0.5454545454545454
1962d30c3f98b9b95c9a4a372751fbf0df7b2c0a,1,1,0,0.5238095238095238
77cdbba49fa6daedf878c6eec851cf1413996552,4,2,2,0.5
704a2172eca6884117d0977d8ae0a24cac5464aa,4,4,0,0.5833333333333334
ad2cb41fcac579687c15be87693cb42600838c31,2,2,0,0.5454545454545454
b7adb3e708d04289a58645c6a349e8ed38fc6a98,13,11,2,0.6363636363636364
be3fcec761ce70d7165ad146dbdbd12b2bda2676,1,1,0,0.5238095238095238
1966089341046e283a8d8ea2ecc1023cd57d85ff,10,5,5,0.5
c3663754ef89efdca8f7022a933e017a96ba5af0,39,37,2,0.7966101694915254
02bef1daf51006db626ffe8a9f777995ef4a90d7,1,1,0,0.5238095238095238
e8cbb9a01b3f5b7585d363d491d1720456d872aa,1,0,1,0.47619047619047616
734929cef8285267521c8d48f60db5811bdc4067,1,1,0,0.5238095238095238
b37088bdfbb625990c1b0aeb7ca40950b27c46ef,2,2,0,0.5454545454545454
b28544d9a5ac9f0c4fe6f1436fd827898d6894a1,1,0,1,0.47619047619047616
0e5aa82e52091b11d67a430ec3f6975960226e42,1,1,0,0.5238095238095238
6f536292377cda683be340b2b10decf1917832aa,980,542,438,0.552
c74285b0a876086321bdec93bc4d9e86ec0c8233,1,0,1,0.47619047619047616
0c8a5c6c0974654e2c4e7689ec6a5d2c2a927833,1,1,0,0.5238095238095238
0b662142d31e89cc0700acdf8d2ce3e4f1b2744e,2,2,0,0.5454545454545454
69be5caff26807513649b1cae1ef6e48765530be,178,139,39,0.7525252525252525
2e2f2f3cb1f1a1ea52e7187463c72dc25bbe0dab,3,3,0,0.5652173913043478
5a3fc12ef2c59ec6faccd617cf1f719fbf8246ba,178,105,73,0.5808080808080808
57d15591e88109fca6e7c8cdaea089b696ef6a06,6,6,0,0.6153846153846154
5c816a490d82a2f4a781758ca301fcb698d37839,1,1,0,0.5238095238095238
61c759bd009014293b051263d64df90d8fcdcdcc,3,1,2,0.4782608695652174
6ccf4f7f7f2bceb92bb4c494c42ced797b67625e,16,3,13,0.3611111111111111
bb685bdf3a9398419ce81563b1962cc794080e33,1,1,0,0.5238095238095238
c2a03aadbc38900526ae5e375b824a5646ae56de,16,10,6,0.5555555555555556
d6a55d858724b1fa1054e4127cd673afad8b5efb,2,2,0,0.5454545454545454
854e931cb4d5f019a9a83fccd53a57843e67ab32,1,1,0,0.5238095238095238
13983b448b694e31ae9a72e849d96ece95bcaf42,14,13,1,0.6764705882352942
ba3de06d6b86f404bf464f68463bd122ad7daedc,4,3,1,0.5416666666666666
377da216dbefdf49bb7dcede30a5cbe285c27a96,1,1,0,0.5238095238095238
4c588f8f798f0679273234f1269af1b0b25e7b1a,2,0,2,0.45454545454545453
dc3abd101718dda562384b7e0143b797397ec6b5,22,12,10,0.5238095238095238
e6d5cb9e7fdebcc202efc60e0aabfd2d4b5d4f9b,1,1,0,0.5238095238095238
5cd41e192e237d4d2d8a7058cf6624579d312d25,3,3,0,0.5652173913043478
e4354af8dd4b69438705e17698208163376c424e,12,12,0,0.6875
3a4bc22f9427301025d729f20480d4c2ae71343e,4,4,0,0.5833333333333334
61c30c68f49913465e54ec755717440d7aace83f,16,11,5,0.5833333333333334
5f197f2fc8e668af9a23f53fdbb6c01fcfe27f89,9,4,5,0.4827586206896552
43becdf7842d9a7c1239093492ce6f20a4c113c3,5,5,0,0.6
8ef2627d2b5e6374872bd022e0003c08282756c9,51,36,15,0.647887323943662
47144fa862418ab9bcd8d9c1c8cd05dcb3e2529f,1,1,0,0.5238095238095238
39abf4a235bba59ae8e54b5cce32f26d1ebb8aff,3,2,1,0.5217391304347826
ae2611ae581c6fc68a9dbc345f5f9c13050a16e6,1,0,1,0.47619047619047616
9792e3156acd571a5bc95e268cc0077ce775cc0a,1,1,0,0.5238095238095238
a9b6e60cd7599a72a7a0a31cfc8cc800489b4783,9,6,3,0.5517241379310345
979df16dc7cf5fe8bd7171466778b1c3867fcfd8,1,0,1,0.47619047619047616
a98534803b34da15fd335e556042e09b2ba5d245,1,1,0,0.5238095238095238
ef141dbf933f39c2ad88784537e7405ad7643fc7,9,7,2,0.5862068965517241
e602ec82a41cd6ff0d1a29a27abc7933985dda38,4,3,1,0.5416666666666666
c43e8c5cb84b5b5d4ee42e68f0587044d0248f11,13,7,6,0.5151515151515151
5d3001774347b517e9a79c009261f4ae6bf497a9,7,7,0,0.6296296296296297
15be9f14bbfd216a5c266d1db84713d50c34b8b9,5,4,1,0.56
b2ee074d8ee9ce223f1e47ecb9003d3ff339ca8a,1,0,1,0.47619047619047616
06ec4f437d834f2b95e43ff5e5f6aedb016214f2,1,1,0,0.5238095238095238
499a11db7cf54f11544907b58c77539343915b9a,1,0,1,0.47619047619047616
d1de42cd32fd620664d36ce9652c0ef0d6ab5d39,41,37,4,0.7704918032786885
76cf3ba6f99eb51b53615447b89570ef5a665696,21,18,3,0.6829268292682927
32ce6304f13cfe7b0d059b4835ae00ae625d59bf,34,28,6,0.7037037037037037
e173c4ae8b618e7ad91917cdad4ecaac2436cef9,3,2,1,0.5217391304347826
c5b4310ff0164613fe8e72e0a9b29d0d8eb73bfd,1,1,0,0.5238095238095238
53513665e89eba003de1488699b7c9f7853106b8,1,1,0,0.5238095238095238
e6ed35835b23eabec53eeddc0a3a2af63adfe9de,1,1,0,0.5238095238095238
e69ea7cc5962ba13da18a6862001ece5f42393ed,5,4,1,0.56
a328359e72a11703c65ec88c9fb5a9cc8c921cbc,5,5,0,0.6
f16d7a085fa5723c5158c12111ceae6433baedeb,1,1,0,0.5238095238095238
303fdbbad9b6924b81f7cab5f01efba65d6638d0,157,17,140,0.15254237288135594
70a63050054d1e5543eb2dce52bb71a0e895b509,1,1,0,0.5238095238095238
a3a1b7ec8d036aa0429690f5577938f1f561509a,1,1,0,0.5238095238095238
291e0422394c799ecc67928151e2820e30c83361,153,82,71,0.5317919075144508
ae32412b930c1ad500d25c18364a485a13f181a3,11,10,1,0.6451612903225806
359c45b68f8044f689f520000b09701ac9564b6e,2,0,2,0.45454545454545453
e35add658be4532b4180e76c0cfa210776cf7b27,12,10,2,0.625
73337dddc2c58dfa87b050fba598f4c93e82df9e,1,0,1,0.47619047619047616
dc3b7ff7e60a42bcd81f3bd20853023ef73ab1b2,1,1,0,0.5238095238095238
a00716a1ed7e7c46c1a696d05102ac19f51cd6e3,1,1,0,0.5238095238095238
acc09458368cb5164cdb806b3a3feffe13bb9f7b,4,3,1,0.5416666666666666
fc773a4e551531031d8d84f0919fa4afc1710af8,1,0,1,0.47619047619047616
f471fa9b588213746e2452d402c158ef382e0648,3,2,1,0.5217391304347826
89302b03c5069f24bd3f9ce6c530be955478106f,55,48,7,0.7733333333333333
3156126752e43103383c4a2679778e03de37029f,3,0,3,0.43478260869565216
9f53b51810b654a3c80de4bde01dd3ccd80af9b9,6,4,2,0.5384615384615384
e637962554b82b5dc123b4ae2dbd8e4c82adce5b,13,11,2,0.6363636363636364
f6e260fa540c9b49e59bf226c4f9475a02f1ca08,5,4,1,0.56
8bce3debb733aebb5f4204c3c49b95309900e2eb,12,12,0,0.6875
3196ad06cc287dabb36d19ffc05e9ddf04b5608d,1,1,0,0.5238095238095238
900f6ac7a20e1f4c83b2e795df7689cb73089dea,153,143,10,0.884393063583815
a3e017052415596eb02fcb24b6de1b916d92ced4,1,1,0,0.5238095238095238
9217f70204e4da25b37a5fc811f7bef7639c31c2,2,1,1,0.5
348839433f8576910fc604a39b15bbcfe7c74392,2,1,1,0.5
a79bf5f3f2650d5bdd1257f1f3f25d484ad9fa4c,1,1,0,0.5238095238095238
e345cb4780419c49a63e2cdc115e8b2a51690b52,4,3,1,0.5416666666666666
697ff22f587160c0fd04caffd6315a6edac4f72f,21,3,18,0.3170731707317073
da81a486ca75427877e0447c51ddfe53f9c99078,2,1,1,0.5
a49763b544c400b8c0a0e8b6c91e50d099823e4d,1,1,0,0.5238095238095238
f44515d8f5793dfdd77e88cbd44e449aa0ac3dd6,1,1,0,0.5238095238095238
d2a70b908b4760d97d23fb4f8fe9447aa6d70dd8,80,62,18,0.72
f4066ce8370d345a0e701643e7bc8ec17a932535,1,0,1,0.47619047619047616
f34436d91303f297bcd1f5163b5b02f477922543,6,6,0,0.6153846153846154
1cc58acee75262fc2206d1f76ca1fc05751614e6,7,1,6,0.4074074074074074
d1f981aa0446f08421cbbbd64211bf94229ee0cf,2,2,0,0.5454545454545454
42fa24403636a26476afc2667e88d0a3e0efb800,1,0,1,0.47619047619047616
f8c5b26f7acebae01e75bed4070c540de0817802,5,4,1,0.56
7c39af56f449f4ffc27acf3bd6c58428edc138c3,18,10,8,0.5263157894736842
26b0928617d539af66cd41b0654a633bd7c5b1e4,24,20,4,0.6818181818181818
9103434ba95525b59c1d221b605848879210c23b,2,2,0,0.5454545454545454
37e0f05df241e2b0551400292c0e5650a0644d8f,2,2,0,0.5454545454545454
2cae792fd832b94f2a32ad85b6b79d7e60e22fd1,1,1,0,0.5238095238095238
d447ab94e0070834a7d4ee82ac01b1e7e621cb48,43,30,13,0.6349206349206349
9720834b981f7ab919f5fb685e104055f82857cb,5,5,0,0.6
5c1ef861922dba25c44b7d6ae834a9cfa76579a7,37,35,2,0.7894736842105263
3c516eabec5a9d9df638ec3ec8c1b58c9d68cf48,1,1,0,0.5238095238095238
1d466748cee3d942e0b95346e8e16b6515a68685,2,2,0,0.5454545454545454
5aace1fd23be87cbff10c4dccc4fb240609d7a0f,1,1,0,0.5238095238095238
de603f07f3c16b64dfbdd7caeac1973f5816d62e,7,5,2,0.5555555555555556
e35cf2e365387464e6c278a3c8834b92c56220fc,4,3,1,0.5416666666666666
8433d6177b9dffbe4b6646de74389bb575e75dcf,1,1,0,0.5238095238095238
42c5693d23b94d457135bb267116d0510d1bd7e0,22,19,3,0.6904761904761905
529afaf5080c75ce6f2b03e1ffab0d191dd91d0c,2,1,1,0.5
4a0ab44c4f580bdd7e1a7afe3caeeb083ea5fdaa,3,1,2,0.4782608695652174
caf1c5b30c043abf96ff12a8cf30fde4621a3166,1,0,1,0.47619047619047616
606cc397e03e04685a95826dd114166e70a62c87,1,1,0,0.5238095238095238
fba562dc35117ab2a882511505031dd63a75b42a,16,15,1,0.6944444444444444
627e17929ff972d399cfd73f63a4dcafcf73750c,44,38,6,0.75
e5064811e80b1b91268baaf81f5a73f6832c5695,1,1,0,0.5238095238095238
11597600f3aab9f19664d05c2fc026853623f27b,1,1,0,0.5238095238095238
61f2c1a26219f1ac20b31051a5cf20821d76f656,31,27,4,0.7254901960784313
f284775bf9e7ad6d4f320a253601ca45171fb73b,1,1,0,0.5238095238095238
1cbbff6dafd72d318609bc3fcdd31e245980ace5,73,57,16,0.7204301075268817
42f419138f78a746a673d82791ac7801697509a7,1,0,1,0.47619047619047616
e2bc760a913fe313d760fcf00a1e9d154379eab4,88,82,6,0.8518518518518519
6a5968b4c7745e9fe712a535064f01127781ad0b,1,1,0,0.5238095238095238
181e0dbded1054d5009df8df9f181c2c5ac0b0f6,1,1,0,0.5238095238095238
d98340d31c5dfb193b7f6f4dbd9abfbcdb9332bd,1,1,0,0.5238095238095238
64b9096dbd3daba2b25a514c64b76dbf116125d8,16,13,3,0.6388888888888888
190ec48e8483a6f3c00af3ab463a89e53f0c2e69,11,11,0,0.6774193548387096
2e88f2edfdb512a44ed0ee09090e19761578fedb,30,9,21,0.38
0dc06964c382505d34f3af04f2accf2faf1a05f7,4,4,0,0.5833333333333334
35d2effccd0a5aeca29914b94b56c0f62bfe66f1,16,10,6,0.5555555555555556
2a656ef02d1d42dcc059c705a9f61aec922ab886,1,1,0,0.5238095238095238
c87130372ab49de9bd83198f482824cd8bc5a5a5,1,1,0,0.5238095238095238
e9498e942f4a97ddac140a7996f7c48cbf6af4fc,2,1,1,0.5
8cb624a07de0e87c23c5f63646b7828790df279a,1,1,0,0.5238095238095238
7729d603db4cb8a955f941c563fab0443ab96a98,3,1,2,0.4782608695652174
7b66578e1a8dc0cc0d4ce2f315b5c5c4d6595a15,1,1,0,0.5238095238095238
4386b00f98c43705391bb2dfb948bd5dd1c7f62e,45,28,17,0.5846153846153846
7b19e5380793fc79f1707e81bf650e3e4d0598b9,11,4,7,0.45161290322580644
2b8c302c3adc2c3855646b5a8f6ee254082926c3,1,0,1,0.47619047619047616
bf497852dc3ac792b8a87efc38b4c60ca8e58b3f,2,1,1,0.5
d0c349b2a789e7b44ac87f35fe05615859ea288c,1,1,0,0.5238095238095238
0722b0e285f33be4ce91baee32f707382bd9ba21,4,4,0,0.5833333333333334
68373a5147b88713281f0d484c547cc90e99ebbb,26,13,13,0.5
195cf780547da3256ede48c4c59cf2f079180da6,256,225,31,0.8514492753623188
5fab9bb1bff34c9bb8daca572b374a7c2eb522b0,4,2,2,0.5
7167faf83202704647c768d08d53b01ef39dd76a,1,1,0,0.5238095238095238
86571180c3f3e3e322a60a1ded88f8faeadb1b37,2,0,2,0.45454545454545453
24eac5f5bb9ce90e29dc6745696b9840240fd701,2,1,1,0.5
979b2ded327760d8a77081c6e49f31ef8763126a,1,1,0,0.5238095238095238
5ec33d91d1235659c89efaa48e06a23025ff1ff2,1,1,0,0.5238095238095238
0cad3cd65b10ad73159cea166fc148bc1dfb96ed,7,6,1,0.5925925925925926
cdcc9c3d3878b931620253975d995e0acb17f5c5,1,1,0,0.5238095238095238
caad0eeffefef67d227dac7035c8c0bcceefc771,4,3,1,0.5416666666666666
00cd2d0b9ff00399aae6d419a94a19bc690f12e9,1,1,0,0.5238095238095238
c2348f59bcc7d0c9788974f0ce1e1b389f249718,8,5,3,0.5357142857142857
f563eb3ca7e5908888206a580befcf29b35d702f,4,4,0,0.5833333333333334
3964700429b1ac02d35f66aa2dca8c5283f825ea,1,0,1,0.47619047619047616
1a1f7779fc7b5bc8ccb02f2876cb47fdff72a240,1,1,0,0.5238095238095238
fa0cf979c1156c9827cd3705ade2d77467048ca5,44,39,5,0.765625
7a7dd1eaf12c7a0afdd3d34d7e9635db0d86df73,1,0,1,0.47619047619047616
c06605cadbeeaf6e0eb60ed1f6c0695c9c9476d6,4,4,0,0.5833333333333334
d7ef139a11552b3c245f1dfd2f3499a14923cb34,17,15,2,0.6756756756756757
30117d2e6f23ae07e5a7e3188f2eca3f0943f399,6,5,1,0.5769230769230769
6bbba0f77dcb78599336cccdf6ca91ebfbc3a783,1,1,0,0.5238095238095238
2d532dc59ac225ae721b9819f8cfd3dac6378772,262,51,211,0.21631205673758866
9d1ae23f7039f16e3850ebc1f91a7111d1e611d7,9,0,9,0.3448275862068966
272bb3acb357f8d559fb8968c3d1978a1f2ad694,1,1,0,0.5238095238095238
daeafed5158ef918249891d94b49ef32e0d7aaf2,7,4,3,0.5185185185185185
470f1d387afcf7e42b242c1ff9fba65e57e9f908,14,8,6,0.5294117647058824
12ce10609a82beee7a65f8e3c60993bccf25cfd5,1,0,1,0.47619047619047616
a7da8c9d3518baa200d32a0de2b14d0850de4c52,6,4,2,0.5384615384615384
103c8508651bf3125fd591366a8478658d114ebc,72,52,20,0.6739130434782609
8a4171beeb205e78d6231e23bc3df1be7f33cd6d,47,24,23,0.5074626865671642
a4165cbf9ea52b7d019f056d3adbf260b20043c9,2,2,0,0.5454545454545454
3d3e606d568686e448ae9204a05312c0d90842ed,1,1,0,0.5238095238095238
5ac2295a0373ace5ba8fbcfdd763ff7b7d992e08,4,4,0,0.5833333333333334
cbdc8a5582c6f6a129c39e03a2787bd3e6c4a3c3,1,0,1,0.47619047619047616
e5f6dd4bc665566c172c6bd07c16bbda9cdcff61,1,1,0,0.5238095238095238
c5af66e5dc5c2be210fa9ab061b46b6df062a6a0,1,1,0,0.5238095238095238
294efdc4e9c5a8a833dfafd39fecb840b238b1a4,53,34,19,0.6027397260273972
b001eb32736d2f6e4d9a7405218d7cb602990966,18,17,1,0.7105263157894737
c0dc59e9cdf6f2d2324f95e869a8f43ca5a5b944,1,1,0,0.5238095238095238
72aab3b6345070ef4346e41fcf53d490a8b3143b,8,5,3,0.5357142857142857
9466fcbac30baba0eab3eb3ad9fcd5b609a56e40,2,2,0,0.5454545454545454
13e036d043e3609ebd9d48c00c90a5c2c6dac534,11,10,1,0.6451612903225806
b575c10fc53ec1ec293e7c6e92f952b7003ce511,23,21,2,0.7209302325581395
8603034606dc2c0c0972f0423f7eabf8406550f5,6,6,0,0.6153846153846154
232b63c137300c669062a6d877287dbd11cc2f10,6,1,5,0.4230769230769231
a689ac1fd430ac2870dfea6818b9bf311487727e,4,4,0,0.5833333333333334
7d2a2d50fca374763f7d87e55558159f927382e4,24,11,13,0.4772727272727273
68db145d97c09ebec4ffd11b68bdac655b5ff5c1,14,13,1,0.6764705882352942
995b2c622e26c9756c8abc9aa2d1d9f5501ce019,126,70,56,0.547945205479452
2aef85c2af5a08c9d90a5ba342001494bab2f76b,58,15,43,0.32051282051282054
a2044a8366847c56aa820c6e5fe7567dd2712631,1,1,0,0.5238095238095238
188ee72ee5acd43cab5fbf0dd537c9a004c7eeaa,1,1,0,0.5238095238095238
820da9f6c87eb40761cdc0040ee1cbc95ed98734,3,3,0,0.5652173913043478
227c911fe1cb01a8527cd0b49513ccb805079242,44,42,2,0.8125
5b3967c1cc24fb8634fcaa4c6989920ce211a637,1,0,1,0.47619047619047616
3e8f661961a3303e699dda6846b863c7e65291db,2,0,2,0.45454545454545453
a60db1429e21b96684ccb95dda6c908850d93b26,1,0,1,0.47619047619047616
44d5041dfaff5efca012fb25bc4d46439fc74fab,1,0,1,0.47619047619047616
a5a90dadea4411d5171620c75a0c6f7ad9be8d94,1,1,0,0.5238095238095238
87da9cd5ea50ee8f79dba8dc71113432de23075e,1,0,1,0.47619047619047616
c08a11bbcf44bb255fe09b249548e02982393608,10,7,3,0.5666666666666667
2b7307dd4c3145a5451bea2ac39fa1894ea4e494,1,0,1,0.47619047619047616
a6d2e64c6752fedd227bb4b97c862c7d7a34fdba,1,0,1,0.47619047619047616
873b583c602071f4669ca1e8aa7a52fd699e7eeb,27,23,4,0.7021276595744681
e56e99c2c387f7d06d15be8b044c6859a5daa603,1,1,0,0.5238095238095238
df03f7332b1d5374f117e92824aa9449b2d7cbf0,1,1,0,0.5238095238095238
0c418fb30c0744dd5e6b3a131e2e3491e548348c,955,843,112,0.8748717948717949
025f10fcea67f6a55aa2b2e4574f4570c31fe9bc,1,1,0,0.5238095238095238
65a6271ea41872673b7cd6b75f6c87ce26247622,8,7,1,0.6071428571428571
400bf1112ac2e704fba164bdaa972dc28259ee69,27,14,13,0.5106382978723404
4ad4fcfcd8df5fdb3f167dd698915bb38e8946a7,1,1,0,0.5238095238095238
e7f3a018153388d65df4e36e7ab19c5906e1a16d,13,7,6,0.5151515151515151
973ab9cf2a851a52574aa06221d94e49c5c401e5,1,1,0,0.5238095238095238
c24ca9b01068ebdc26e0bcb246d351e1ddb8543c,3,2,1,0.5217391304347826
e2b308051eac498f5f0f89ffb5dfd9caa661b05e,3,3,0,0.5652173913043478
343740e679a0c1582553753103dcb81a8a39119b,2,2,0,0.5454545454545454
6182d2ee9eb2a08cd39e51d772d4445f1f2fd6b6,44,36,8,0.71875
f26c8003b09f4f649181822a6c2d3cfc22cdef48,8,8,0,0.6428571428571429
360c1aa4cfc91b612248803fe55cacba2b646867,1,1,0,0.5238095238095238
082ee52d5d1586bd9a4577848835a0177ccd32ae,1,1,0,0.5238095238095238
c3b32c3e2f3e39c60b1010ba5ef8fd4651aa4110,33,21,12,0.5849056603773585
148f7f5bd615c3897d0656ac584b1cbbde87d197,1,1,0,0.5238095238095238
1d53ae301520a8cc5b5a33c7cc5c1ee158c938d4,9,7,2,0.5862068965517241
d6cb0017d683204b9c5af3f66072148949e0dd5f,18,14,4,0.631578947368421
f658eb1dd699f94571229942227fff599e67afa7,7,4,3,0.5185185185185185
b4bb9525217b3b105db560ebd2ffca698ebb572d,37,26,11,0.631578947368421
c95f83c06799f9375ccaed11f32a352fdb74b50d,26,16,10,0.5652173913043478
4ca27d316f01b909ec0636f62c4fdb9b75fb919f,1,0,1,0.47619047619047616
aaa01057a7466640c5a9a1079923b4c3109addc1,7,3,4,0.48148148148148145
ead9626862011860d1c57428b1692c10e625762e,2,2,0,0.5454545454545454
fc2f61c1e1b9563f7a2b706903185767a8e89089,57,43,14,0.6883116883116883
e782909d4290d51e7ccc6647e1502d035bdc78d1,7,3,4,0.48148148148148145
2e30766e2b80d43a15a96073975c42750abeb67d,1,1,0,0.5238095238095238
43a56a6fca6dcef6041ff234fe30c201b710dc09,4,4,0,0.5833333333333334
0e47b061e278322016b91023ebdeb82a2924e3d7,2,2,0,0.5454545454545454
e1921b88297f9e402a6c1bfc9233d2ed980cb970,24,21,3,0.7045454545454546
146faed016be4e6ea521f6ba29a348f5e679e916,1,1,0,0.5238095238095238
4de1e1ba91722cda7c0eef052f59600a71e6922f,1,1,0,0.5238095238095238
7c729fe9a196394aaa5f783ffcf58c907eb06699,1,0,1,0.47619047619047616
b519faa94048805c0c91ff87a9d975bc81556625,1,1,0,0.5238095238095238
14e47b0b7d70f6878831086123fbf297f9f47150,1,1,0,0.5238095238095238
e36b23f4183b1e71e1ad881d5dc24a32fa7ca148,2,1,1,0.5
2d65990ade6d73be8ab6668fdcaade332ae871fe,17,16,1,0.7027027027027027
67ca3802421791fa6cb42e812dd50c7e425e37cb,5,3,2,0.52
63a9fc1da6770e9e16b2d333cb8b835bfbb89c46,11,10,1,0.6451612903225806
f413207e2860e56e36877c6f077ccb0c4947fefb,15,14,1,0.6857142857142857
173cb97e56b99bb1dbbc1bdcbc5f16e9f31fe15a,46,35,11,0.6818181818181818
d05ff8fe5395cc39b304a4040ded509bd189016c,18,15,3,0.6578947368421053
7c961ed4ee913333948d98899486787536b0e846,3,3,0,0.5652173913043478
2a8e898b3c814053aaaccd26254c22b909a4cdfa,1,0,1,0.47619047619047616
ad23d2bddd0580f0654e72fbb0961d5358ff6e99,6,2,4,0.46153846153846156
aff7b45b39629b533132f4bd7ee08d278a69e5d6,14,14,0,0.7058823529411765
dc3e36bc941665f9c037b30cdeb5c6fa5a51b7ac,7,4,3,0.5185185185185185
46f2d70d3faa883856e0e79bcb428652245806d7,19,19,0,0.7435897435897436
807d4c97ac4b0414be12294ca8a9db6945814d8f,1,1,0,0.5238095238095238
00a1343d0437d9c14db9fab80881baa58245ecc3,1,1,0,0.5238095238095238
28f5c34c2f867ef2dda6bc08fe74c3df20630990,6,5,1,0.5769230769230769
e95896028d3d51bb1daf9558b088cb89e11b71b1,3,2,1,0.5217391304347826
8b021e9d7f2fda7e5a93a860e2de00953ba889dc,5,4,1,0.56
51ba3d9fc4a06847d8385eaf2dad183211b6c471,1,1,0,0.5238095238095238
2da8a1b5d240b227e4c11f81bd83bf2d5c405fa6,32,31,1,0.7884615384615384
43334065f49a96d6f41f016d86496192f0bd65a0,39,1,38,0.1864406779661017
0ddd3bdc2f6e454dd1a61ae1906f322f49718532,2,1,1,0.5
5bfcf6af9347c6203f1ed3afc474495f89a13d4a,1,0,1,0.47619047619047616
b75e33d605a20b72455bb9e585ea21a42a567149,9,6,3,0.5517241379310345
cf510915a88fc1d613f9e73b61fcc204d23e56a0,3,3,0,0.5652173913043478
fe9cb559831e7a29ae96ae45d1d8e0ca88e19e7a,1,1,0,0.5238095238095238
b5906abbefb820996c4e2748bd5091e9f8e0f790,2,2,0,0.5454545454545454
d1abdda55d45c50687c4f091e0c3cda8a40e3936,1,1,0,0.5238095238095238
286b42445e541d5d46fcf4ce060b250bf0e74b4d,2,2,0,0.5454545454545454
6af859aff85cc2389a00fbb160ac65acc1b585ab,10,8,2,0.6
5830f7b9b558eb5c056c2fbab3e830d61776cdf1,18,15,3,0.6578947368421053
383d444e2e43df49c1b18fbf88a705cf45cfcbd6,7,5,2,0.5555555555555556
9e9387d288df03a381e665373728677667a6750e,3,0,3,0.43478260869565216
a74aead5e907a17e26983cac196b155990e2d39f,3,1,2,0.4782608695652174
0596edfb83ef1ee602e1d47534fdd00f63de664f,1,1,0,0.5238095238095238
9d22b1b1c3a1c451ab1e607bd201ab36e44cd7f5,9,8,1,0.6206896551724138
8f9e9f675b3e88f55de4a7ef1490191f69ee42e7,53,33,20,0.589041095890411
4e962779781d9123c33b278088cc89a398ff06a9,9,4,5,0.4827586206896552
a2f6b0faedf0b60ce979e52029d06ebc7221664f,4,3,1,0.5416666666666666
bb34c2ca0542536369df4df90c9285a5f25b7251,3,1,2,0.4782608695652174
7dc12940259ed4ac3b7176cadca47b0593075d80,1,0,1,0.47619047619047616
ec405166974aff60d9704e6cd2f0e3a97a9d1280,4,4,0,0.5833333333333334
7dba000e8bc24a38fcab598708a6bab1654af724,2,2,0,0.5454545454545454
a1336ad307310ff33a964b7474e324139b60add5,2,2,0,0.5454545454545454
378f5a6fa6fb452daeb8b85f285f17852ca36b9e,2,2,0,0.5454545454545454
d7e1f7750dd0403b8c3b625187b7f1be34e54d20,2,2,0,0.5454545454545454
d2bda8e359a6bac8437cba16b5e044a01e0b1c96,14,13,1,0.6764705882352942
555d94299c49cdfc798b41a2b846aba4ee590c0b,34,25,9,0.6481481481481481
3522587236e2e69993522f652878d613229fed27,1,1,0,0.5238095238095238
0080f81d934dff062bb26f8d23a5c94765a7e813,2,2,0,0.5454545454545454
5482c0fb416cf8bd73cd063c5932d79573d697a1,16,8,8,0.5
fbcdb7bc3559f23ca43c63ab933339c78e18903f,1,1,0,0.5238095238095238
2af6839aae2da21a49780a1a4d7f8721d4a7c235,2,1,1,0.5
410cce87797dd207bcf53a4c50d38d35c04b0b5c,2,2,0,0.5454545454545454
67a220aae25ed7c028dbac5b087877932322bfd7,3,3,0,0.5652173913043478
31a42d6792e0f43e199a2df018a20d702242a488,1,1,0,0.5238095238095238
ec8c2483f8576319fbe108a8403bb869b3572479,37,26,11,0.631578947368421
ecb13016b3a0a119fdc20f80b1719226238e8239,2,2,0,0.5454545454545454
1527b840506edf10ceca0606d645a75ae8df13ac,1,1,0,0.5238095238095238
e8dff3e76896c3a8c7cd6b787d064bfcf3d2f923,1,0,1,0.47619047619047616
4fa4fc0c5761c0302aa2d7afa745bde676f60d02,1,1,0,0.5238095238095238
2886e0bdef25da50156982c470adbc0275f42215,75,50,25,0.631578947368421
0207fb7fd66d627733f835bc9bf2db4fdddc277f,445,363,82,0.8021505376344086
f89b52191341181c44d7b694556d70d23784445f,2,2,0,0.5454545454545454
ece83b2428a3e1d10f3a34b44ac4e375b4c5812f,9,8,1,0.6206896551724138
20ae0d9cca39f8d051fe4dfdd3096fb2433941dc,5,5,0,0.6
3a2dafb03c684d3716085b676712f4c3e873ce83,2,2,0,0.5454545454545454
41f32316e681efba79625b54d9bc71a684afe6d2,1,1,0,0.5238095238095238
d26189065f12a6099cdd087777cf6ee380327bdd,2,1,1,0.5
b68b17650d52ce5d86169308492149e14d4d232c,4,3,1,0.5416666666666666
d60b6899acf799eca7b98758158d3cc999b370eb,1,1,0,0.5238095238095238
2270bc7b29c0425330158cdbe06c313363f58e3d,2,2,0,0.5454545454545454
0d27e423ec7234098cf2162ecee5814a598edc54,2,2,0,0.5454545454545454
eeedab1ed08c59deb182ff207f9cc4a9552efe8c,61,56,5,0.8148148148148148
df380fc213c02bd052c2e0467da171facbe1fdf3,1,1,0,0.5238095238095238
6f7bd07490a2746de6c11d8476ac3008cccf0595,34,31,3,0.7592592592592593
3cd335b2539cbcded3b60147537b8e068d07d342,1,1,0,0.5238095238095238
72c308513166e63b342e8f017af9c88170fa779b,4,2,2,0.5
818e2ecac7a09f487c5b813bb04cfe0bc027ead9,5,5,0,0.6
f4741773b3fd6c54a52a834ad4856c7cabb752d0,1,1,0,0.5238095238095238
a05b9641c080835dfe97c3918726ff80c687fb36,2,2,0,0.5454545454545454
2e0348caa033606610c8818ac6b7348dc19b530d,3,2,1,0.5217391304347826
cf1c2e760c01bcb057afd63e4b3891a027f9b42b,1,1,0,0.5238095238095238
751c7619f925d5bc88892f6bd754a18812782913,1,1,0,0.5238095238095238
0dcda0d730179576f1213c0f1c6026c54f5db438,514,461,53,0.8820224719101124
eb18c4d1b0c0e277ed72eecd89260ab43686f81e,4,3,1,0.5416666666666666
98e8f9d259cd1eb146455ad19173060d356b0e11,4,4,0,0.5833333333333334
5e244d6ad9c5256aaf76898e0184fe5a6f084c17,2,1,1,0.5
bdf6878eb7a8e47ea2734a20c3a6a30f62473e47,6,6,0,0.6153846153846154
7aa2e9c4552f74d32eb714fd2a64dfc09bdc7579,230,195,35,0.82
a24c15effe2685a8ccb2d722eeb1519907bde3ad,46,36,10,0.696969696969697
660517894b3a9f9296e0a0017bb76011b47e9089,1,1,0,0.5238095238095238
5fd1dff4ebdef77cee83c885d54c354fa3011aee,1,1,0,0.5238095238095238
d069f30eca88403120da29017e699e03ee414f99,2,2,0,0.5454545454545454
5acdc5dd3260a33976153c23a28736c74c5a2579,1,0,1,0.47619047619047616
741f0caf657811702b9130c3a66e492ac0ee7da2,1,1,0,0.5238095238095238
c7fb9ff54a8ab7846031f5df37c30cb6c3fdca23,1,0,1,0.47619047619047616
8be5b78d5e949c6c06f8e0b7e41095b31efa0a8e,1,1,0,0.5238095238095238
20f3134388d3a0d4df1881e95e83a49b59718553,1,1,0,0.5238095238095238
f58c296bc3f822f5703738cb1a869dadb4fabe05,6,1,5,0.4230769230769231
99fe52d0fd0c897aba91a0f8ea45433cefeaf6e9,1,1,0,0.5238095238095238
4692c87912d43737bec4b7fc519d894766b248b3,6,1,5,0.4230769230769231
1676072f7fa050e208bfb80b81d45f42136be7ad,2,2,0,0.5454545454545454
1fc59e0c6f553fee08f5440cb28cc131c3cdccfd,1,1,0,0.5238095238095238
595221057f0a8b809d34e887521c9d12032f62d4,1,1,0,0.5238095238095238
f3b746938573958aab085a77b522de7295d1f537,18,16,2,0.6842105263157895
a3fd63775fb4f117bad30380bade1593a05dab93,1,1,0,0.5238095238095238
47f680c7bcb2803d360b7c3f18818f52f534e1e9,1,1,0,0.5238095238095238
f3412f2724d5970c401690496631003206c94546,84,76,8,0.8269230769230769
54b0f805435329566a8db811220190aeeb36729a,3,3,0,0.5652173913043478
c2b9694220ec3bc8a0b3a288f2ca7845c780f734,2,2,0,0.5454545454545454
ede96dc6c5427aea6bce8f19d9daaf33378ebf18,7,5,2,0.5555555555555556
12b211b4a6da19525afb0724c700af5ba5c5c67f,1,1,0,0.5238095238095238
bdece9213d9afc4f294110cd9b3f5ee7899cde18,2,0,2,0.45454545454545453
b9016f60a1966f3c43bbbb504df7652bcf854245,82,74,8,0.8235294117647058
d49a9346e4197f1e25dd7bb86a98b44fbcd4bc4a,1,1,0,0.5238095238095238
c0da8f2a280b366b5f621299c49f838b694ead8f,1,1,0,0.5238095238095238
e5983f09492daacc665f700c24113fead80c3994,57,53,4,0.8181818181818182
6abee1176e42f22d31c30458105473c0f465222a,18,17,1,0.7105263157894737
94bcdbf2904cb89428008b242a30850b63f0d3b1,1,0,1,0.47619047619047616
c870579c387780272991a7f6072a4e7481fcf7ac,1,0,1,0.47619047619047616
3ea52a29f0d03a4557aff2b3fb3a2add7ac61721,2,2,0,0.5454545454545454
bfe4fcd7fa3d8d0a414469dcfa5851ca9876cf73,3,2,1,0.5217391304347826
6909c8e7bcb2213fa8af3115e5ed4d87ae5ec42b,1,0,1,0.47619047619047616
d4e26d22a6fd027db00e630879bf503140b70999,1,1,0,0.5238095238095238
2dba25e8d60ba173428a04c4146bb45755c09fd6,1,0,1,0.47619047619047616
c1b610823b444ec6b5d19be4c9128eede8c303bc,2,2,0,0.5454545454545454
c7fc9d74ef263f2b9d51f2369e725886f9497a5c,13,4,9,0.42424242424242425
49480788635c1294ea48b6c0a73fbe62527a11b6,1,0,1,0.47619047619047616
a4c9b4030413c95fb24aaa144bc09344cd6fc8dd,673,576,97,0.8455988455988456
2626e1876039527d55cd0e6274223d411d140f21,52,35,17,0.625
f1a4505e12e799fa3efad04174eab53bcb1ad3e6,1,1,0,0.5238095238095238
d084699b4a223dcf8bd0f6b7fff04e029789ff6f,39,38,1,0.8135593220338984
157821a099fe641be674d9653fbfdb7213bd4a26,1,1,0,0.5238095238095238
1ec2b717b0d559eb1d9d41222ffa923dba4d3220,2,2,0,0.5454545454545454
d80c35379320c793fba5188a28a41618d5521853,1,1,0,0.5238095238095238
cb359a641f12c2c37109f82fe4164b3762fd847c,1,0,1,0.47619047619047616
53ed1cf5376c864c20438372e950aca7494212cc,6,4,2,0.5384615384615384
5ea6e45bc28b03dc61f5851f2ab1a34b51187981,8,8,0,0.6428571428571429
a60e9824b3e3f00d94ac474c040094344b3c0ebb,16,12,4,0.6111111111111112
8af6004d97bcc16354ca6fccf9eed58ebe8ef2d7,15,15,0,0.7142857142857143
b096f23b7147d553e81a1031009c215390966df1,1,1,0,0.5238095238095238
b84c55cad6e94ab496b78d500319368a4cb1fa34,1,0,1,0.47619047619047616
9b7107f138b5ece2cd56eec149c23f3a111bd4bc,4,2,2,0.5
0e8d20135205b71bef3adebef2ea7a3e5e78fa29,135,126,9,0.8774193548387097
0b6bc79ba9a45d842f13e3bb6e63d5b26c5e7f31,1,1,0,0.5238095238095238
ed54be9548bc5c4d5f9db38b7f0278cc4b3d00c5,1,1,0,0.5238095238095238
e8a60d8716c7a25c808a230f8b4c374cd0f7fad9,1252,907,345,0.7209119496855346
78ca3273c4bfd2ecbafa642759fe73714d94e5a2,1,1,0,0.5238095238095238
2f6bccf18b2d87f919df5c506c305e7a18b22e67,6,5,1,0.5769230769230769
2306c625d497155fe87919de6cc9e0af9e12e5c2,6,4,2,0.5384615384615384
d4a2909d732c289c5f8b724b3ce8aa9d370989e6,36,28,8,0.6785714285714286
f854b138841d278c2dbf9364dbe42fd184cd67b9,3,3,0,0.5652173913043478
fe07b9858d75d2f7a4c3f7c63119931dd2822ad4,5,5,0,0.6
c249868da797e3848bbfdcfcc87c826846b0bdd0,1,0,1,0.47619047619047616
16b31127e5433d92970686060497a44341af4b18,2,2,0,0.5454545454545454
847f6d51c85babb964cc43032081345a830f5596,63,39,24,0.5903614457831325
52d992a4374f8b63e3ec84feead5bfad1cb7bfb1,1,1,0,0.5238095238095238
69c73578bc7190bc7afbe98bbb2be01014cd48ef,3,3,0,0.5652173913043478
fcdd524aeadc91cc18bd3bda5f24f897b892f55a,5,4,1,0.56
3c06b1549c6111dd11db8ba6f919a8e9c04a2fee,3,2,1,0.5217391304347826
1b78180f263ab96c16578faafa65e35738a7acd6,162,150,12,0.8791208791208791
f648836643e6ba27cf774fbf90d8f29b3c45a8aa,2,2,0,0.5454545454545454
6d1d0822f4ebc11466a530f601255e014926117a,73,59,14,0.7419354838709677
d0c02b7c64bbda471b0f1dcf4739910a2521924c,64,41,23,0.6071428571428571
f672394e1ee16eefd175d4f780a18229cf76f279,44,21,23,0.484375
3ada59e430c6b05d1b0e5f5429c7da842cac0c81,7,6,1,0.5925925925925926
74de152195b49299ab47900d35d1b8c329de09c7,20,18,2,0.7
7e224bf7ba51dccdec2dc02b7700593fddb484ae,10,7,3,0.5666666666666667
8a230c272421b8cacf91c2333fcd615288ca6260,339,266,73,0.7688022284122563
f98f608e6d2763daeaaa8867e683cc47f871b87d,1,0,1,0.47619047619047616
abcbba2f6ce29903ca57bb04485e9996656f1810,12,8,4,0.5625
8ee83ff761434272467e73c708a7ca4b92c095b1,1,0,1,0.47619047619047616
628433067f925acb63380d8a2caed8f57c7f057e,4,2,2,0.5
dc50343ef40e416999ce4ce29a125243447a2627,3,2,1,0.5217391304347826
252cbe7dbc91b77a02d1924bf9b85079f654af11,2,2,0,0.5454545454545454
5f43eb7d05ec618a515649a462faacbeb0010f46,2,0,2,0.45454545454545453
c5e85d57619f3b5417a1dc0f3b48402158ee47ef,3,2,1,0.5217391304347826
f0665ce834841d8d062c837c1cfa4b8452667cc2,1,1,0,0.5238095238095238
64f788afa1ff58e96faee072d94c321f59fe7783,1,0,1,0.47619047619047616
a8da2c4e549d9784bc9c6af11e511d02f0e93cf1,21,18,3,0.6829268292682927
a7c7fcb5b5e6b4f87bae1b0f786d7c54e63d6811,2,1,1,0.5
47c176f946632f2b7fd9aa6101e2450ce5a1c594,27,13,14,0.48936170212765956
77c810cf76ee9bbb1832af67317263d012838c4b,76,70,6,0.8333333333333334
86d7c138a88c2ef32348de6fbe3b83cc746e86fd,7,6,1,0.5925925925925926
5a7e3a1aeb1366cd9bf6ac6632682f97b028fb07,2,2,0,0.5454545454545454
62cb50316332b4496cb0273ce8e467d66542be61,1,0,1,0.47619047619047616
21bfd38664423ecdc3ccbcb9c1b6015c909e6bc3,3,1,2,0.4782608695652174
3f537655522d4dfe9cf0c767fcc33138fe4ab795,23,19,4,0.6744186046511628
91fea55ab0b33d16057c9c4a582b8e3e729c7cf7,1,1,0,0.5238095238095238
543f40f7e28c630050277701c667a95ac5418798,3,3,0,0.5652173913043478
e07ec5122b19008fd3e6fc2a66914ba5f35aec56,4,3,1,0.5416666666666666
f9af9888a80ae75ccf2ec928bea5c692ce35b622,1,1,0,0.5238095238095238
24c2a3b0a53d397ce90ca2090da05bbbff506af6,1,0,1,0.47619047619047616
ce982ad4084392abeabf6df8edda82c6cb359b79,1,0,1,0.47619047619047616
45157015c4f77fafa93336e28b157d86eec07713,72,46,26,0.6086956521739131
f4771df5537fad8ef64fd0da685206bdf3c0f44c,4,1,3,0.4583333333333333
562b40bb392ddfe8171d00262b204bf308be5f89,9,6,3,0.5517241379310345
ca4e9c1b55995105d49ea9f89d077864a1ac96eb,604,452,152,0.7403846153846154
fe3f5721bfe080d5ee37e7b63bf2c304cbeb00bd,1,1,0,0.5238095238095238
db9ccd0105b720c9407cdb65b48d56350066ea8a,1,0,1,0.47619047619047616
2c52c7fe90fc493230ab17015bd962c2579e66d2,28,26,2,0.75
b9d5b952eafaa1b5c1d1b7eb2fbf3575408aec74,144,127,17,0.8353658536585366
664bacd47ec666d397d10dcc4794b077c0194f60,1,0,1,0.47619047619047616
c48e5b2748f46dc4f4dd914e1d1df4babf41f5ed,1,1,0,0.5238095238095238
58dad98033622a05b0ae080f7a3c82fd6b8fdc4f,44,37,7,0.734375
477e9a83e618115290cab32f173751b48e7175f8,3,3,0,0.5652173913043478
092d6338f57b8e4f3dd7f438428203e8fb5348a5,6,5,1,0.5769230769230769
dd9a1feed391dec4dbbf2aa91a098e7b8d90ab2d,1,1,0,0.5238095238095238
0716f93c100daadd49fc3feab9aa149055ec050a,1,1,0,0.5238095238095238
f95724346cfdbf5ba0ab3593a8f9acefa8ce06b9,302,265,37,0.8540372670807453
f9350a591e0c47146d7b44deec69cd96fb5018f2,3,3,0,0.5652173913043478
7f1145f250c49a43f8fb49e7239e75f3d15dc1f0,4,4,0,0.5833333333333334
e1f0c4aa96554ff86fee043d56d45fa3a647c029,6,6,0,0.6153846153846154
c655244afcaf4498013364174cd0c6437b3c65a9,2,1,1,0.5
33f727fb921f5ab2f19bce4ae34f97347184bc96,2,2,0,0.5454545454545454
8b82ea800a96a220c8749d1c94a4ebd887c3e381,2,1,1,0.5
3868dadf581d5c7b99d41f4e73878e17b0c92c81,1,1,0,0.5238095238095238
eeaec08a59a8426869347f4f98bd1f0714162542,1,1,0,0.5238095238095238
1706311d1ee9e35eeff3f170ff471ef98472437f,1,1,0,0.5238095238095238
5c34f0c1a0726d96a7565914a6fc5abaa10e335b,83,75,8,0.8252427184466019
674a1792c590b587494c3100ea9e99cf391813d3,80,57,23,0.67
6fc95d1e6604876de4b73561c301bedc28a28313,2,0,2,0.45454545454545453
4122527056854228c971fddd0aa3082e420f7880,1,1,0,0.5238095238095238
5a4e89ded5fdfa920682fcff5918621ef4084aa9,2,1,1,0.5
4deff8fbbd3bd5d79fc111eebf47a4625d9f0d32,1,1,0,0.5238095238095238
149fddd1d33a6203387d543652172c05611badf4,1,1,0,0.5238095238095238
b1578c4336ca992b1204b5435ef642cf9230d970,77,42,35,0.5360824742268041
b40c9b15456b2c9b68458d2edae5b1e401e23ee3,1,1,0,0.5238095238095238
875829f3e8b6eea08486657625bc2c729b0cd482,1,1,0,0.5238095238095238
3a809d1eaf84ee1ee3aa864130f5b9f53fe1d55a,14,13,1,0.6764705882352942
db7d943d8a9d2dd9c7b8eba76c7599fda7cad160,1,1,0,0.5238095238095238
5cb2f33768d5c25f195ea2248d5d297792799d51,8,2,6,0.42857142857142855
714e47dbc371064513c259475b8e239d6eeaf4bf,2,2,0,0.5454545454545454
b63261fea9768825262d403cc1f15d58da51dfa5,1,1,0,0.5238095238095238
ef720099bee73e375beb6dd6f337b2facb8f114e,3,2,1,0.5217391304347826
2124b7aaca3d0d9df5c1aff4823fb000f8bb4093,1,0,1,0.47619047619047616
209cc6d664a8b07acee55727bcb1081f469a9d7e,1,1,0,0.5238095238095238
a76287da9e0e74aeefdd1e28296863cfaa4d4d15,205,181,24,0.8488888888888889
9b08a3e3401f087c9d813f8635aba842178452bd,99,10,89,0.16806722689075632
013e2422b18c53dde1b6ef684119a2944857628a,51,43,8,0.7464788732394366
a2ff175d4604e909c723262db51f19a771238140,1,1,0,0.5238095238095238
58e6d2c1d68da37d586f13e45260d9678ea2425e,2,0,2,0.45454545454545453
4b5a7ddcfdbd970ab30489915a7b69e6206a26da,1,1,0,0.5238095238095238
884ed0ede65ef02fbbac7e6ca018323b85402a8d,53,21,32,0.4246575342465753
9722d0a7279302d5b778a80aef76f7a66e1c49a2,1,0,1,0.47619047619047616
76ed4873b17dbcf737c336c808e993aede410940,12,9,3,0.59375
9f416d6db55b6a987a89fb632c93a283173b706c,1,1,0,0.5238095238095238
6b433b8d0cf1b4a108ead9954fd393053e8e18b7,10,10,0,0.6666666666666666
b67ee4abe9ad994b1453997eb413922e713d0e8e,104,56,48,0.532258064516129
dd1cc0357fdfba22a187efcd57a7365d60e68f63,51,46,5,0.7887323943661971
2ac85e8cc3d8d7e7c80de98947f133c0c47acafc,55,52,3,0.8266666666666667
60e7d28be3761db940ec7343eaf8a02611a62618,26,25,1,0.7608695652173914
c81dd8c936b2171a61874bd515a5413605e4165c,5,4,1,0.56
d03d990e89dd2c992dc7a0d490ebe21dd3b20d76,74,69,5,0.8404255319148937
4e250568a71e0f62403d4f9e2012084754912edf,2,1,1,0.5
a3715abbd2ef1fa530f560e98f59735aae9abea0,31,27,4,0.7254901960784313
3cfb5dba10b29c1eb00ffe8fbc4b9758801fdb87,1,0,1,0.47619047619047616
2ff77376267834c15c0678d5c1fd421086fa3df9,1,1,0,0.5238095238095238
86a22b262dd8bc93dfeb9e95f51e667ebd63f7af,1,0,1,0.47619047619047616
b89a60c1b7afd35baa6b26671a311e7f29b3d445,1,1,0,0.5238095238095238
9b887dfc2198b26c649995540a96d1f8de4a4156,6,6,0,0.6153846153846154
3d2e83ca264349a6d0080883560068c422804382,1,1,0,0.5238095238095238
ac75ffbd0a382ca998092ca52047d171bb95add8,63,26,37,0.43373493975903615
a82f3bd12c58f5f0a8438c50d9823df4fd4cfbdc,15,11,4,0.6
140e6c912abe7b73702a79ec768535c1b07566a5,1,1,0,0.5238095238095238
a024d08155c3b29425d64b2cb788ea94a38b4101,1,1,0,0.5238095238095238
31e8e408cb036c0d22c6ea7737def717a2b83026,9,8,1,0.6206896551724138
93203a6ebd452e812c857f2d2aa232b5d592205d,47,30,17,0.5970149253731343
95a95950dfccc3dc949dfe7e73106beec6b4c2ee,13,10,3,0.6060606060606061
ecc498101de0cbbbd847514c4a1a06c32f1a5ca1,1,0,1,0.47619047619047616
39d9705aec0518452666f15e21cf33e543acb9dd,3,3,0,0.5652173913043478
bcf7ec6c4ea81d91fc6778e241223c783a050abb,8,6,2,0.5714285714285714
1ade6aaf95a1cc2e57eab7cbc0308dd7139d51e0,1,1,0,0.5238095238095238
1d587a67d6ed38328e6df54433a119b5af81a33a,120,108,12,0.8428571428571429
ce54dedcef9e487e0c62bb1d08ed17ea9df1556a,65,51,14,0.7176470588235294
8ba7526abc8232cf616524d25c83defc3807d7c4,2,0,2,0.45454545454545453
9f2ac61464c9e116bb409f980414af4db9a6deaf,2,1,1,0.5
446cea7654c599ae54d1b5de874c30a5721bb224,6,5,1,0.5769230769230769
dffa93b7206129b005c4cee4da193f9f270157d0,1,1,0,0.5238095238095238
838a0bc30ab59031a3e99272ee313e8beafc9084,1,1,0,0.5238095238095238
a5acb5f15a25b4bda1d6a3fd986a33d265815255,1,1,0,0.5238095238095238
d9a05b4baa4465b7ce638b4b7db60fdfdf441340,1,1,0,0.5238095238095238
8ba8f291ffd2e2134d44f2a23967f4003ebc030b,28,28,0,0.7916666666666666
2f65734c4a3e944534780998fc6e9bd4907cf9f1,5,4,1,0.56
6c1dd0119ef5b07d4d087c5d46ba82ab6954ab80,3,2,1,0.5217391304347826
f46f1368c9c32a70e2ceecc10e8a613f590512ec,1,0,1,0.47619047619047616
10a4c9842bbb54d191d29bb437ddae3b2ebcc8fa,3,2,1,0.5217391304347826
fb803424646d36a40aa31410e7fa4b804fa5cf63,1,1,0,0.5238095238095238
a4d9cc88ff5f2e6188767f6ed0eb60fa0eff7538,1,0,1,0.47619047619047616
e78f6c3309f2e29a8805767140adf0118d0ed9e1,65,58,7,0.8
08a5db3612d8a2d8f35aee91b76e6a10c142ccca,1,1,0,0.5238095238095238
55f7a5dfffc90296e263e7a213893a1f4a0cd9d6,1,1,0,0.5238095238095238
02131d075beb740ec7b2441393a6c9a30c222758,3,1,2,0.4782608695652174
cb837f6f974a6b49a272b256262b7efe5059bb20,38,26,12,0.6206896551724138
0aa0521bb0882989774eacb4135ab03365af57ac,10,9,1,0.6333333333333333
b96052c5e678ae0957c2a34e660a628bcd7aca81,1,0,1,0.47619047619047616
9f8bf0be01ddf738998393532978040b1e37d8ea,4,2,2,0.5
69d50f787d52ec1b8b6f461d97d85f2df5ec40cf,2,2,0,0.5454545454545454
275b286f38649b8befd3d082a1530688fef4a2e9,172,151,21,0.8385416666666666
f6c6a0cc699b255e9d263809ee4b4788f9bf111e,1,0,1,0.47619047619047616
b4a64a55fd563acc917ea73323055739b03295b5,1,1,0,0.5238095238095238
d3bfa71be9a5919f7cf412cae36bfc56c889590f,1,1,0,0.5238095238095238
e0875179b72a01717aacbecc6d624b2c3a0ef0bf,26,24,2,0.7391304347826086
933abb5b9d49c3c80524a45a3946d40328a6afc6,51,38,13,0.676056338028169
3c59872ad261226f203fd3ca6db7aa37786f5b1b,131,123,8,0.8807947019867549
22f988e3a8c6a0636c61df789a9982f4f51d9e98,456,409,47,0.8802521008403361
2389932faf0fd94585ab66ecb12d11a264d2f0c9,3,3,0,0.5652173913043478
c9f476836e9bd1cb53c7beee0ec9fdc05da85eba,19,14,5,0.6153846153846154
a6ecb12cc751f13996df4b61b4e52331c858361a,15,10,5,0.5714285714285714
ce897a41fd507e1ea95290ab82c4a15e8123d5d7,1,1,0,0.5238095238095238
9cb90c6b94864b725917bfb3434efc869c5db69f,3,2,1,0.5217391304347826
d95113a87fa543b1a9229fad97cfdd8ca8076353,28,12,16,0.4583333333333333
cc74c556254b1e9345213c928d82145e0faf6d4d,1,1,0,0.5238095238095238
cd7c6a6c3b99fea5d11e6e31353c71f87544b57f,7,6,1,0.5925925925925926
0ec91f9297ce770adfd6244b4023dfb936269133,2,1,1,0.5
966dcce182e7594c17447dc1dea003f381fb813b,21,18,3,0.6829268292682927
d43a33a2df39077b3bddd5f0314dde19b7bb1412,17,8,9,0.4864864864864865
bfc3b9fe5c2ed098adcc88314b94e7a8f920f587,170,158,12,0.8842105263157894
0700afb8e5b541278399b546a31ad4e75964e685,2,1,1,0.5
0601e8aa0023af3c1b185650ae79b7edfef60f2c,12,1,11,0.34375
ebfc38a1942cdf920731326360c3da48d7769dcd,1,0,1,0.47619047619047616
b0597915c174398c16985921b47c525fb17946d6,8,2,6,0.42857142857142855
e4ca74944b25b29b7a2b59aaca4e610627d34e1d,6,5,1,0.5769230769230769
09e0029b221497b6ecce6ab216a6bb58f68fd5a7,1,0,1,0.47619047619047616
940d8071c111120e104575430e0eca5cf02c8df3,4,3,1,0.5416666666666666
5a6a5bc353bdade70633af8fb8d71235c6b307ac,4,2,2,0.5
ae66114be8dfbbd21a769964fdd4cfe9a02375e4,1,0,1,0.47619047619047616
a5b405274375d8a3a526c8261f16fff7b93515a5,11,7,4,0.5483870967741935
9d9c8ab9cf17586dc6d3d1c2e79bdc212abb7095,1,0,1,0.47619047619047616
04841b4168c4ae8a78eb311a1930050cb016874d,135,72,63,0.5290322580645161
9cd3cc543c950e6a114cdacde97d520cbc35a6d2,38,29,9,0.6724137931034483
50c763ce4239626a8c37c704a72f90e26a0b572a,4,2,2,0.5
c4811892a459eec3db4b7e9f8b0508525174bf09,1,1,0,0.5238095238095238
9b2864269b7b75a51a49eff29fb9170b44b7cc7f,11,11,0,0.6774193548387096
f2030c631442b7ec1b074508fb8b4c59de0af85a,5,2,3,0.48
74958aff5362e9483053b70ff0de6edf77170a7c,1,1,0,0.5238095238095238
c164c92f981022c17c99af924486f2789dd456b1,1,0,1,0.47619047619047616
a8de8cb6bac77e3792252d24863e8d395015412a,1,1,0,0.5238095238095238
e2fe13d8d3f4be06016e8be52538ac84d6e62171,1,1,0,0.5238095238095238
c486388559e186137f5e47cac0c384bffdc1de51,1,1,0,0.5238095238095238
eb434d10d17f65bbf4cdcc8dca6043b472727575,6,5,1,0.5769230769230769
b711da25c8677e6729d755df8cc47c24c3aa7df3,1,0,1,0.47619047619047616
bb4b30a09af957ce7b2df9993747aff2af7d4b8e,1,1,0,0.5238095238095238
0fbc71b042256b10e3c2c2d6ce33604e63961b74,27,5,22,0.3191489361702128
26513d6ef80a534a10f31854ad2ac4b845f0e79b,6,6,0,0.6153846153846154
ac64b0436e1697db6c0f2c778c1ddfdefe9a3ad5,1,1,0,0.5238095238095238
8163567db586b2acd8019a861a2709905b51b1e8,61,55,6,0.8024691358024691
7fbf360d0d4ef334fdac5df5dc6f451e901fb81b,1,0,1,0.47619047619047616
881deaadeb411be14e279bfada80935c54be3986,230,184,46,0.776
40b264ed6764cd41a37a2f63741d06b119505484,1,1,0,0.5238095238095238
df52e2a147d61cf826ce1029ebe62ee8c0878602,1,0,1,0.47619047619047616
324504c5b8b4b304d8a04bea6ea82bcf8d5a7baa,1,1,0,0.5238095238095238
15fd57cea7dd6421952703ee93cf327c8ca31a2a,3,3,0,0.5652173913043478
eb47b42103eebca00830de5fcadefc1ffc6eb35d,10,6,4,0.5333333333333333
365c9b022552c8a6f6b7c3633145f7ea8a808af5,82,53,29,0.6176470588235294
44c122be517376ccb624d092edc545f84d9abc38,1,1,0,0.5238095238095238
c9c428f77097bf9072669fcab99c8ecd1a1d8c34,4,3,1,0.5416666666666666
0e0da97d9fb38c667f4545442ba6ca888bc84756,2,0,2,0.45454545454545453
a11c6f8aab88d77564a3a8f896a729e8b40f3445,3,1,2,0.4782608695652174
894a092e986cc97bd3fc5f0f8d8805c0724b61a8,3,1,2,0.4782608695652174
c9c89afdafd01e44f608195967db7d6a35ec5803,1,1,0,0.5238095238095238
ef2a20094d57df2a02fd68b69464d330236c7685,1,1,0,0.5238095238095238
df231e0b70d5d106435010f8f3dd7eb1e089a782,24,11,13,0.4772727272727273
1c066a2bf4cb2117db9a75ae361b409e5bd88b51,50,47,3,0.8142857142857143
418ab44c57a0519033dc0c0041ab150150559715,11,6,5,0.5161290322580645
b685233a86ae7afed3610bda842303b013f86fc3,14,13,1,0.6764705882352942
179b9a2797181dbea2c3381aaa9e9c54c6f60157,1,1,0,0.5238095238095238
6cda09242edfa878d0c7153fbbeb638f6e4b105d,4,3,1,0.5416666666666666
12c275b63c202c41394bf5150dc1629abdd1bd7d,4,2,2,0.5
839b2af65de5c8208881196145ec26c82c5d6294,3,2,1,0.5217391304347826
eba979083cabc787650f74a17454e7056ae5c409,10,10,0,0.6666666666666666
3ec214820d3b3f1f981297649c73bfc69db8608f,1,1,0,0.5238095238095238
b87188f4a6668c0454dd94cb8063beade489a57d,30,20,10,0.6
9141a2debaec3e546725f92c3aac467fdde4ec80,4,4,0,0.5833333333333334
d2b14e5da431d9d702a341cf50749aa34baf0efd,1,1,0,0.5238095238095238
ca88524e55a0ebc978a18eeaa4125e9870c04f34,4,3,1,0.5416666666666666
373874f8483225fc2ba305fd386971d5ac8b1c68,1,0,1,0.47619047619047616
155966f3397a308754ed38fc97942f053639efcb,9,8,1,0.6206896551724138
f835ec0233f002dc27870abaaaf91126a5f58644,16,8,8,0.5
7a5114e53022b4ff7596e119bae99a2e73fe921f,5,4,1,0.56
12e91999701aea52e5899501037fda9130f96cf0,18,14,4,0.631578947368421
35f75b48359c922775829cd17286979ca00aaaaf,3,0,3,0.43478260869565216
5a344a86126330596e75292f1ca5a75f1525a61c,1,1,0,0.5238095238095238
b18acbd94a746a428b53b52ecf47596e3a8f1dd8,2,2,0,0.5454545454545454
8e1c2144cf1879e5278c11ee41f923df56af2918,8,8,0,0.6428571428571429
a6447f5be4bab366e71ceb23da8a052da2fb7bed,3,3,0,0.5652173913043478
e37a8dc3589dd90fcc90984f490625e1e0a4bba3,2,2,0,0.5454545454545454
44f6c5d3e6aa69ce595743b1426d86a9d2df2862,1,1,0,0.5238095238095238
19e81dc370670cbbf88412153688e92b2fd669cf,78,49,29,0.6020408163265306
3b943d9dd2bce2962655e2c1542b69fe4e3b6684,5,4,1,0.56
73adab503f75d82357fa2b2c2ab415c9224af746,3,2,1,0.5217391304347826
9b1c7a7d6b4c9416abc0b5d2db36e69ce4ed788f,1,1,0,0.5238095238095238
dd7bfbdd16b00c9fcf304c2409d971f12ef427cc,32,27,5,0.7115384615384616
ee0a5eb34e755ccee95a5b2119f26905a4b60b30,1,1,0,0.5238095238095238
1126cd293222e9cc4daacbb0dad3e5b4484ca7bb,1,1,0,0.5238095238095238
5342b18437dbeaa3af6368190a1dab4a79d07c78,5,5,0,0.6
924b5d426cd639a708b320a859d7f4b9a3450c13,6,5,1,0.5769230769230769
9f62ae42f31d421746a767665cac34815986c287,2,2,0,0.5454545454545454
e2e52d5d40649d2c1d61cffb0d972027893281f6,2,1,1,0.5
157cb1fc33f671e16fee7ec24fc682ea22bcfa10,3,3,0,0.5652173913043478
c00f41301a6bc9208f4efc6021ee64d9da8db927,1,0,1,0.47619047619047616
b8ee5fa6f50665d9b2fc44ba18d5dd076da1f7de,1,1,0,0.5238095238095238
3fc984d419daad3d1d7580239656adf51f853887,1,1,0,0.5238095238095238
239e0747052a4ad07d8fcece07f4642137048270,6,4,2,0.5384615384615384
c850bd9f89ed647c5718cd14f27ba72e2baa5d28,2,2,0,0.5454545454545454
b08d8d62cbc0ae45b7bd078320db5e883903a719,1,1,0,0.5238095238095238
b68ad5e3e566ba7f3ae57d3c27c5e3ac86179267,1,1,0,0.5238095238095238
2f650867a187a43b9c4fe8502a013ab98ce1797a,1,1,0,0.5238095238095238
0815fcac305bfced923750d8a953b536c3ed3c58,1216,1068,148,0.872168284789644
aa1ae792b27489b19afcb33c6ce161b24164cd2d,6,5,1,0.5769230769230769
3d73b6cb7ff07e015a44fabb50725ad284b0716a,2,1,1,0.5
a644db1abac27762dc7f45c79f517515797b7ab6,3,3,0,0.5652173913043478
ba424e1b56f3a4487cc3eaed99d1abdc565eb849,1,1,0,0.5238095238095238
d841dee282d9c70488d0e4e5771a8456a47a0c85,1,1,0,0.5238095238095238
f61ea6b02d39cbda55f7784328f0b15d8353890b,177,112,65,0.6192893401015228
96f048081b7e1cdc8d2efb00e266ee37337eacd5,4,3,1,0.5416666666666666
1a2e5b970ffca7531108a39c4afd80e346baeb3b,215,179,36,0.8042553191489362
274e4e46af602c79a0b63c7ff6fa586aaa53a8d3,3,2,1,0.5217391304347826
06be4b2b5329eec71bdc55f7b80d1ff42e61a27d,19,10,9,0.5128205128205128
427213dabdef5ba0ac473bde92bbb11c488b7feb,4,4,0,0.5833333333333334
f4e55181adb06ba9ccb4d30b0357f95e02ddd377,1,0,1,0.47619047619047616
0f791bf3e74af5b83b22944497b787b835f7d0b3,4,1,3,0.4583333333333333
bc0fd2e1335e3f5396dbc52d3fbac3f936680fbd,2,0,2,0.45454545454545453
dca711f14728951a90c5b1c2b70ea4cfb116f7f0,1,1,0,0.5238095238095238
36768c27e2886d04828062fa30127475926102d3,124,112,12,0.8472222222222222
8922095a3d6761c967a43f35945a0d1be69c53da,464,315,149,0.6714876033057852
a809198c286fe90929be36e46a23a23690c42641,19,18,1,0.717948717948718
2e343f0d043b143adf6edabda9f53bd5e45edf89,1,1,0,0.5238095238095238
c347f79ec75ba361eaa90d55f9bcb7c3df5493e5,3,0,3,0.43478260869565216
d70867c94646915b68c357cb6a6b0a3b6fa7391c,9,8,1,0.6206896551724138
3e80a4999f73a8f7c324d1132aca399fde9f0c5d,2,1,1,0.5
51c0ec0749cdce9b1d9a39e54a105f7af40c8035,1,1,0,0.5238095238095238
92dc96fe9a829573fc4cfac0d3009854e57d1236,1,0,1,0.47619047619047616
30cbf43a00142e0fa6e45deeac5f6b2cc4891095,1,1,0,0.5238095238095238
35aacdf0c4b0ce035fb3c706942bde104a48c7ca,6,6,0,0.6153846153846154
7e588b777c671820571c47259eec0ba95c5f6109,1,0,1,0.47619047619047616
486bddb4cdfce4704f8038933359374301cc85f6,14,14,0,0.7058823529411765
abf7d482378c08e1a2fae5413fa2da4f10a77b49,3,2,1,0.5217391304347826
f41689f8b9cd3b8483b281d055d553877a83b187,4,4,0,0.5833333333333334
794a849930f1d99720891472c748854efe1130ef,20,15,5,0.625
94bfb19c2ed4f2279e2313a776034ceefdb15682,61,39,22,0.6049382716049383
79b6c474d4b5b28bdd76f34cf11d33f20468a482,47,41,6,0.7611940298507462
bdadd01bf60e780f50c4fd28df03f72e4e1d1727,1,0,1,0.47619047619047616
5e98f4269237bd4f8b4368422aa441a8771e5272,1,0,1,0.47619047619047616
b082290e27998da386fa4a854c5cf4a1095ef6aa,13,5,8,0.45454545454545453
72151b35abfbd3accf26426baaa8916dc0f86773,4,3,1,0.5416666666666666
8c13d522b158a70956f4a44a23b4ff54492f50e8,6,4,2,0.5384615384615384
44f43672dd626223dafc3fce857e7966c9dc12bd,1,1,0,0.5238095238095238
ca6dee93d70003ff07e19182bb84e0acbc03cc22,2,2,0,0.5454545454545454
342a347579577961438e8d4398ce749ddca569cc,1,1,0,0.5238095238095238
cc74b5c6bcdf761a01520742b1d88af96663a0ac,2,2,0,0.5454545454545454
ca78f49bcc3015657bec21da7b33487cc803342a,1,1,0,0.5238095238095238
a8a7615be56d43b94789c90e996e1b8818e16804,1,1,0,0.5238095238095238
64089c208a80b56f2ad533048f20cdb2d6914ee1,1,1,0,0.5238095238095238
2b8df773025495b36801299b3657264e1ca13165,1,1,0,0.5238095238095238
870322f39ebf4590c00b0ee560558a1d7e491cfe,8,6,2,0.5714285714285714
15cfcd7ccd03f2e26ffddc94e739fae80c9ad2bb,2,1,1,0.5
bc4eb2daf90bd78e3db432abed730f082347d8be,1,1,0,0.5238095238095238
4eafa4ad9e4d4d970a0f39d419f6f8bef9903675,9,8,1,0.6206896551724138
6e72089b2efd9a63aa7a93e3c2f552882cf12b51,6,5,1,0.5769230769230769
54bf302405b7e14cd149968b11ef9324a22277ec,1,1,0,0.5238095238095238
9b0a5c1da61a6bb285f7c94abad8a77c8a46dcf9,2,1,1,0.5
166f183acfac8e7237f45c34a539c8ebed0b08c3,1,1,0,0.5238095238095238
13d66785349258a430c5c61813b74eaa52f02081,1,0,1,0.47619047619047616
6f3e4db409051c84ccf2140e533e006fbf57ed76,1,0,1,0.47619047619047616
e93ba4cdf211a3316360388c6c6cb8a7a66c4e30,1,1,0,0.5238095238095238
2a99c4af8dc45f4ed70114e5a78ae7f15b88dc3a,9,4,5,0.4827586206896552
9bf8964c3a3895d18348040cd2d1179af9795378,21,15,6,0.6097560975609756
e13efe79a7eae17bd4086c8883f84fce7c60c0e3,5,5,0,0.6
36a86fd59fed32d3e536d230184114471d977911,14,14,0,0.7058823529411765
1b8b3917d3f3c8392c8dfb576c1aad569b4ef585,5,4,1,0.56
302b509be206cb16e407a0e0fce3bd2c0f6a8a80,4,1,3,0.4583333333333333
5b7e1c0228c6ff2c375d76d8eb9d68ee77219709,5,5,0,0.6
7a51fcb8cc0582ae52767e58b54d15c102a9c5fb,2,2,0,0.5454545454545454
9c178f64236bf532fc321032bad60415208ae1d5,5,4,1,0.56
27314979762f0b5549ef2f117ac61d68465388dd,14,4,10,0.4117647058823529
f944f094aba2b115174f1586b9bcdf22edfbb1b7,6,5,1,0.5769230769230769
1432073f535d811720f8474ece9cea6c43e9aeb7,6,5,1,0.5769230769230769
89aa188ba0feaab7b95b26d2957002e738e3044b,5,4,1,0.56
bf4b8b48495132fda43ab64b185e1a2dade79701,1,1,0,0.5238095238095238
9e285c7f5e4394ffe60d49f9eec96d676684e085,3,1,2,0.4782608695652174
4075f7d5deaae820fa9867428a860a92722abea4,17,8,9,0.4864864864864865
246f46679ad42b265f1c2f94bd9c12614be5c9bc,1,0,1,0.47619047619047616
368a48296c9b2ed9d713c1ec64152f600570f715,1,1,0,0.5238095238095238
ef3441048765d310f09678034a6ea954e0a27d5f,7,6,1,0.5925925925925926
0ed15115b67aa04290f8dd54499b061c00754202,2,2,0,0.5454545454545454
981d867e4ffbe1375a98350b423c818b57784313,1,1,0,0.5238095238095238
d9e7211fb7053a579798023a4a07e67e9538a49e,1,1,0,0.5238095238095238
6817223cb958b20ef61659c5349efcfc6bf5a0a5,1,0,1,0.47619047619047616
68bd4ec5d9d74125607a68a9b5baa1319dd6bd94,4,2,2,0.5
6767ee5250391b0b7854b0836ce90267d12b3631,47,37,10,0.7014925373134329
17aec0824c98057737639f174593463fec18ee44,71,66,5,0.8351648351648352
72756707458569e869e2c95412aec554814e1f53,13,12,1,0.6666666666666666
0755ac4381165e59a4cbeab54d0c31e2f44c4aa2,1,1,0,0.5238095238095238
4c0de437d4297f671b3ee4fb43799643c8cf1a62,4,2,2,0.5
f5bb179406b3d1b5814c197b4a486b21c1f4c24e,4,4,0,0.5833333333333334
04608734c0e18c6d9e48cc492c0ce7b2e42071e0,9,9,0,0.6551724137931034
d4e5b6ebe33a89be814f79a444821385a374c45b,1,1,0,0.5238095238095238
8016a129916c9ed51795ccc22775aa8440acaa02,1,1,0,0.5238095238095238
da962a5bdf1f1db700e80cf7bb2238a16d7f9543,1,0,1,0.47619047619047616
9fe32eb957c3afc786c5f7a54c3d6090a4ce5b75,4,1,3,0.4583333333333333
94f314b36d3e5b570afe3604db0d5cf7740d31cb,1,1,0,0.5238095238095238
bf49ddd4b8b55fd65a90b12cddce19c569892757,5,4,1,0.56
8db14efe08f3b69ef2f5781a4c0406be399c1847,1,1,0,0.5238095238095238
2d00934272c8fa72aabbf4a3dcc61056e063f929,1,1,0,0.5238095238095238
bfc5cfabfc05497cd1fb1fe0893bd99bd9f4b72a,1,1,0,0.5238095238095238
3082936fdc4be98376ab8bc5b538aae21601b7d3,8,8,0,0.6428571428571429
a6c6cec97ed06c890668116227019869b3ad578c,1,1,0,0.5238095238095238
080652d84f98ac5a044646b380e6401d19426053,3,2,1,0.5217391304347826
089c213b9099ebf060adc4ae778ce47127e8d685,8,7,1,0.6071428571428571
c6b8fcf70ab5d61420f7e0a8a1c30378bc2a2630,12,11,1,0.65625
83d91b8c6b70e6172bbc735dccf54599c9fb6e7d,419,320,99,0.7517084282460137
809acd52effb9de35c1a371534a875f449105aff,267,166,101,0.6132404181184669
15f477ece87180f29955ad44ed401f51faf94d95,15,15,0,0.7142857142857143
41e7c6b44162f02cd61e2c3439eb37b5aa8ab5ca,1,1,0,0.5238095238095238
6ac967c68710c7552dfb5e3e014286321ab30adb,3,1,2,0.4782608695652174
d41fefba8855fb9e06c7317537ea8226ae946f62,22,8,14,0.42857142857142855
d330cd787571ebbc694889a4109a85c4243aaec8,7,5,2,0.5555555555555556
c33bbde21008a56e5f036bfc6e79b1a396dfd48f,7,1,6,0.4074074074074074
3e7ec592af5f996fd872f77cb68c46fe74fbc2af,12,10,2,0.625
6dc1834a0076b7b8037139a3add00edce13bba9f,1,1,0,0.5238095238095238
9fc554ab47cecedd4fe465be09fd36f55783742a,3,3,0,0.5652173913043478
d9b5aa0dcd8da94c312084ba71c4af67362ce387,32,32,0,0.8076923076923077
06309cb27abf7daca5103a9e8e919dd0605d0b5f,17,15,2,0.6756756756756757
d80c6b625f0ee4158fc7f7dad8892b991d78bf29,362,254,108,0.6910994764397905
6947bb3c2fc244f33bd7f64ae5f27f9b7fa83726,2,1,1,0.5
13f987966382c9842fb0f5ba75456a82cce53d0a,362,52,310,0.16230366492146597
d34e3c353a95d406d18762e1697968a7c4c9230e,1,1,0,0.5238095238095238
dd554900f8b69c02ae59fe8e688b4da2c0611e4a,2,2,0,0.5454545454545454
b123879e8bb5e4bcbf21333d68a2c672a09d3118,50,31,19,0.5857142857142857
4d51f80b44d6ca11709c53c6480759b97128fe2a,6,2,4,0.46153846153846156
ec291713377e99ac4864a9890b50d580622c7f53,6,6,0,0.6153846153846154
1947b54a5b4daaf14f9a12f1ca82c68a955b928f,569,376,193,0.6553480475382003
eea42512b1c47d467335f912a752cbcea01edb4f,4,4,0,0.5833333333333334
c458d8d97fc7a445a153b2754240958cb64939bc,1,1,0,0.5238095238095238
2ad4c9fdb91b4f998f148fcb373f74627d48f68f,1,1,0,0.5238095238095238
819a7dd936b4b1dae98113a72635548c31699ccd,14,7,7,0.5
9545389d81a2423a1f88c03da2aa42e49d41b6b4,2,2,0,0.5454545454545454
8833c1fd7fd9bba36292ac8a4d25a2b7ca52d8fb,1,0,1,0.47619047619047616
77338aeb2fc41a34cefae10386d66decc10cb001,4,4,0,0.5833333333333334
cf878eb2f2b4eeb5caae676250709e1fd21685be,5,3,2,0.52
0a02e6cf132cd126bd93191b255122d0a6268cae,13,12,1,0.6666666666666666
465353908befa30440ecbde9862765725d577e8e,6,6,0,0.6153846153846154
59dd93c83c4d82e35cecc15428f1fbfffa387592,2,2,0,0.5454545454545454
7a85e224cb4225ec3ed88342c3631e7b78867160,1,1,0,0.5238095238095238
e35f61c054e0eccdfa7b3aac3a2ec981c9696c63,11,10,1,0.6451612903225806
40523609dd3b2bb9faac46970dcffc81b89d9dc5,7,6,1,0.5925925925925926
359f0ca5be3bddae8413defc60a54b3cb5c45c7a,1,1,0,0.5238095238095238
57540ef1173e647dc616e9a4309bdea0c555b5ee,1,1,0,0.5238095238095238
29f5a93f19fea970a02a3ab3499add734504fb16,1,0,1,0.47619047619047616
ecb51ed09c6a59d7d5745c05b2a9ed23ee60edd6,2,0,2,0.45454545454545453
671914c346b4282bebeec350efc84f18e09bd22c,2,2,0,0.5454545454545454
62c80d7e933120d4c85d3191bed64d1836001de2,1,0,1,0.47619047619047616
20dd138bca43d3c418f4332de4c6c6ef0a1140ce,5,4,1,0.56
b40c5ca21c006cea45ee632238f0e41a845c8a0f,1,0,1,0.47619047619047616
80c44d027737311cf62ce1e7d7fa068c4a053c86,311,233,78,0.7341389728096677
d9c18571953bf6c874521729e272a61cca61b025,254,219,35,0.8357664233576643
b1590f476e737463d379995985827208e05b733f,18,10,8,0.5263157894736842
d79b6f0ee7d2ed44697079eafc2e647aa2c9db33,1,0,1,0.47619047619047616
1b6c8ccc1fd940a5951b2b78170b1bc6fb1ad265,7,7,0,0.6296296296296297
f3620b3e119254ba6298624269c17f4befb5d45c,8,0,8,0.35714285714285715
576b8694b35750e4d4934ae4907667ad550bb023,1,1,0,0.5238095238095238
90a4278d298261f5bba24777f1cbcd6ac00f80f8,6,5,1,0.5769230769230769
723f4e365e7ec14357b9c13641e058aa60cc2ed2,1,1,0,0.5238095238095238
45d82776dfbc5cd517977b925dd1a7562eba00c0,2,1,1,0.5
50b9d82f7f164323eb4ba63988587bae8b13d2dd,25,17,8,0.6
16fbe9a07358a1f1c9ace8f237ff8d84e89993bf,11,1,10,0.3548387096774194
94ded934c5c51ac753d4208be3df05c36bafd3b2,48,36,12,0.6764705882352942
9eab5b4f0d81192b0bba087e6f8c9e7c9b95e49e,1,1,0,0.5238095238095238
ea7790a560cc22c0af37c55065704e330f238053,18,16,2,0.6842105263157895
29e3230855e1ac84d7f43f51f65d348349912fbf,1,1,0,0.5238095238095238
babee1dabc2561b5ef2a10e0cc74bdb8b01afaef,1,1,0,0.5238095238095238
dd6a86136ff55557b688ebb645011bea6fac2bca,1,1,0,0.5238095238095238
e8f9ca14f1a9ba2003d97fac676001a8bc30d398,2,2,0,0.5454545454545454
49145a481da6901c00ce9c466997fcfab2765e1b,5,2,3,0.48
df7a8e1b65ee7dc393376b6bf5f07a107b15d41b,18,15,3,0.6578947368421053
e4bf5e5481a8ae8b0edbab92e7934d47dc3dcc14,29,26,3,0.7346938775510204
a033cc29f262fab3174e4d69a1a2abc422f35c93,1,0,1,0.47619047619047616
fc9045a025b3d868e9de80bcdd0396e11a96a299,2,2,0,0.5454545454545454
abe1369cbcd451bdbc9834fee0db97cf05079fcb,1,0,1,0.47619047619047616
a6c7878353ce109bf5cd1d86d8e47f868ccaa798,1,1,0,0.5238095238095238
3fc2bc6381ad3a4a652097ceb6c89d4a4d21ac3f,2,2,0,0.5454545454545454
f72b7c55b04f3955173a94fa15f727c1742bf2ad,1,0,1,0.47619047619047616
c29ff040f0ad8153c11a0a4ad47abac104bc0e9b,1,1,0,0.5238095238095238
d94c81a676b7f9e964265d196723c6a4001f6f85,470,422,48,0.8816326530612245
a6fcad714ecd80a9e9f12b213066cc9d7bbf36e0,1,0,1,0.47619047619047616
e8ad4674ddb8bf7d2860815f506b3519e03f898f,1,1,0,0.5238095238095238
664885e720008233140e848e048e1ca67d9d878b,1,1,0,0.5238095238095238
529448ff1b9355aa5b6ccb6e4e1879e20e9cb884,1,1,0,0.5238095238095238
adf4266589f0d81166b43bf013cf3bef3030e37b,6,6,0,0.6153846153846154
6718c579ad492268856c0f3a2b58a334d5290334,34,32,2,0.7777777777777778
fbd3ed7fbfc37451a65edd2d4d6ba65af1977851,6,6,0,0.6153846153846154
f742898c4cca9c194349def5abe0df1455c68e96,1,0,1,0.47619047619047616
edeb9d75dbb40a8676c5a992d99a9cfb18f369bc,6,0,6,0.38461538461538464
32bf2f2eb4b84a75967a2b40335a786e0acfbc26,4,2,2,0.5
cbcd0e001212146b7a624f5a6e4d748b39a338c1,2,2,0,0.5454545454545454
81b23c7ddaf6e43b933455e852c5017cde45bded,8,5,3,0.5357142857142857
0e74d713635647c786ec3ab75876e1a4bb9a10d2,274,187,87,0.6700680272108843
555883bf81dc2b2d205e48ee206e61019ec8c559,24,14,10,0.5454545454545454
2a1fd56ab7960b73a1a836d5d46904c100f8010e,1,0,1,0.47619047619047616
98c8a792142913af2415a1a9801e47b3f5293e73,1,0,1,0.47619047619047616
e63159935139600727edf2bb58466b9de527feca,4,4,0,0.5833333333333334
e8b53f3a09d9c5876039a54397bb6bce91449e36,119,101,18,0.7985611510791367
69c3d3c9a3c0759d5728cac18610a9639e41d84d,5,4,1,0.56
26eea8c332f84b247ef62fae5fa783e53727c17b,17,8,9,0.4864864864864865
81cbffa55466604fa90297d9b9845328b2fc5664,8,4,4,0.5
64f0b4a8fef3ae83339551040dd6d6fa657de1ad,2,2,0,0.5454545454545454
b76d539954f3727999af39f0e3e013803952ac0f,5,2,3,0.48
9402b668e7a546b002803e1b6288551a20ddd9ec,21,16,5,0.6341463414634146
dfeca9d78ccbc8c4039d9953ef732357bf891fcd,24,24,0,0.7727272727272727
9fd3850464e2bfc05ec3f09422475fa59b844b06,66,38,28,0.5581395348837209
a3bf0e9e9e7462d1c0d6f3801a00f1d87de490df,24,17,7,0.6136363636363636
5d93e480c4ccb73a15b1795a1c89ae5908843783,4,3,1,0.5416666666666666
5ffb230d036348a135418207686dab769d480dba,4,4,0,0.5833333333333334
e5ce13f0ae6356519b07d2d3d6bdc56dd2465203,187,39,148,0.23671497584541062
cda58cb2f32091feadb53f39ea287906d045ee05,1,0,1,0.47619047619047616
25ee37870851087a0a248fdb01207469584a20e4,1,0,1,0.47619047619047616
0c767d9a21820692b197f2562cb5f0edd5a90430,445,384,61,0.8473118279569892
457935c6c350acc2571a73eb9ba554fe7a2a9d00,2,1,1,0.5
1a32088623acae4410181a94747605ae2e7939fe,6,6,0,0.6153846153846154
78cbe49c22e5bdfee50039d3fb9c6259e1ba2898,5,4,1,0.56
baf8b94d5a053d6db3f89b4a4fd4e99e99cbe0a3,45,31,14,0.6307692307692307
fac883d95b6d3b8fb654fa7f29e41560d8c23e08,2,2,0,0.5454545454545454
a6d018b748df20d5d6ce358d3f450231151d2408,4,4,0,0.5833333333333334
37f5da38e3dfc2ca6d989564157c260c4f7e8925,1,1,0,0.5238095238095238
bc81f67aeabff08f998513d9d637bc01c5a88659,1,1,0,0.5238095238095238
a30d9e8c3bffc9c0102833a4f25c7d02534f3d2c,2,1,1,0.5
c5cabf48ec9c49e2b201eb7b8207f1fc7a160fe7,1,1,0,0.5238095238095238
ffac2efb79bb56d5551a2a59cb761d6f0cafc3b6,3,2,1,0.5217391304347826
0afd10b7c3158f034c643c4e0d9bc198f8125d91,42,19,23,0.46774193548387094
7fc16ed0ac7e0d6298dddd8b233a6f7567ce7352,18,10,8,0.5263157894736842
ea8050d8ead233523ac013b9b2d0871d7930a2d5,2,2,0,0.5454545454545454
13d0544b93933f0e17d755a88d642f3eeaf2ea11,2,2,0,0.5454545454545454
1d6a2d945b2f0ebd4b8d9329c479f0c23e3d5326,1,1,0,0.5238095238095238
d2c1dc926f5f1ee90ba55afe99b840da01234cc2,1,0,1,0.47619047619047616
a35c62af872c23eb5ebbb9ed4c467fa495d45de9,46,34,12,0.6666666666666666
14f9afe3f85e8863b8e2b1f816a04d9e1506808e,34,30,4,0.7407407407407407
8928953c0966c4140159cc69234337e25a5980eb,2,0,2,0.45454545454545453
27af8719e05cf17002e85152a98be1b413a4d43b,6,4,2,0.5384615384615384
3c5118425d28d03f7d4314fbb49adea998a3dca3,1,1,0,0.5238095238095238
bfd1133fcee295eb7dc0dcf8109cce3c572d7bc3,2,2,0,0.5454545454545454
e7cd5e779f743621f621a8b3c10f5ee140255c35,1,1,0,0.5238095238095238
81e0b484a00ad856b7dc0ed07a80d0faffe04502,1,0,1,0.47619047619047616
40c642b6edea14e53659fadb8bef2afd5f486c53,1,1,0,0.5238095238095238
cc27a5656a23a65479ecb80b0abc9aa94ca9846b,1,0,1,0.47619047619047616
c34321344125c93b4a79a31ebac14ec6636e0bdf,32,18,14,0.5384615384615384
07c3012acd11a4984afadac87e834816d4d5ee90,2,2,0,0.5454545454545454
41c62ce12854a864eac9ec47fb610c598823a6bd,2,1,1,0.5
7386073c8e4f417fd0d4f585d475b147cebae697,1,1,0,0.5238095238095238
48f49f179d731b1a0874ee689f4242506a9d4248,73,47,26,0.6129032258064516
407d10e0773464d8328c95f9354740e326a0be82,39,34,5,0.7457627118644068
2a2d43e749c92936f80f051616f82b02a1e17397,49,41,8,0.7391304347826086
b9aae9084c990e4d3445e20e5adff4abd5ebbd34,2,2,0,0.5454545454545454
269e1b627b0172737d550135b75b5ff0befd13de,57,52,5,0.8051948051948052
76d739c54ade52b17ba2089012374be5f6174f91,1,1,0,0.5238095238095238
ec092185964b0c13a97c1e351a911d531c405cb2,1,1,0,0.5238095238095238
3d1d7e112ea85992d8600ed273d7186444ae0cb2,10,5,5,0.5
21b6ce29ff3f589d5b8f6bccf5ed6968489dd0fe,3,3,0,0.5652173913043478
c9ff4636cbd3b8e2ee4aac48fa231678a32eee98,1,1,0,0.5238095238095238
56bb1fa60f8d3333dd5d9507b5473cd02c1c8701,10,9,1,0.6333333333333333
ba5e63ee197d6890fda83df1ffb4f1c9830514e2,98,84,14,0.7966101694915254
7799e52cf936b02f212f367709e8d6fb582cf701,3,3,0,0.5652173913043478
764e77a9400eba547c5819e502c780557e85fdce,16,14,2,0.6666666666666666
8a93e7ff256255b1292583639653bf152a521915,1,0,1,0.47619047619047616
151cca5bcae299934b4dd73bbc1af99a0d5f1fd8,117,79,38,0.6496350364963503
51ce19b21a5edeb46ef9d631ad3ddab7321c99df,3,2,1,0.5217391304347826
2f1fd3f47625143a6e4428beab8bc8f9f96b6df8,2,1,1,0.5
5264dd3a243dec5bf6382046d8b785689c376c67,2,2,0,0.5454545454545454
204b801b8255c0ba0880c7fe62437a999a25f7d6,1,1,0,0.5238095238095238
f57d2a7ca0ad0486b158d8b87ebc25fc9230b025,2,1,1,0.5
1159698cec87345cb3903cace512738eab3885f7,2,1,1,0.5
ba750ab60c5eb4aa6d8fa80ecdce726abacd953e,2,0,2,0.45454545454545453
a1bd236f7433c85f89e3b2d72263e9742dc8b643,1,1,0,0.5238095238095238
d7528b8c96e2013ce3ec70ead89a65e773ed9c01,1,1,0,0.5238095238095238
d498f57e852b646c5ed6a199e52434548142274a,2,2,0,0.5454545454545454
f6c7110f12aa2875513cbcdb586b0af467a4cd6c,2,2,0,0.5454545454545454
0cee0194bb573b51a3d93a62570224c09b22cb98,1,0,1,0.47619047619047616
a5a81d9befcd638b9b66c5456d30895d0f19baca,10,8,2,0.6
78b26182508ad144c091e272895b564fbfcdfa83,236,198,38,0.8125
2adf31f32c13fdf5d44b5d53fe363c2ec6b37ab1,2,2,0,0.5454545454545454
39da8ecd851ed1caa9dcae2d9e835d07ec66ea0c,2,1,1,0.5
3386f7d60c0b7d650176b608cd7cd926b24447f4,2,1,1,0.5
b2250d681be3ff6d0af6ec186f024cd99226d726,97,25,72,0.29914529914529914
a6bf2b481275cd7979823114341dc0c4abdc472d,1,1,0,0.5238095238095238
3fc2dd1ed924cea1fed6b4fa7a86ca6004caf943,147,121,26,0.7844311377245509
c103d934ce69a32be411b881805f32f872e90118,1,1,0,0.5238095238095238
2e974f92e959f9911b0ed3d9724c12bd049c5bcd,82,76,6,0.8431372549019608
d0677b22785adcd509e19b917339ef5423627fca,577,408,169,0.7001675041876047
b5c9f1ca9ba09201daf197bf1fac59ebfbe0db1a,17,10,7,0.5405405405405406
d9fa45ecf54992fcef9e376eb2991bd014d6f230,3,2,1,0.5217391304347826
b25bfc4bf4e43859558f3446c87b784a0a33962a,7,6,1,0.5925925925925926
790d605a6fa2619a60efebee910bfd32345d263e,2,2,0,0.5454545454545454
7975a862f01ee35981fb2402634b985ebc7ca137,50,39,11,0.7
02ef3313ed8845df0fab8b71e4ba71b66a0b4b7b,4,1,3,0.4583333333333333
4edea7731953d68f035bc9589c4d1f73653dee67,5,4,1,0.56
28ac7a5d54ee3afb5fdd4c81e8e7b91069cee7ff,7,4,3,0.5185185185185185
28d70eb5a70c1b877e84180fc4d9d321bbf49878,7,7,0,0.6296296296296297
1b26a881d6a960f8711d1fdd46ac244d27b3e85c,1,1,0,0.5238095238095238
e22fff23ce562b0c5f4b4eeb124c89a4616ad371,182,148,34,0.7821782178217822
09c1b8bc5aa832bfa65742876ccf0d5b27148910,3,2,1,0.5217391304347826
b5380b1f7ec08f2c5a67f5673d1ff3dc3db6fa67,7,7,0,0.6296296296296297
2f21f6b53cecc83e5e1fa292477070c56ebc4560,1,1,0,0.5238095238095238
aafd459036a9ebd0ad1f251ffdd6e6f39490d5cd,3177,2664,513,0.8364091335627151
6f45bd07ea8b17cbce19197b0e9755b642c08ccf,1,1,0,0.5238095238095238
0753747790b63c8141f5bdddf207ec9f913371a3,1,0,1,0.47619047619047616
81e13b371357eb29300d3e7da1f629accfd5fd5a,1,1,0,0.5238095238095238
6d8c4c7f77d312c7bb5fb961341a0a4e635e952a,1,1,0,0.5238095238095238
1fd07a4f19cc7e10da63ebe05a3cba31f4a91d84,15,11,4,0.6
fa7d221cdeb8d2669c6b3e4136e2c5d3ed89c208,5,4,1,0.56
3424bf9edcb52ded70def6dd675a596896c7ab76,16,16,0,0.7222222222222222
19b811cf23c9f8505961a04a91c8e35d75b016a3,11,7,4,0.5483870967741935
47c3b0b443feb564af670548e384aa15cce90cb9,3,2,1,0.5217391304347826
866d5a44485cf067bc45f75e60e5bb862dc06ec6,9,9,0,0.6551724137931034
5aef759941abd81b7d17d5b0b329be658d135bf5,5,5,0,0.6
0773f350cfbabd93d27448fc68a1799d461e9682,157,138,19,0.8361581920903954
7193964ede7cbb18cc4d3da5025bcb280d792c8c,10,8,2,0.6
f20862af5358c822206c06f94dc84c8d1e5a09cc,6,6,0,0.6153846153846154
8c771dcb23f9950b13a4e8de166db19e7d4ee965,2,1,1,0.5
8d05fd724fa5092c13df394bdcf5ad0db4290d87,7,4,3,0.5185185185185185
378a984cc80b3cdf92631335051e9e2af9ea245a,2,1,1,0.5
0f5bbcdabbb1040b6a39b26f277ad1f23628158f,1,1,0,0.5238095238095238
cbcb5c9a66c605e2e63b0a29a244ec3316812e11,3,3,0,0.5652173913043478
bfb57bb5f3121acfd5ba6bdbf6da0aadf4add087,2,2,0,0.5454545454545454
96a47fa5fe5cfe80fccb053341cc7123fb201e6a,1,1,0,0.5238095238095238
675984232d3a2ee54586cac95f6707600e430497,13,12,1,0.6666666666666666
d5a103b01eeb4e5492eb16353500a2539eb3b13d,4,4,0,0.5833333333333334
32e97392e9e702549c4df3c26f51a5e51c2d1b13,8,7,1,0.6071428571428571
e057af7ffb08f960bb2ff1fc89e2e1af81e3af93,1,0,1,0.47619047619047616
8630ee53ff14f7a4715c588906d898b9a76e4b41,1,0,1,0.47619047619047616
b862d2279034955d81b57c9591559b7e02c46093,4,4,0,0.5833333333333334
0a2f7e6d0fa27bdc35c0df6893f992e7630c01d8,8,6,2,0.5714285714285714
c2447b59bbfd1f01b9ab595fee2434a1f72b4b5c,276,105,171,0.3885135135135135
d78a6db0c89980bf1829f3236502f6d44dd8d695,3,3,0,0.5652173913043478
e3cf63c236a1032fe5f37a66158f2b7b9378f4dc,35,5,30,0.2727272727272727
7c873b53a378e69ff4e8aecb54afbb199084a89b,1,0,1,0.47619047619047616
8558e304d29908cc158ab586f43fc70d136e84b9,1,0,1,0.47619047619047616
ed3d3b3d3f31ebb5aaa3407650297c1f7114b4f1,1,0,1,0.47619047619047616
018450d67768de3b6c2a1be164ebb7b6682eacda,1,1,0,0.5238095238095238
cdbea937ae102f26dd4484ab0912f9a57e37d882,1,0,1,0.47619047619047616
bc140c0c2380ae159838e17b2534793d6f675457,225,150,75,0.6530612244897959
0f86d42e053f6e590c18cc35cfce19aa4d7abaca,3,3,0,0.5652173913043478
03529e9c3a76e2101963f1bc64934b7b002c2fdb,7,6,1,0.5925925925925926
5b9a914f0308961956344539b3c2633c1a2a6f64,7,6,1,0.5925925925925926
48c8f24cacf692bec3071a7d3e88e426c3f34882,1,1,0,0.5238095238095238
fd3e2bc4115731e0d79477af4a65d20cc0591330,867,230,637,0.2705749718151071
eab7bc3233d40d705a8f512394637ec1a669994c,1,1,0,0.5238095238095238
3fffbac4e23b14415393e7011d00a5a634e8cdc8,7,6,1,0.5925925925925926
8020e5e7f827c03080288e7a9086e41c1e52278e,1,0,1,0.47619047619047616
d651a08063713479caa057ed61a64acef7cefdc9,1,1,0,0.5238095238095238
bd28b515c63a2e2277f220e1e0c1b1cd553d5ab0,2,2,0,0.5454545454545454
5b6a36b6bf2779ea0465f9f5fe1a7d2da0b97613,163,145,18,0.8469945355191257
8edf26ecb46decf9cbc36110e2087fc9d2e8522e,1,1,0,0.5238095238095238
71a6e5a819714fca2f9883516a09365081eb0778,1,1,0,0.5238095238095238
530c6205052c50a7a8b29ab81af781f08559a217,2,2,0,0.5454545454545454
392836198544d71b9a0158a9b204dcedbbf77469,2,2,0,0.5454545454545454
fe1620cff6ea80aa0d85d17772ca7f3d054f28c3,1,1,0,0.5238095238095238
6b04da179121c1d12df16644be9dc8b8188c9993,1,0,1,0.47619047619047616
aed575442bc59787c0ccc4f406da90bf8fdeb5c7,4,0,4,0.4166666666666667
c70756de847d35459cdf4ad7c8921751380f78c4,2,1,1,0.5
5c66ee838a513bf0821769dd874cf5c77e1e46c1,1,1,0,0.5238095238095238
21dcf7b2984e33fde7328968e6ea1904b1c41163,11,10,1,0.6451612903225806
8c18a98124fa3a4543bd1a96d1cdc871cba56550,1,1,0,0.5238095238095238
f13c6f727eacf8fabb7ce95419fc936cfd1c008c,7,7,0,0.6296296296296297
180fd4636e203e580942e4e520af4e6f9b67690a,5,2,3,0.48
9716a4092d47b3d890510c3256e701946ea09018,4,2,2,0.5
741e187ff29e3b61164ffde7f769cec7ea01cce0,7,7,0,0.6296296296296297
ad86ca6d6bb93862dd6000de27bbf74767b29e67,1,0,1,0.47619047619047616
5e3fc6cb1a546b2fa174a131496909e53525ebc3,4,3,1,0.5416666666666666
c655c56d44fd990a021fd4515586046551123d12,15,11,4,0.6
391ef01b4b02e543583a7d474e21ddc6660d82ee,3,2,1,0.5217391304347826
6985ab5084189f686774d139d798108d9c626055,6,3,3,0.5
760a6a604697793cc6e25457905b2f27ebe744b6,6,6,0,0.6153846153846154
ba5a0ad616bdbae2003c20a722c12efa14e9720a,2,0,2,0.45454545454545453
2a18c11006617dc9f33283494481a2ecb859cdc1,2,1,1,0.5
6e92010c12053b562e95b449ba79d77bbfceb4d6,1,1,0,0.5238095238095238
58a51f6ab175c18cb3d74eb7ef5f4dda20117af5,1,1,0,0.5238095238095238
fde2f032f15db65a1ebf67482db701e3677fe703,1,1,0,0.5238095238095238
e27b9edb8ceaeceb739184873e33c2b3ee3ac15b,972,890,82,0.907258064516129
6a10b0528030d3c87e0e8822386b4b3393a2a0bc,1,0,1,0.47619047619047616
00ee88226755f001a773a483a1dc8cf207dbd824,2,0,2,0.45454545454545453
e94382a066ba15733facc9361577e69118ed51fd,2,1,1,0.5
aea459ab07187aae314f9c25285ac4975e73e44e,3,3,0,0.5652173913043478
65bbd3b62e7dc34b4a4e4098427e3842113d9500,3,1,2,0.4782608695652174
422d05f4c343be92431b69dbf575c29f7675e88c,6,5,1,0.5769230769230769
15977defedaad7445a90634918f6b009199a4427,4,3,1,0.5416666666666666
d87f95115375cda9203810e2001f630cb501cab3,294,264,30,0.8726114649681529
cf56359722f4bcbc0163223fc33f3520b719e7bc,1,1,0,0.5238095238095238
62e892cf011d207ee7bb2bc8ca8fb3b5c44086ce,27,24,3,0.723404255319149
0a6fe176507325c812b4ce2399a4ba8ada72331b,3,3,0,0.5652173913043478
37fc015b5fe593f22efb702b695ad415a628fd6d,1,0,1,0.47619047619047616
9c493b90a051910ba7ec0d2b4f912530f0e329a7,1,1,0,0.5238095238095238
fba0d7def44bdfb2d34ffc25d2d568c138d98d3f,6,6,0,0.6153846153846154
e6f8d99618404c8e52501c30e22f868e6f508267,1,1,0,0.5238095238095238
66cd5cd2e846ae5a18ddd6cf3d7a716e72856091,2,1,1,0.5
c0f3f148f524774bfeff9c5015eacd487572012d,76,61,15,0.7395833333333334
bd47bfcb5335028f4e515419dca6a0cfe724468f,37,33,4,0.7543859649122807
fa1dedae23dadd8316f46589ef747740f1bcf190,4,4,0,0.5833333333333334
f25e0abd3cf86b59acfa68584a902e3182adb45e,11,2,9,0.3870967741935484
5e0c343cb8af06f190dfd5440d377482503fb198,3,2,1,0.5217391304347826
523ffe5fd7f0a5fe4c441615b8475ba8f842f5b0,2,2,0,0.5454545454545454
06cc316aff3c055b246c61bccf6c490e824a89b2,1,1,0,0.5238095238095238
7d27dac3e5db71e0fed1fccda140e307d3f63843,3,2,1,0.5217391304347826
df16965ab36e8d91e0cc431e366e61dd419d3243,6,5,1,0.5769230769230769
f493d7bba9317e03e01963544cbe2a9881b3b1c5,5,4,1,0.56
b7c108e837891bd4a8874c0407abd1fc99d6ff72,2,1,1,0.5
b7403c76c8bd862f404c3b9ae0aa2f541ae0a785,7,7,0,0.6296296296296297
644b2730692e22014a5a22dbc97aa2490c1dd256,5,3,2,0.52
7c0454a46edf28e0be601e9872182a691300d804,19,15,4,0.6410256410256411
5189371ba48451c57e44b5a8c27bd15cb1e933fc,2297,1350,947,0.586965904186448
378acb1be4019046b82caaf8f3cdd19a61601ff0,1,1,0,0.5238095238095238
26add483245e366abbe16789e13dd072201c992e,10,0,10,0.3333333333333333
96851e03587a63b15acecc82dd5340c4b97a9ced,66,25,41,0.4069767441860465
4c866cada9b74e661f32782c826c0f82a7e6e09b,75,68,7,0.8210526315789474
bbad8dbb0cf374dd4afee0498630e5cf9b242be5,1,0,1,0.47619047619047616
7babfd70b1f32a7073a51803218c9b520fbbb6be,1,1,0,0.5238095238095238
51c91423bc5e00af9aa11bdee0afb9f065873cbb,1,1,0,0.5238095238095238
552d082b339003e8058316f45ad4f37820f463d5,1,1,0,0.5238095238095238
a967c171292f21f0188eac8ca8e809d78d1b3ff9,1,0,1,0.47619047619047616
8688aa3d6ecd8e1e8114f9d7cfddf6e1f386a41a,1,1,0,0.5238095238095238
32f2e91c0ad6c9598654e464b5a25a22b3e856b3,4,2,2,0.5
80307e02ba89b4bd05bef4228f9deeb9bdb3d8b8,29,24,5,0.6938775510204082
85cbb975a0904c8a8ea5a7484ed5838dc1bf3b01,1,1,0,0.5238095238095238
c12c4b069f79dc518cdb9c467cb0c9e453c07f95,2,1,1,0.5
5ed0f06402c1b02673b2e7d7deb33967589457cf,1,0,1,0.47619047619047616
76de47821708517b69d2b6a34b4a484052c79123,1,0,1,0.47619047619047616
369dab42c813d7ad94d9a6a19e888cbe8e6356ed,1,1,0,0.5238095238095238
42ca261bce816c7b5d4c9fc52a4b4c2e93a58537,40,31,9,0.6833333333333333
26200c730fd4fc1f122ae13c61ef65eda1af6975,1,1,0,0.5238095238095238
f379f9b626d46994194197c1a0fdf216d6b7eea9,10,3,7,0.43333333333333335
2eef1ec04d89d528642f56704c37c5e6fadc3374,2,2,0,0.5454545454545454
76721c0a9426dc56874d4972764f2327302cce58,5,1,4,0.44
49749b692fd3eb50678e56f18f8718a0074647fa,14,13,1,0.6764705882352942
e663a43742dd0bd0e657db23b8cb97cf3de78df5,7,2,5,0.4444444444444444
2541df8839fc0f15b0bb9cd8e1c15bf4a8acfdb4,8,6,2,0.5714285714285714
b12eacd3ce8c8d2c502fffa94869fad3dcb94799,1,1,0,0.5238095238095238
ceda3d727e1ac271994b642198e9d1143ed06538,11,6,5,0.5161290322580645
13e6c96de40bc5101e7b9db0faa5e086483db1f4,53,31,22,0.5616438356164384
3981e36b20d45df0a8cbdaf9d276fbf29b25e87e,11,11,0,0.6774193548387096
0c2b09c6f083736f7861aab99f0b85ffa29d30f9,207,134,73,0.6343612334801763
8766ad4ad8aa6b006601d54842899e4e8e31aa4e,14,8,6,0.5294117647058824
c31855dba865f0e0486da765ddbb4ba84a820ee8,2,2,0,0.5454545454545454
36e8743ae4faf36f9c4c8458883f75c2efcfdc2d,2,1,1,0.5
739113b9c29d7c2a3d90bfd00986c8ce3be2216d,18,14,4,0.631578947368421
be634f66c83c4dda80bc93ea33963baa62e8ee7d,1,1,0,0.5238095238095238
10b6909adf02d610bc5b9f01ae48d07655a1175e,302,256,46,0.8260869565217391
7e6f13d478f3e5458d6b341be7cec7286aaa393f,1,1,0,0.5238095238095238
e96090d736af36406d591f0bf6a0929bb65d4835,5,5,0,0.6
b8cc82c536f453231d702286c9917f7b68c0a535,9,4,5,0.4827586206896552
a7dbb14a6c83711992d76a1e172df993aaa74613,1,1,0,0.5238095238095238
8c96a37426da719b157ca87631aaca2078ed9996,1,1,0,0.5238095238095238
fc35db1f18286f7517790c90ef34026f105b63d5,8,8,0,0.6428571428571429
e92ccdd3a42026c2cdb2a0b31d0dbe3205030047,1,1,0,0.5238095238095238
37388925fd87b0b9ebff58f04789f64f516eafe0,8,5,3,0.5357142857142857
927b1312580a442e74eefdc8630e09ca49d517cb,1,1,0,0.5238095238095238
f2fa03b39e25c35fa3f2421f9171ebc062392b1d,1,1,0,0.5238095238095238
e0b572054d65fbe17dc2871e768030589e0fba3f,1234,1012,222,0.8149920255183413
9e3f5ee25a3c81edc6b996f5713387b374322f62,1,0,1,0.47619047619047616
2dd43e2081693aa7d522db25e81dbe10c8fddec2,2,2,0,0.5454545454545454
9b3c4ee8d94392f194e29fd8dd707b571ecb0a30,2,2,0,0.5454545454545454
9f905ac26bd964c2a336e4aaa86d238e436b54af,2,0,2,0.45454545454545453
540d6903078e9f3c15ec9942bfc5823e9809f802,1,0,1,0.47619047619047616
7e195afd4ba9cf20b7a357b5ff7d19f0dae99826,4,3,1,0.5416666666666666
5e6af5ceb0f1da5b88f5e70d5cd975e98050a74b,5,1,4,0.44
0a2066b80e8fa743874bca05a648c44d0387502f,1,1,0,0.5238095238095238
3fb4758e90aec76c299d2bedbdf0217668a1495f,207,16,191,0.1145374449339207
59809d09116d9c6fad41b7d8fb78a9d0093828fe,12,8,4,0.5625
6fc4ea343abf91b708ca52e1d1b267959f3ed345,4,3,1,0.5416666666666666
3079e7bc0f9e3c54968e646e07c5857e09dfbd48,1,1,0,0.5238095238095238
e4cb7127d63f98ac63f09843c934b7e6ce03c5e1,1,0,1,0.47619047619047616
4bb776ace3a636c3d051ba59e0a32ffe5df1bbc5,19,17,2,0.6923076923076923
e0fffe1c230ee359ff0f933e9ab518285e9e1c54,3,3,0,0.5652173913043478
6e23198d65ac407213ad30d6a3940151d0e88c58,150,60,90,0.4117647058823529
a5c1a35470822f619fb12826295740f10abe3781,6,6,0,0.6153846153846154
6d813154306ed3437b851c4abfeee62b24f19bcc,1,1,0,0.5238095238095238
c0a595035d94bbed062b344be57df9ca667b647a,293,215,78,0.7188498402555911
753f59ffca9e1c64aa745329e1a21c0c750a8ae8,4,4,0,0.5833333333333334
c969a697b5e39c04a05caea866cfc720aa9c5b45,1,0,1,0.47619047619047616
a76ff6ad114c3996c99c08662538399f58c0f21a,6,4,2,0.5384615384615384
82b07eb47af788deedbeb708dbeac02a1f608da6,138,70,68,0.5063291139240507
f73d704cb7f6e3308031b92aae66a3f94bc70183,1,1,0,0.5238095238095238
65428273a889db98f262947fb810ae10223f7b6e,9,7,2,0.5862068965517241
48da17d79a661e631b73e0e36d7ea77718e9605a,2,2,0,0.5454545454545454
f9fefbe1fc7c4be5809ddcf68e75a415c4988531,1,1,0,0.5238095238095238
2e707cbaec80cddcef061364b212e0816dbd8d7f,5,3,2,0.52
6f69c7d0cd2779b01d7a24b04521499f9dc260ce,1,1,0,0.5238095238095238
1b58ed2ec6094c211ea4b3325129d2751170e21a,1,1,0,0.5238095238095238
43b7fea34faefc69ea16de697a336b0b1ec06b38,2,2,0,0.5454545454545454
003d3e1dfd62c324a501ec7c40c4584ca2db02a6,5,2,3,0.48
4c91fae6c3b380302821c116a135efc7d89d515c,1,1,0,0.5238095238095238
a3cfed5fc4030f1c7febc8f140c71b51afcbf4fd,1,1,0,0.5238095238095238
7cbc7415f4d4d0ce23e06c9d45457b7f54cd864f,4,4,0,0.5833333333333334
23b55b02247825368c9e0039a191fd3d52c335b2,4,1,3,0.4583333333333333
19ba9c142be5a6a87da6176bbe928b0a5b55c454,2,1,1,0.5
37c4b3fcb6fcb2f41c7085fcbea4c1a2fd6c6188,2,2,0,0.5454545454545454
e36eaabf70403bbeeae9ebffe9f19c5f797b7d34,54,37,17,0.6351351351351351
90cb5dd6b7a7866e0e1121940e9830c83f86bd74,15,10,5,0.5714285714285714
5fe425f31d0f3ad9ad18da2ef9805142bea00a0a,16,11,5,0.5833333333333334
5a7b613e8ad8cc79127101d6827ea81f4ce08a25,233,159,74,0.6679841897233202
078bebaa08ef115ba87fdc87e6764f3a7f20679e,10,5,5,0.5
b0ae31f1a7e3a8c0a2119b02912daa62e360d9d5,3,0,3,0.43478260869565216
a03d0f24be6bb3c5ad536408c1a62aa97979b097,2,2,0,0.5454545454545454
23ba6ec158129315a3c269a568217e3689804cf1,8,7,1,0.6071428571428571
8532b99d8fce5fc04c2f57245215c5de9ab624d7,8,7,1,0.6071428571428571
4c9ac0e767be4ea46b08e258b755a14a733b00a4,1,0,1,0.47619047619047616
d47a1c10ad3b39b3dbca2ba2bec5148664c6e269,40,30,10,0.6666666666666666
a203f3b7a025781468cdb3237099b22b082d1904,2,2,0,0.5454545454545454
79780bdddb666fdbf4b9166e4a9714f76ac9a9e1,1,1,0,0.5238095238095238
b2bda5897dba7e8db1960ab196826cb42f028fe0,2,2,0,0.5454545454545454
4e7c3135a111dbf512024158c099a19145743db3,1,0,1,0.47619047619047616
7b25555cba3a635bfc0987502c6eb862c3bd5d5d,1,0,1,0.47619047619047616
ac4d52bdae576e9a511f876b1c5eb4803ac3f1fe,2,1,1,0.5
23f51d2a5fa9a155ec269106a3c10b4a97bc02d4,2,0,2,0.45454545454545453
303cff6cf56f4c5559a3b41ec4c06a38ac24dbb5,1,1,0,0.5238095238095238
53105d0499eadf33d6acb5bd6a70c4a3f08a3fc6,6,5,1,0.5769230769230769
f9a25061c91ec655625276fac4155b8b5c658df9,7,4,3,0.5185185185185185
7cc60430f8b6a10cd72590f33579de094610ec64,2,2,0,0.5454545454545454
bb68076891ec62b14bb85fffe77eaacaae2460c6,3,3,0,0.5652173913043478
57db9fbecef298b834a800784497d0beff006dd0,31,30,1,0.7843137254901961
bf2238b86eeb455c0b6deaccb7005feffeeba1ef,7,4,3,0.5185185185185185
4738ff1aaf8c05cb1e7ebc68309cebc6750838e4,22,19,3,0.6904761904761905
47adcd07732e6b8df456f5ec1d9cfa974e13ac2d,2,2,0,0.5454545454545454
b5194c557c5677d0c142a683b3e395ffefd21928,7,6,1,0.5925925925925926
0bca8a6180bdb4d963f395285496a30e40cbb074,9,8,1,0.6206896551724138
2826e2fba60f1b738969fa4398ebe577e656f4e4,4,2,2,0.5
277663f87c07f8e55149e5b6f9183e7dd5c0e21e,19,17,2,0.6923076923076923
055397434d86b8ffd0da576c97deef3af4f02deb,1,1,0,0.5238095238095238
515a75cb5f2159c6ceca82289f927a90d37284f8,27,13,14,0.48936170212765956
e509330807da9a9724326d723da2adfc53332ade,185,125,60,0.6585365853658537
5240d893bef10479eb8b0078459f50b176005ad8,1,1,0,0.5238095238095238
7804c8055f7058ddbc65d51249abe3229f7b69c1,1,1,0,0.5238095238095238
eebbfa8747c278a47a4bfb53e9997a351ea6ad17,1,1,0,0.5238095238095238
73979b23b32c4ff7a7fa387a7a3fd9a100ccc6d0,60,56,4,0.825
bf2302aa94982c7659ff5dba675ebdbb37d2684e,1,1,0,0.5238095238095238
115fce88a48f27d441edbd8d7d71e00f4e6116d0,13,12,1,0.6666666666666666
8177f38ccafcc448d182fa397e936c67788a702d,24,22,2,0.7272727272727273
e9188b1c54a62dc4bd43fe2fff472e166883a448,74,13,61,0.24468085106382978
9ec3ecd530f3beabfe015f77fbe3fbea2da1a578,1,1,0,0.5238095238095238
b467cac1e563803f6da592e4b0ae37012da0d49a,3,3,0,0.5652173913043478
a054ce3ed5a85abb8019792e9ac0d2d9419e6b7e,1,0,1,0.47619047619047616
5f1c633f6d3942fd1ea7bfae80d8a9324a539e2b,1,1,0,0.5238095238095238
874e910f8336fb2c6668f7d61d474bb438fa36b2,2,2,0,0.5454545454545454
e641b1fa7732370025075e1f73f4d972c658aa45,1,0,1,0.47619047619047616
ab2d000658085916f62a9c374825325f87a66546,1,0,1,0.47619047619047616
4ab435c88ae2912459d00744211c3aa1e269db85,2,1,1,0.5
882d0b72ee6d13131414c45b39d3f07226751efc,5,3,2,0.52
690b26883ec02f77193f941185b22db62a07c6c9,4,4,0,0.5833333333333334
bc5761bc805a7c7f1698d2fdd1b960c0ae070536,3,3,0,0.5652173913043478
a206bc94022fd6ed3c6131ef6bf21d51df759dc3,98,75,23,0.7203389830508474
57b5703f443ca6aa9103981024dc3a513173f3e0,1,0,1,0.47619047619047616
201c2400dc25610c1b081d2fbb41df66fca1bc5a,496,379,117,0.7538759689922481
fa7a653b231ff3ecd00435e84000447604103ce8,45,28,17,0.5846153846153846
c0ec68fa6e635f09e57d1f79ea2341aa20ed25f8,10,10,0,0.6666666666666666
b4d82f5469cb84133e4929fa2cc25b572ba98901,1,1,0,0.5238095238095238
809f79e9526836d04e7cdce7a3c167150807df43,14,11,3,0.6176470588235294
1eb432f557f316fa67ace53dea5a9d7066b3553d,5,5,0,0.6
a04877f821b149ba25b23f840e49c3ca4a87603b,2,2,0,0.5454545454545454
fa54064cfe8583839085b671df56e54fe6de8ddc,1,1,0,0.5238095238095238
8473a347a734afe33d78d0639ae8c09a6e7de198,1,1,0,0.5238095238095238
39605f6eb4c88ce3febe10ce8e241279ff809f09,50,49,1,0.8428571428571429
c39205148e322035c24af826fd3e68c65e55895c,270,209,61,0.7551724137931034
0e31d3fa42d5a49990e256f0aa71e15d37be3fe7,1,1,0,0.5238095238095238
4a33cd22ba419b4928448ceccbe258ee1b8077e3,1,0,1,0.47619047619047616
0da009e6772bb9f19423cd06228b32b75a535955,2,1,1,0.5
77907f928def5690bf7fcda786605f75e0f591f9,18,17,1,0.7105263157894737
27f8d5458221d89f33a6989361cfa6fb298e237d,1,0,1,0.47619047619047616
341c20c891a82e1297b1e0f2ab92966880c7df14,15,6,9,0.45714285714285713
2fb63be6d53b29c966f8cad2825f4dc99595f16a,1,1,0,0.5238095238095238
718159b1216ff16ef516c0b1c9e02a557e0d2654,1,0,1,0.47619047619047616
a6667c9dfc5adea05324b903b70f1acaa2acfcdd,1,0,1,0.47619047619047616
6bf0f6f3b33a5999984d71493a3562f7c85aa561,83,66,17,0.7378640776699029
0bddc4e9ffee4091bdc85ff035da527f207a1876,1,1,0,0.5238095238095238
e8b6fdafb5d31d5543286567551306df6d183afe,1,1,0,0.5238095238095238
7298f600b9828d0e70a1345e154a40a79a9b5c66,8,8,0,0.6428571428571429
ef0dc883439762fb4ecf245fe6d2ea4d88b8aa8e,3,3,0,0.5652173913043478
e2370dcef7f43bdbae43effb420ef5b3ec132945,1,0,1,0.47619047619047616
28bdf787402a1ed26ba3a525e73bd64d0e6f566b,2,1,1,0.5
80199b75e0d3f18ba86d152a8d42b4515e6b6808,21,13,8,0.5609756097560976
5a4abf3975c4674a016461a0ff321a1f8c845483,1,1,0,0.5238095238095238
f8d3f2af82c18e685f86eb963eab3eefaa744508,1,1,0,0.5238095238095238
22fc332f3f46092924918ad1c240f36d4040416e,14,13,1,0.6764705882352942
1673191c8a47518cca785409ac5dadad90e5282a,3,0,3,0.43478260869565216
55732e3c9764ef8c5e5164a2f8f5652f690d9fa7,45,23,22,0.5076923076923077
bbe48e867eb7a14c780c31cca86f47e42b65c1ae,24,18,6,0.6363636363636364
f5ce68257d1cb78a861486034c89101897588970,4,4,0,0.5833333333333334
ecedfd062e46f61e187b6df4ce802994939e098b,1,1,0,0.5238095238095238
a3a8356fee4872e60b30ce7a6b4353277570326a,8,3,5,0.4642857142857143
46ad4c0874bcdc736fff23c696051a4b3452c658,87,74,13,0.7850467289719626
904bf96e96a21df93beb0d4457f51c5f778a1add,1,1,0,0.5238095238095238
92edf4a714febd6884c7a1652a43c248a4bf1f2d,3,2,1,0.5217391304347826
5d8af2be260b162fa440827ef81d2c2f2b209e7b,4,3,1,0.5416666666666666
d9754dc4b51adbd5543a4294e7a377e7f2a713a3,1,1,0,0.5238095238095238
022ec50f2db87d5dd91092a785aabb340b2ce1ed,4,3,1,0.5416666666666666
df5bf778d06f800bdad475ab31a116d9173dabe5,2,2,0,0.5454545454545454
89d3602e12d73fe0513d691a98905f8d00d51fb5,2,2,0,0.5454545454545454
c74243a9f215f03299edbca262c2d257f693fbe0,3,3,0,0.5652173913043478
62c86a1bdf3144b4ac7c47963ccb4d7910c47767,2,2,0,0.5454545454545454
8b836cf5b45354ba5e523bdea351a9a83f6e02cc,1,0,1,0.47619047619047616
d0212254914f973b9c227a2c217f460c4e55a17c,2,2,0,0.5454545454545454
4f8f2630b7f9cc5e87eadad9ef1e9a98a673d7ba,1,1,0,0.5238095238095238
af1c1b35df05f4969358acad15acea49e5719f9b,80,63,17,0.73
e34e5eb59af6098b5286cc1bff8e40b8a0375444,66,59,7,0.8023255813953488
5ef63f89b0d283cc76dfa553ff96e2a1a2b846cf,1,0,1,0.47619047619047616
00ef2e9a1d8b8019a1b7e3955619d308b2450d4d,1,1,0,0.5238095238095238
cdfece946ba478b045c5b8f03eb900cece944033,53,48,5,0.7945205479452054
1343038be75ec3428c89781b59ab7891256c8414,8,4,4,0.5
de97a91a137c599774d196b503979238d99cad4d,2,0,2,0.45454545454545453
c6f13f930d5db2d56ecaa890f45ff39afa69fcb0,1,1,0,0.5238095238095238
d4f6a66b40c1e414ea7c2554c6cf602f1701f529,5,3,2,0.52
48edc9eba2e9cde85b50db1113a7a0c2b3006ccc,2,1,1,0.5
28f665a6853b5d7c773147293b601f22aa478844,13,10,3,0.6060606060606061
a720039ce2ee935a7b076bda3cf467e11d791064,73,51,22,0.6559139784946236
94940acc0c2de318c8b920836e1f7d534151f429,9,6,3,0.5517241379310345
1f23c860f3a39559c8229488687eb9fcaf91313b,2,2,0,0.5454545454545454
d40be4d31aa3a0d62247eeda491695e9d1c4950e,1,1,0,0.5238095238095238
4242545a332bb558da2b305d1be1dcfc043348de,4,1,3,0.4583333333333333
e0ac412b0c3cd40e352d00471d77d07f1818f7b0,1,0,1,0.47619047619047616
372e30efeb060230e623a6af713e40921d70b887,1,1,0,0.5238095238095238
e476852c5c78a3e17ea27ce2ebe35d49265fe7fd,1,1,0,0.5238095238095238
372df7332529d605958c384e315c43bec883479c,1,1,0,0.5238095238095238
c61156cc6041b41460baf2c783facb754f9330e4,67,19,48,0.3333333333333333
d1428214060918c16493d777bfe01e50078758c6,1,1,0,0.5238095238095238
6193386664630cc95d4f8862da91521dcb4b3432,1,0,1,0.47619047619047616
a58d44caaf4a2c1a7a2a733f2b6b7655e9d91a2d,6,6,0,0.6153846153846154
e4894ba8551803996cc54b2c61d52b41ab966d1a,11,9,2,0.6129032258064516
58a39c727803c3cc3c023eb813ac815d99204778,1,1,0,0.5238095238095238
59bdf2532c35b1810df1ea1e9d0bbc71ca109bb5,13,9,4,0.5757575757575758
84f5c6e8d79411a9f5ee6645d4acd427236256e4,3,2,1,0.5217391304347826
9a48a144abecc71ca58599549bc73317187eff0f,4,4,0,0.5833333333333334
e9941257e215ce22d3077214649ee4806876f77d,1,1,0,0.5238095238095238
f72629037170aad917cf69762fff8680220dae87,2,2,0,0.5454545454545454
3a2db8cf657a9e72c33bbc59980ffbb29d045197,7,4,3,0.5185185185185185
9e0c7938f1f28f18739162cf31d2412ddc5faa29,1,1,0,0.5238095238095238
f65d3b3ec6540df92dc8ae348ac56b9577b934c5,1,1,0,0.5238095238095238
bf2031b98bb16c223bae7b9d4ebe94b61cbf274c,3,3,0,0.5652173913043478
e50b2cc0e03f63a67e53fca5f813b6d261c121e7,298,86,212,0.3018867924528302
336937974a1a9f370c665faaa39da15ab361e21e,3,3,0,0.5652173913043478
76cace233c38c6fd5f653fea495c7b8727c0b63a,2,0,2,0.45454545454545453
66d45f2b56e6b53f86401f3d3df24dc74ae1bbfe,1,1,0,0.5238095238095238
d37c632a23335a58578b8b4180eab4c63f7c25a8,42,21,21,0.5
89d716869c54d8a06b74656a89b0347badd1a2d6,1,1,0,0.5238095238095238
9cb2644846dccdd3c8065e4aad5f4267ded95441,2,0,2,0.45454545454545453
ca7647295e4a1bb118f6d68ec394e70d889df864,30,26,4,0.72
0286dc2d431775a20caffc8acf08caab2928b3e0,2,2,0,0.5454545454545454
0eeee7572a11c6ad4b905f1dfec03279e97de389,8,6,2,0.5714285714285714
be8defbdd44db1882595cdc87b44fd107d104fbf,3,2,1,0.5217391304347826
f453689d4d15f94955c7c18c365f8f8a6c5ea1a4,1,1,0,0.5238095238095238
68e171dc51ce287af8fdc219c4a0766a2126e59f,1,1,0,0.5238095238095238
89935f326da1eac6246ab9c9b372771781a76222,2,2,0,0.5454545454545454
1517d1064549916a3f7e4a76a4aaccda492df1e6,1,1,0,0.5238095238095238
c2a5c2283058d9dd4a6b06790a75130bc804ea1f,55,49,6,0.7866666666666666
b518e266dfa480eda562450cc1302d73824acb32,2,2,0,0.5454545454545454
b78c0a04161c7a3bd6abead0f72e31822a17c304,1,1,0,0.5238095238095238
8a905ca9409e5f5e8d3106f13b950baf0d6b6d7a,1,0,1,0.47619047619047616
bf59a896915ee812905411ed9c9d1a81638abe7a,1,1,0,0.5238095238095238
9465fcef4deda2b474140327d680a49e97f19ee8,2,2,0,0.5454545454545454
e28e03ff21fa389e6cd6b46c439c6f8b8539d972,1,0,1,0.47619047619047616
e3c4bf5a53ef976a45e2b097e702627aa1526838,15,10,5,0.5714285714285714
7905df0c9bd06f7d04613072b9dda2c6078335ca,2,2,0,0.5454545454545454
67a4b190577192a37e520e18a485dadaac10b246,4,4,0,0.5833333333333334
e620ad8dcaab9182b91b6bdd103a30d1768e76dd,13,11,2,0.6363636363636364
acbc7bc3db3ebe4cb2c5916160c196fd0f7d5af2,1,1,0,0.5238095238095238
0ccb6ecc5ab2541ed7a4cd14d2c4825fae6f8f18,59,57,2,0.8481012658227848
eb85ae01b10a388ee156f5457d01858e4243ccd3,4,2,2,0.5
5851630acb0c1ed30c8d7122ae6e2621142ae842,2,0,2,0.45454545454545453
3fbce961ebbf0220c6701f2497e17fc05c4d9037,1,0,1,0.47619047619047616
bf332b09473a731e72ae35d9f785504f1a35cb3e,1,1,0,0.5238095238095238
f0701ce22171acc5f8ead728baa362fa24b2e83a,1,1,0,0.5238095238095238
1081ba717bd15c73b95fe8e3464919b9122eb757,8,8,0,0.6428571428571429
5540ec0472ab8cecfd9567aca73a94f02da9f6a6,1,1,0,0.5238095238095238
d36722d3e2ca3084ab9cb10b9b3e73e6a9cba8d8,1,1,0,0.5238095238095238
cd84bbaf7efa31a63e4e7b21ed633bb813796b6c,29,21,8,0.6326530612244898
348bc808aa112916377dcfb46b9c69a3b4d2dbed,6,6,0,0.6153846153846154
ac7d131a1fbd60e5244a6c10b4abe98b207a1ec5,1,1,0,0.5238095238095238
ccd1a751d555335eaec9298e6766c3ff5c22ecfa,4,3,1,0.5416666666666666
93bee6b4ec9987ff35f8f67521a3667b49928376,6,6,0,0.6153846153846154
ffbe2c418bd40eb8d6211ea565031a5db99d1510,6,6,0,0.6153846153846154
840b45cdb1ffc50491232db6e65679e2254ecda6,7,4,3,0.5185185185185185
630187ae0b372c0796276ab1cac60cd1d64570d4,4,4,0,0.5833333333333334
b90e27c87c7ef61323d1efea0fad2547500699fc,1,1,0,0.5238095238095238
b5c02cdb6f592503a702681ff6675997560f38a1,4,3,1,0.5416666666666666
b04d3465b4221e47a19d7fb2dfabc99733637772,8,6,2,0.5714285714285714
ea7768216661737e09f818b8f3a3787b31e58b7c,1,1,0,0.5238095238095238
a10bdb99f49787daa6dd082f5945bb6e0f12448e,80,42,38,0.52
e881f717190bef03dd9515aa3730bdce6668baf4,1,1,0,0.5238095238095238
cc1f4a44d17ce726775b444e5197f312f801c2ef,1,1,0,0.5238095238095238
d1d0710117b7dc040921591435f7c6c38b7074fa,1,1,0,0.5238095238095238
7baa04dbf5e1c1c7600eaed91a7fde366e0531a5,15,8,7,0.5142857142857142
b428be45d0fdf932edd094ccaab5c7861ba47b75,2,2,0,0.5454545454545454
6cb9ee8f63b09d8b9a762f3a7b862cfaa5b5a14c,5,3,2,0.52
5a81b0a28a5b1613dd6fd08a7631628dd0bd40e1,2,2,0,0.5454545454545454
782eab309e87add82d389cd0a9828c307e91378d,3,3,0,0.5652173913043478
c38331f3ac9f4c38f5c753b53a1bd9646edc8f23,1,1,0,0.5238095238095238
ea3ad29df07d9b975e7d8470e463d9968082c2fa,2,2,0,0.5454545454545454
e141f4cc97d5a40f8c937854883fa08334208fb3,1,0,1,0.47619047619047616
da28041bfd71b55eebc486bc5b4763d5be6e8538,1,1,0,0.5238095238095238
b03a22fe7c26486ac9182bae40f07aff0191533d,2,2,0,0.5454545454545454
399bb950a68453ef6b457253659fbb4e1a0b038c,5,5,0,0.6
830f7458974ec15a64d339d79fedb23407a72791,1,0,1,0.47619047619047616
5b3d3019f5b1854a5a8cd866b3ad6ac496501d6d,1,1,0,0.5238095238095238
3ec96919168ea2536e253fc2aa957a228ee4321f,2,2,0,0.5454545454545454
dd7790f2f434de0b0e91cf56babbbd3919a849bd,300,270,30,0.875
6218c659021dbf4ccfd4058441c06c3b438a7006,3,3,0,0.5652173913043478
43f8182aeae8ba1ee8f16ab861ab776f22b76bce,651,128,523,0.20566318926974664
eebd35041bdeb11dd806336988b324a98d044bc2,110,94,16,0.8
27c92f22aefe72781a7fa9a487ea126fefc15639,2,0,2,0.45454545454545453
27d9974ada4e8d9d4bd452dbe820dcc9c365e075,1,0,1,0.47619047619047616
8f35114237f5a60b948a07d2a22364ca2f2bbaca,6,2,4,0.46153846153846156
739a57cea632a3e9c0e3a9fe166eaef40cf355e7,16,14,2,0.6666666666666666
a1cdc80ea1aa8f33b57eba1586b5743487e0d725,6,4,2,0.5384615384615384
f7c2ee422286ae7f65fbab2d06764ef1f639ef80,1,1,0,0.5238095238095238
53387b4f145f77b66963c8434326ad97cc18dcb0,3,3,0,0.5652173913043478
f80d22294119f33fa539e44f81ac2f79b5d7e479,1,1,0,0.5238095238095238
bc463be028457aac265ea1506687a94c1371d52b,6,3,3,0.5
b711ff620c1d07fee6b691d23f4eab6c254b6bcd,31,25,6,0.6862745098039216
9a625efea3984a2fb289834b22ee5d05d6a5f9d9,1,1,0,0.5238095238095238
8bae88df6130a7a8e425979559f5df13f202e18c,3,3,0,0.5652173913043478
182a67b8184b9dea435a0408671ac8e6947391ca,1,1,0,0.5238095238095238
481648d367f53da50cc0c3751dec3a25b2ae0781,314,295,19,0.9131736526946108
9ba343297e67f534f0cb47814eaa12b32895ec21,2,2,0,0.5454545454545454
f75d4c52567c551c8b465960f70b7c3dfdec50c5,1,1,0,0.5238095238095238
1c8775719982de0479a2ce32aa0e6c48aca1d17a,1,1,0,0.5238095238095238
7b6d41e6155904bcc52e742944a8ecb80d356713,1,1,0,0.5238095238095238
7dd18a9168d6deed1f8d40a58b2d06a84b685c3f,1,1,0,0.5238095238095238
91b3d63b4bbb2e01da87d62030ee35b7f1c9b605,1,1,0,0.5238095238095238
5cedd149f4d2dbcbec346b37170d4505913a06ce,1,0,1,0.47619047619047616
f35912e7faaa655449fb9f1587bbd4bb79cf8abc,1,0,1,0.47619047619047616
32e39dc9ab0ab8d89ee8fb1ee69841bea9eb489c,2,2,0,0.5454545454545454
7b46238bcc4d9070796524c025749b547bf1ffb2,3,2,1,0.5217391304347826
8539a0d0a13c3b8a42d61d25631f91379611152f,14,7,7,0.5
e4efbd5b3e7884a5c826f1df7830c3316a030163,1,1,0,0.5238095238095238
10215239c2c0a79ce2781cbb5b0567e2197431db,4,3,1,0.5416666666666666
1efb2256bf339c517677d32068f4798dbd0f989f,19,7,12,0.4358974358974359
3e063862d0f70a2924a2b143f5f53b7d8ee0b32e,1,1,0,0.5238095238095238
74aa9d2552793a288a10ab3c10f528280dd4487a,3,3,0,0.5652173913043478
e0ee36d2a16d22e653d53f12b6d985c2865afbc1,163,130,33,0.7650273224043715
f83c460882bd01f07778a24effa339e95e914e54,25,20,5,0.6666666666666666
f6db5cff5bf69821742f087e2291711cbd47f321,2,0,2,0.45454545454545453
664942362db7f18f4611e569eb403f78409a7766,5,4,1,0.56
4d19bd8ef4ae16e6ccf727a598d8e9b44ed28aef,2,1,1,0.5
d31abd3b2e69a648855aed455b0060a625a82449,1,1,0,0.5238095238095238
ca634b401f23a9ef7bee5fb33be9f186dede7551,11,4,7,0.45161290322580644
26174ef4ca5652d5beb01bd99419b721fa45d03b,7,5,2,0.5555555555555556
7fc5e0a1765f1c2b2c28389fd739ed661b496c24,21,18,3,0.6829268292682927
cffa1d504ac67a72e713aef398d747f19ba53414,171,90,81,0.5235602094240838
135660db3e7377c67c7aca081d2af1260526c6f4,1,0,1,0.47619047619047616
b77ed040d0c2b4145913166b35fdbbb7e01df23f,682,263,419,0.3888888888888889
7e693c58ff997b381b780cc99d383cac18523480,21,9,12,0.4634146341463415
1725b4468db05c00e1eb8c59e66679e1e5235de9,2,2,0,0.5454545454545454
e4b6e3db565d138c6eb383693ee8aed891d970f7,1,1,0,0.5238095238095238
a61366a104117328227306793e132bbe561a93cc,7,3,4,0.48148148148148145
99b42580a4af9fa97392fedd548f69cd9fbd2d8d,7,6,1,0.5925925925925926
c33aae89fb8c9b948a91f34ed685489e12dcef0e,1,0,1,0.47619047619047616
10183500d47244c5ab17ae1f13c91a9345993cbc,7,3,4,0.48148148148148145
fc3bc34754d9e624754037af32627ca9ee500b2a,5,1,4,0.44
03d791879f7fad2affbd09483a3f0cd03a40efc1,1,0,1,0.47619047619047616
12a76e07b97b76e51eadce6dfac853c11274029c,1651,337,1314,0.20766008378216635
79d74f43f76b773a51bf7579ab98affed4ab029b,15,14,1,0.6857142857142857
384eb9f52589083f881cb14ec859ec3d402a7564,1,0,1,0.47619047619047616
432e59d05968ec11cea0115792087bda0ace8786,117,99,18,0.7956204379562044
d5196e19866f4a741edec4535ccd1b3b6918e47f,2,2,0,0.5454545454545454
1363fc116da3638829f76b3c44e54932c4c6d7e9,1,1,0,0.5238095238095238
c33b67ce155f3273d62b5b67c160237e43c25e2d,1,1,0,0.5238095238095238
f5fe708759181b9eb78a9ee055f7ef8aab4fd05b,186,161,25,0.8300970873786407
2ee6ef5d53d8fd6485c63715eaabaf3823631ab4,20,18,2,0.7
6456eb8f33297ca4e92152f43a53d7f8844d5f94,5,3,2,0.52
c79a4628663005021c629d4bb07a3fa09f722187,1,1,0,0.5238095238095238
1df3731ed1de2ce9ce09ef59fc98f77c8dc2a704,9,7,2,0.5862068965517241
3d43ea4edc8174ad50dc60db270ea83c3fb8aac9,19,13,6,0.5897435897435898
e5c31f13e1570dc87191b61be93d8113363d8927,2,2,0,0.5454545454545454
4aa0822ed07f74115ecc283148b8e39a2a3d060a,1,1,0,0.5238095238095238
291ccaeb32a05fa56e5b74732cb97db36f0d1f3d,1,1,0,0.5238095238095238
53adbdf3085088578c30ce58aab3148a5040bfb4,1,0,1,0.47619047619047616
ed1dd3212487693e3df020aafdbe6f2a7510dfc0,1,1,0,0.5238095238095238
4cc7a78699f1f7dcfd3fefdefd20ef6dda7cfc42,1,1,0,0.5238095238095238
03e2a5089931f6a6a8ec891bbdedfcbdf665ec5c,1,1,0,0.5238095238095238
b9912e254310e4ae89cfb8023d1d8781403884d1,24,16,8,0.5909090909090909
9696c17e8c2aa43b42cb2d53ed0c3ca3c5feb298,3,0,3,0.43478260869565216
6bc230926c981f4527d1afba4344595b9afd5f48,3,1,2,0.4782608695652174
b2ec8fc9f5d99b5cc09c92f53f73bb4045d7d8fa,10,9,1,0.6333333333333333
4aeecd53e0aab1fe8652f7005714de7f48444a7d,1148,614,534,0.5342465753424658
c57f8a7d1b37c194c900fd88115c1d68797240c8,1,1,0,0.5238095238095238
435aed66a61abb6e25a7c1fea2560b216f205c79,2,2,0,0.5454545454545454
b46bfd74f71dfff6f195b058f175b7fdd16053a2,1,1,0,0.5238095238095238
29e663123013bbdf95ef535e36dfdedc7f9fd1bf,1,1,0,0.5238095238095238
2f5123aa43dd0460f37b25cb4aac75ae879b3b35,4,3,1,0.5416666666666666
15013f6f72c105554f80387edc33aebe077089b3,3,3,0,0.5652173913043478
787f2286b41614999dc393939c1cfebc758c4eb0,1,0,1,0.47619047619047616
8654e623fff5ef3764f859d53a32ea0b489d965f,2,2,0,0.5454545454545454
135e3cf872c57f974f3c419986dc5378af028102,1,1,0,0.5238095238095238
0e3736dd885f2d9f2514c43eabc467dac862ff3e,4,4,0,0.5833333333333334
f7940ace0b3a4c9064098a6d53224c2fab9dd87b,4,3,1,0.5416666666666666
a20acda8c0684ca8f5db2e365fd14b80d2d72452,1,0,1,0.47619047619047616
36fb72f5601166bcd76c184957fe28b8545e715e,1,1,0,0.5238095238095238
3f841c3e9c68ac4f1190ff2722e38446b9bb65a3,153,87,66,0.5606936416184971
f6a561292a1c31eed8a18df27480d5e98ee2c93f,2,2,0,0.5454545454545454
f599769100e32cfa2cb2a99b7fb011474aeda5ea,3,1,2,0.4782608695652174
038afda0263337b66d7bf24a8c68b3361ae345eb,6,3,3,0.5
c7eb69922563a07c94c64a0fefa29bb1ef88bd25,150,90,60,0.5882352941176471
4c9a9ddae330acdc1ab4da2acf13b5bb17681baa,360,271,89,0.7394736842105263
352fcc36ca198847b69830c57f20a72cc22d5d56,19,16,3,0.6666666666666666
e1e9bd590fc8d24c1af82026be3fffc77a10aad0,1,0,1,0.47619047619047616
022605a37d60da29a7cd8875f0c2b80038f2fd32,18,7,11,0.4473684210526316
68b2d9a7d92df8cd490c31fe80ee27c7f5d851e6,5,4,1,0.56
9275d4e13037ae05587737aeec970fc8ce74e572,256,152,104,0.5869565217391305
99c13bbf97f61d235147d2126dc9fee333faddfd,8,7,1,0.6071428571428571
3ca00c280fae8e9df0b4fd13171de82adf7a23d3,1,1,0,0.5238095238095238
3f143f18223e98a8bf22e032b467337abca86899,1,1,0,0.5238095238095238
c0bacc51e0ec3819162adf2b369d674fc2555ecc,4,3,1,0.5416666666666666
3d75aea0e28e25d00719d970a75dcd067c7e01ba,4,0,4,0.4166666666666667
b336a6e20c1c1061d9c2940a9386c49a425c67aa,2,2,0,0.5454545454545454
4f7eabc16e062aa2d537ea56b0a7953202189f74,1,1,0,0.5238095238095238
de763443cc6dcdedb8449778b0979a086cb28922,54,39,15,0.6621621621621622
b37193577b5a23fbb9ee1088c2a25ef134303598,1,0,1,0.47619047619047616
667a9018349163d2b21cad1795a9283d6d802964,1,1,0,0.5238095238095238
9700b71df5f8fa31115e8d0eda93ad1f4ccf02c0,81,71,10,0.801980198019802
ad8b2d7f5fef95d98e21a169c5dd9fcc89603e6c,10,7,3,0.5666666666666667
5a4b122833e9de9027bd5738453c9afc8081fd55,9,7,2,0.5862068965517241
7ad1d29cac6c277f9e9f8028564de2ecd611ab44,317,202,115,0.629080118694362
e4a12fdbe838061da19941057fe7a61678a02563,74,66,8,0.8085106382978723
2cd21195d75cf90f24e969aa8c31af35a47fe17f,2,1,1,0.5
7fbe0a11df1a4ff1e2f333887195b43560682952,1,1,0,0.5238095238095238
e93172de8412bc31be1a0800bb5074eac89aabab,3,1,2,0.4782608695652174
db468c792f0b494e0f9fa808d00086bddd406450,20,19,1,0.725
3c6e9e5517cdf5783b4413c0a17d8c6e7ae22466,1,0,1,0.47619047619047616
7561c7c8c3f2196badfa2e3d456252c01d7ce20c,378,293,85,0.7613065326633166
c48447b0d9d211ed616a7fa70707d058fefa041a,10,10,0,0.6666666666666666
c789fa6bb6a6ea11fedaaba0b81bb32249bc8947,98,84,14,0.7966101694915254
3526f295cb695b19299d261244514bd6b16cfa45,1,1,0,0.5238095238095238
0e893d9c9230fffc26711220ee1361314d79acc3,24,22,2,0.7272727272727273
c9525d0234c6bd61879d47892111b13fd1b3ab2a,17,8,9,0.4864864864864865
3d0b03e6fe403872e496d9d9f78953eac8f467c2,1,1,0,0.5238095238095238
06ced30f2ac87e720575916a3615b3ff344558be,9,6,3,0.5517241379310345
8b45297fe4eabc639602eb8fc3b12e6755a14209,2,0,2,0.45454545454545453
b27310322ef04c6cf60c67da48a7d3e3a030018d,16,15,1,0.6944444444444444
7412fa5eb3c6d2fca9cb1c17146e078f87a013fb,1,0,1,0.47619047619047616
a598bcb4d7ca1ef2caf78084aaad17f48fa44652,1,1,0,0.5238095238095238
47c8f64ec0dd9ecedc99b77e2a975da448c7a4a9,1,1,0,0.5238095238095238
a190ec3f8e09a968b5025e0420e06393285059e8,1,0,1,0.47619047619047616
bcd55fabba4db491b40f201ca44afd045972ced2,6,1,5,0.4230769230769231
19b8b51a48b0e7b637c6937bb6b9687c5a257d9e,2,0,2,0.45454545454545453
88dd7489ce7569a380083335a6f9b14bbba0dff3,21,18,3,0.6829268292682927
eefef332236d9c4721060ced0617e6c1f8a64305,6,2,4,0.46153846153846156
2c3b101e5a221b1f29dd9770a70382d26ee17e9c,1,1,0,0.5238095238095238
a4f074c8853dd8e44598f267302520d4963d5d0b,5,1,4,0.44
ffd56f19f2051646a054b1b59da38192342758c2,1,1,0,0.5238095238095238
4a76fc6dcb4536800275d77e5a3ca6cf34a6ea58,2,2,0,0.5454545454545454
57bcf0b31ac8e10a9597e6e764ec6d903ba3495f,1,1,0,0.5238095238095238
50f395e96b800381cd0bae56be83cd125cd65643,578,431,147,0.7374581939799331
16d817dd003f3e705b7bebb4970ef0dd9fd371f0,3,1,2,0.4782608695652174
c024a056420b371de839063d9a84da02be4a7766,1,1,0,0.5238095238095238
9102d5808ec45011021984a2f327fd06ca0c2109,3,2,1,0.5217391304347826
2d182937449c0f532eec8d1a57348bda5d48beed,4,3,1,0.5416666666666666
7b56b94650f4b165dc8c8f6681e3d7a555c2b6f5,1,0,1,0.47619047619047616
77ac4ee4520c9a6708a164ea5897c07cdea41913,13,11,2,0.6363636363636364
6c53700d1bbfeb55615293f38acd3e7e8cad5ab7,1,1,0,0.5238095238095238
6c26e1ed153917db3fabd3a68f24440c42a64cff,3,2,1,0.5217391304347826
a51e455455ea0e3d390217f7a9d56aae0871e0b7,28,20,8,0.625
546edbdc5cb272b169b4d6e37dd48fe575a21c6a,1,0,1,0.47619047619047616
d10940631ba87f122952e6569b9456676976dbba,1,1,0,0.5238095238095238
2feae8d82425d0bf1dc32a855f6b5bb668665815,1,1,0,0.5238095238095238
6611244932eb2ea4552c819374e01578b9ad467d,108,100,8,0.859375
7b428174a62c6edaf3efb7aaf744453bfa6852ca,30,16,14,0.52
3a59a105c016c5b3c1490cf6b8e401ef4b6c467e,30,25,5,0.7
e667f130debc4f652ae3f8fdcec06cefb2d6a240,3,3,0,0.5652173913043478
665c43869840245afaf95baf097db9de60c5d16a,1,1,0,0.5238095238095238
279f67a56e42434f79dd36a7d7ac314f6ab6fa67,5,5,0,0.6
6756f8dee8126ae65569a62221c56ef82095cb3b,1,0,1,0.47619047619047616
bed347031340b60f707b889f2ad3ccff91007614,1,0,1,0.47619047619047616
c8ac79bcc3f58d4cc619c6d3f6dd740551de2917,10,9,1,0.6333333333333333
a3f8be613743d6d24f93a1c2e49b0ddb10ec91f7,3,1,2,0.4782608695652174
c6e359a94c08c9ecc156576ce3653aa7ad14ace7,40,25,15,0.5833333333333334
ebe81deec71c49b4615673477f7f30616af9161e,2,2,0,0.5454545454545454
28891295e36afb91ff13ec8d42d218539e3d5af1,325,284,41,0.8521739130434782
7b38252a53654278ac18ee75afe568c1276f49ef,226,166,60,0.7154471544715447
97e308a5c0ace8e17096f10df4a6619b3a01bc7b,1,0,1,0.47619047619047616
3653c5eff5d615a78dff7ff7432042a8aee91e9e,1,0,1,0.47619047619047616
0e4029f96ee86bea2400edf8a1c56742f8780aac,4,3,1,0.5416666666666666
0380543811139fe91a364c18d1e3459566dc6f46,4,4,0,0.5833333333333334
d92a462a6f3792bc155297e238a5f5ae4c59422b,1,1,0,0.5238095238095238
4e0eb678045502498d0b5591e069080f035c31dc,2,2,0,0.5454545454545454
49cf873c363a9aa89017581fb5ed9e49a866c311,1,1,0,0.5238095238095238
708d06514993d802ae3c454412c7ac9d6595fd21,1,1,0,0.5238095238095238
3c48c7a028dee87b52cd37c15653fdd61d0c7e5c,9,6,3,0.5517241379310345
6230d05ae9da2000c653d553fe2a14dee4354ab1,15,15,0,0.7142857142857143
9da788e86ef0c3553605c1dfa6fa03864804a0ad,12,8,4,0.5625
155cab37faba36fb3fa4721bd726f98aa49efb64,1,1,0,0.5238095238095238
1dc0bae6123a824fe8b87f5e92eaaad55f94f7ef,108,101,7,0.8671875
635451314d87d96f423c199fb755a713175401b1,1,1,0,0.5238095238095238
87e169b202425ae87aa939b208c2b369487aff51,5,3,2,0.52
6ad4057b8bf67a8613f27776ff66d322dc31e560,1,1,0,0.5238095238095238
c14c00b08be7b8e30b27780b7aa5e73e11e2a507,4,2,2,0.5
932ca36347bae1c233bca87ecde3526c395f9f3d,2,0,2,0.45454545454545453
a50df0b2b5d8813ac1e70f5d501f57469d2ec282,58,38,20,0.6153846153846154
0f4f601bc5daffa28f94a285db5e98f60c07978e,21,9,12,0.4634146341463415
5cbaa6d47ede0dcc10619bc61e88afd5336676ad,2,2,0,0.5454545454545454
2571ca6b72fb46efe4b2d1b795205576541c51e7,1,0,1,0.47619047619047616
387e8f740677df60b8d4e16333d31532742c0068,5,5,0,0.6
89e05ffc196cc62701ea994670ff045d37034019,3,2,1,0.5217391304347826
6e628f65d9c111ab228e6ec69ba776dc56a5a04f,1,0,1,0.47619047619047616
32aa009902a16034796b62d5b73081b0f18799f5,6,0,6,0.38461538461538464
3e2d3815fae379ad6203d705b6cc7d1e6464d272,1,1,0,0.5238095238095238
2282f68444001e20e340b3fb8624507e3f507311,1,0,1,0.47619047619047616
bb91341584abf01c05388ee63dbe93267c35a59b,1,1,0,0.5238095238095238
b4c4a025e1e0127ed75b13db0716fec2439d6e72,5,5,0,0.6
bf6e2dfdd7eb26d2846146554b57e8fa22081214,1,1,0,0.5238095238095238
efe197de1113d3e60235a3ec8805ad6dfbeeb15d,24,20,4,0.6818181818181818
287b3714c6f065a3bb261654586e5cf1303efe09,6,5,1,0.5769230769230769
4309ba07567b00fe2bad1cae2c37b5cd15f20a1f,19,16,3,0.6666666666666666
d60b773aadaac76bb2059908c222616c226cc8f0,5,5,0,0.6
802cfff1d3f80ed749045bba1f7c495da63f5da8,243,170,73,0.6844106463878327
dc434712d52dbea14d93fa49971e1e61e0fdf746,1,1,0,0.5238095238095238
fce546ff290f0899a845f67062444df3aee276c2,8,5,3,0.5357142857142857
179f414d1e7cb23abc68a731370e7809acd48cf3,3,3,0,0.5652173913043478
1b8c2f3c99028aafeb2d51b533fe7b6384000924,3,3,0,0.5652173913043478
98c7e2108270d69653de65f4af088d56c9547aa0,1,1,0,0.5238095238095238
66f06cbe72ba7015e699f787e2b7dbae729a2236,15,11,4,0.6
069178b618b827ca986d9aaa6df8fa7cec5acb38,1,1,0,0.5238095238095238
d5a8625dc05c40acf727c7ea2f0121165e201267,1,1,0,0.5238095238095238
1360b46bf659a571304c470509581dbfd2ecbf5e,1,0,1,0.47619047619047616
ae2ccae4bad4be41e3d3da4f97dc598853c878c7,1,1,0,0.5238095238095238
6813fe8698c45e4874e7031420f3c35b0096168d,1,1,0,0.5238095238095238
00914a5505841e14e3577c7b59fa326c933d6dd7,150,90,60,0.5882352941176471
1482e1c602c13a09a8879ffe2443810341a507c8,8,5,3,0.5357142857142857
da0532fcd2f167ae81139d4959e95b93641600bb,1,1,0,0.5238095238095238
96f15075f96c9e5f0dd8af3f691bbdb41bd11a20,156,118,38,0.7272727272727273
995d9dcfce093885e6f9df8dd740a0f49c74edef,1,1,0,0.5238095238095238
40ae3c309672745db5b01b0df85551149578890c,815,726,89,0.881437125748503
929c426779252b8b01df5cee63f6cebda74738ca,2,1,1,0.5
8ee45f3ddba2f920d131d4fc6f3dd8b880656c29,2,0,2,0.45454545454545453
9dac2220eeb1fbb90a0085ecfa3c3ead7d85a01b,1,0,1,0.47619047619047616
b231c2fa0188036abdbd4e0d9dd4a9e774099b6c,1,1,0,0.5238095238095238
fc40e35b511d2b9fc2198ea8f81b4c2ef9e3f4bb,4,3,1,0.5416666666666666
7616e86990273728466c1a34be2d7e7c72b3e343,22,15,7,0.5952380952380952
61ee77ee8581c19e91df1a5bcde09ad7dcca361e,1,0,1,0.47619047619047616
87e14fa0236193a03bc31059c860fdd0579bc08a,5,5,0,0.6
945542219c75ab82b24248fd974fb84fd6281b67,27,2,25,0.2553191489361702
4f21bbfaf9cef649a039be92bc201f56318d3eca,13,11,2,0.6363636363636364
9b30cb9520043aee58ba073bc6e9c4ba031ee902,86,68,18,0.7358490566037735
43927f5e9a9b423c0392af0a29965caeedbbaf34,23,18,5,0.6511627906976745
9504d848cd79bdbe290f739d485a8f6987d6aa90,1,0,1,0.47619047619047616
8eb56dc0e62f8aaaf1222edaaa0294c6c39e47fe,1,1,0,0.5238095238095238
51dc49b8844665e02e28db8d0a920d1c8641c619,1,0,1,0.47619047619047616
d9d8341538d50dfe3f4b6a41d5e706f4922cf465,1,0,1,0.47619047619047616
799676fca83960adf9b8a8f224f9cb8a7ba08419,4236,3406,830,0.8026315789473685
31c1d240b0b4bac6280f03db09e1c5862cdf7732,58,44,14,0.6923076923076923
3e4200e468f9562334b19b99322f98b41b4f1958,1,1,0,0.5238095238095238
46b4efb577018ccdc280ba43c714053c7f4ed227,7,5,2,0.5555555555555556
a247881b58717d2aa1b1f5e378778f4d07bbd6c3,1,0,1,0.47619047619047616
5eaad50733a8be88501868a7c439a3b7fff24c18,18,9,9,0.5
ecac866f67ac14eea5f773901e7de6209c30d94b,54,38,16,0.6486486486486487
9faa88e08ebcf6821e7e6e5996ada2d4fcba2426,1,0,1,0.47619047619047616
145ff05b92e412d6e66e5df6a787aa6c45f7155d,1,0,1,0.47619047619047616
e57f40e59d7086f307442a0f73915e83ac10583c,7,7,0,0.6296296296296297
31be314d508cf1b509bb7a8b3c55acc9023f6ade,16,14,2,0.6666666666666666
e924e005d60d37353b97fa285916d72f4043c1f3,3,1,2,0.4782608695652174
fef72ce302e04be2e2de1c63ac7ff4f80597c810,2,2,0,0.5454545454545454
b392d282323d7351517877a893abfb0af62aebba,23,19,4,0.6744186046511628
b034ba0810b59d0fc9f121cbaef75afea49c7966,6,6,0,0.6153846153846154
8435c65b561b86286d29f1dd26a45818968ebb99,456,320,136,0.6932773109243697
f169917e9623b2b9e76681933a289509a630afee,1,1,0,0.5238095238095238
633397c0825c921a3b7f7a0713d05a2815106e34,1,1,0,0.5238095238095238
e1cc6addf55061f2baffad280a54cbbb905e2e7f,1,1,0,0.5238095238095238
4cff9acbe4689f98c94f10140bad7d615778cfac,2,2,0,0.5454545454545454
5b7f756af0b1b8f8579ac4eacbf554639034f46d,1,0,1,0.47619047619047616
2d73afe2af1f79b3ba2bbdbc64cd9573f2dd9a61,1,1,0,0.5238095238095238
3661d5d28832854c368cbfa3d736ab92098eda2f,2,0,2,0.45454545454545453
fa4f483f16696c8f7856c690f9e4b56caf213459,1,1,0,0.5238095238095238
18568ab31e20e70f1d63246f2d53122fb4c7efd0,1,1,0,0.5238095238095238
fe323b418730030fa3c452f0992c83787cffcbc1,1,1,0,0.5238095238095238
5d8a760a2f90087f1005ba630a147d9a49f3dbf7,3,1,2,0.4782608695652174
103c4d1f41c5fb2f1ed83a21e884950f0e56f859,1,0,1,0.47619047619047616
a7789792e5396d9f9bcb354d3b0ef325998c8db1,1,1,0,0.5238095238095238
f336079008bd28783b576be194e8aa1a242aef93,2,1,1,0.5
bd4200c32e0add05ebb3f0a85dbcd267a483b26f,1,1,0,0.5238095238095238
01eb9eb5c24300afa13bccdaaa7d33d8e1416bde,1,1,0,0.5238095238095238
1979f13e1745997798a39872cc7bc2572df39587,1,0,1,0.47619047619047616
a6d8c5bf59b2ecaf461233556922c099826ef251,2,1,1,0.5
a26aacd4f3e41446e827135988842bc865122abe,22,19,3,0.6904761904761905
0b9d27a21b139a149438e95b1e467fea332956ab,7,0,7,0.37037037037037035
438933453737b9c67818b85854c28cf4eaa32c07,3,0,3,0.43478260869565216
069217a52269cfdd43b9a2e44e36307baa78a8a9,1,1,0,0.5238095238095238
303abe76d810602272f440120f2d98432190ac80,5,5,0,0.6
691629f66a0df3f852df8f588a2c181fe7675396,1,1,0,0.5238095238095238
88a787a8e770fac6d65e3a53e02ee13a1cdcdb99,12,11,1,0.65625
918445d36d9adb652e1e0415b589160c5f0aa5b5,4,4,0,0.5833333333333334
63ba495912d6b66e30d56c80e565e616c6110773,35,25,10,0.6363636363636364
f1a1bd8ab6d5809c8eb7c4c2019c951934fb3a19,3,3,0,0.5652173913043478
d3b63f8296813e106780e040ff6836ea59770ce2,1,1,0,0.5238095238095238
6e8e5e3257440872bab4fc26383cf78300389b5e,1,0,1,0.47619047619047616
c6af090fa7655b0dd9ed7efc8c4123f896542374,2,2,0,0.5454545454545454
5f14e7162056839fbcfd597afc2f9a74790226c5,1,1,0,0.5238095238095238
95dc55bcf27dfe403eef5326b87922aa5b1c36bb,51,34,17,0.6197183098591549
64202f27d7f5a00cb3c7dadfada72f0e76cb1750,1,1,0,0.5238095238095238
24f2062eb71b545e20075a81145eea5ce9257045,482,389,93,0.7948207171314741
c449a5b7c61ae66fc547b691f432b645b03a5855,6,1,5,0.4230769230769231
3f7db28aafbc9be0d144904b74040c31be819b6f,6,2,4,0.46153846153846156
7a70969041888312dd6da7402d1de3b04798207c,9,8,1,0.6206896551724138
c77f72876200f4e2f00b378283eae26d2fb1a27c,1,1,0,0.5238095238095238
4e33002e702498a78943528a849e9e63f46c2c09,17,16,1,0.7027027027027027
ad08ca0d937dafee5141f750c5eba2332a5755e2,20,4,16,0.35
c6bc9c58395ba71847b8febcfa1caf70c039a738,26,19,7,0.6304347826086957
04da4a99fcdb0e7cd0f9bf287d00135fd0ad48f6,1,1,0,0.5238095238095238
d57ed3ac044ad14cd50ab783264f26e93306a911,1,1,0,0.5238095238095238
3a83bf5b3acadefc39a9f626088c41f32948b230,2,1,1,0.5
45cdb6c0b511088ae322671990dd6b5b8f1566e5,325,287,38,0.8608695652173913
d34a46faf53e08d79e728ee530da7dcf20259bc4,1,1,0,0.5238095238095238
db06bcc955f94f40166eef72f72318e2765282cd,8,7,1,0.6071428571428571
5c7a34e45f8269a7b0e0b1a840955d8c4cb84dbc,42,26,16,0.5806451612903226
ae623a859d576c6c3be5a48b30322db66d1889d8,828,396,432,0.47877358490566035
5f631f6129a17f79f9ec42b9d8613c60728ec0e8,12,8,4,0.5625
b70319523dafb4100fc0f7918a5fe9469531db16,195,184,11,0.9023255813953488
ea6c8c92e44044292832bd27914aa69f108cf719,5,5,0,0.6
186d5dec11caab67c22d99cc3bad73478257d2d0,6,2,4,0.46153846153846156
8a034f0db7c34e5adcd462e2f620442f9394143c,3,3,0,0.5652173913043478
4b7b761a8202d28500cb0f98a69ef3b6a0294a92,4,4,0,0.5833333333333334
bfebca377d88eefc5d49ec8d1f222f1c63850fe2,30,21,9,0.62
1047cca5acfc28e447a1f0a152cdef7340ebadc4,8,7,1,0.6071428571428571
0e33994e6c87d9b30e636f4182e363f9dd2c1ad3,11,11,0,0.6774193548387096
057d9060f72bf69d8384e2ca3121ce9715f2b8b8,79,64,15,0.7474747474747475
2986294d1b67844dbbd68332bb766c758b75ad12,3,2,1,0.5217391304347826
a56a8a0394640c28e614873c1b6444ec628c8852,1,1,0,0.5238095238095238
88d46ec44510b65d8665e1a43ca847ab761c1eb6,39,28,11,0.6440677966101694
c4abb7ab962769552a55bab0cd8e8d295d421ba3,82,13,69,0.22549019607843138
dc40887031ec1f90128d77d7c311d0e196d3798d,1,0,1,0.47619047619047616
e5c513e3fe201ee16400a1dfd2cfad1430b9f5c6,1,1,0,0.5238095238095238
40b5f87a4043a31e8fb0ab8183d9965226395dd2,1,1,0,0.5238095238095238
e54ce6145e540b0562e9ffe72168e81234b84202,8,6,2,0.5714285714285714
17cfcec7c7db4969044f5b6bbb2d49595113695d,3,0,3,0.43478260869565216
22aea1e4d9eb3a10d408c8450fd9110dc29c50e5,1,0,1,0.47619047619047616
3f8db23a7a77753f21ce15ae87bc24cce0b934a9,1,1,0,0.5238095238095238
b17c9969ea3d68a6e257bd1f9389ddd3ae3b4624,1,1,0,0.5238095238095238
9934a42b28764a86e008c76fd2bd3593828a461d,7,5,2,0.5555555555555556
13474baa358b5811eb594b3cb4f4a72dad77ac93,8,8,0,0.6428571428571429
8b4f48d0454f4be6abcec23f4e02e536f65e1ab4,1,1,0,0.5238095238095238
ea5a2dc2d1655e669763b7e5184490a21206cf96,5,5,0,0.6
f01c2fc5145fa86d8b37c6d552c305b1a8640494,10,9,1,0.6333333333333333
ab1dde61c92c11e914dbdbaa29629ae020898a80,16,14,2,0.6666666666666666
449cf789df50f3677d67c93f3e9a98a02a42f625,1,1,0,0.5238095238095238
0a025d0fbb9da1b2a08be995fbbe7914c071f562,7,7,0,0.6296296296296297
46e52b6300241bdd2b24832efa3572ccbf046729,4,4,0,0.5833333333333334
dfae362494c043a2fc897303a855ae9551e2f5b0,4,3,1,0.5416666666666666
38c51ddf5cc0f3d5b70700e75f6f6ea62858a5d9,2,0,2,0.45454545454545453
1741a508f8586a18f44c0daff534f8e4b60f7e65,26,19,7,0.6304347826086957
f42b73d8452ed6887e3b0a0b97db736a26137959,1,1,0,0.5238095238095238
6dc9fe27ac550bd813e46b41aac612371fc6fd10,13,12,1,0.6666666666666666
7ffbde1acbc09d5e8c4de8927efc41bd9cd8e3cc,7,6,1,0.5925925925925926
c0176eca51eb99e8f036434256f619cae385e5ce,258,152,106,0.5827338129496403
245c5d26a2708555e3c8638be4efe469b255f913,1,1,0,0.5238095238095238
70216b4ac896bb6945183600b507f2685fba294a,23,17,6,0.627906976744186
aeed142ee72bfaf36026d4b6f343c13b9a76d376,2,1,1,0.5
a2160354a81c017d1f7a284aaf1ac98aacb230d7,1,1,0,0.5238095238095238
443953f07576f4605842dd3286e27f14c7805f15,1,1,0,0.5238095238095238
7bcd058f715b63ef5f8031bfb9999273852aecc9,1,1,0,0.5238095238095238
97767514235930b9dea62593d7b1f768c1bae10a,16,16,0,0.7222222222222222
20dcffddf693e7ace69bb341d7e33347f34d005b,182,116,66,0.6237623762376238
d9f7359299f29a00e666bf57740fc48a8dd7b6bb,1,1,0,0.5238095238095238
f794c1e6989bfc5348fa389a978169e3165426a1,35,27,8,0.6727272727272727
b7caec7f7f0ec66439cbec84f8ea8ed70182da83,1,1,0,0.5238095238095238
94f7bd1dfb5d7a90eccae7be47ad335fe2e8b619,196,166,30,0.8148148148148148
a6aa48775d6d71023840b12dfeb974fb616db2ca,20,17,3,0.675
548585e5f65752dd18b2dc3255b8b203074c52e2,2,2,0,0.5454545454545454
f6f4cab3bb38c1931982c06cc0542058eac8fc59,1,1,0,0.5238095238095238
c8e8375e7c76032d95d087a16cb306ca76ddfa69,155,146,9,0.8914285714285715
e4fdb43b7dfdbd1f3df077d44a33712eedebca21,20,13,7,0.575
facee0fc59abfc2c91bcc1434b7f59d9b80846e6,1,0,1,0.47619047619047616
34e2e974e8cefaf94489513f6e13f1f645080000,2,1,1,0.5
b17ab2dd465d47c825793f38cfd8bb3cee20944d,1,1,0,0.5238095238095238
a8706729dd04529af5b542c9f2b3bd368fafb748,36,28,8,0.6785714285714286
acfa4d36f39021c804e2d28f97a6eaf3205bd756,336,206,130,0.6067415730337079
5242ee2da8b46ba1c44ea11779fdfcfe382cc0e8,1,1,0,0.5238095238095238
bffe2227b308110e829375518978236f5853fd24,58,36,22,0.5897435897435898
5d9fa4b2209151928134e45688009ba5541733fe,16,16,0,0.7222222222222222
a9d77f4ac4328e4210f8c3d6388372bdf9f13963,2,2,0,0.5454545454545454
0a5e2a10917ca3bb3c6b7416c619bfcadd94ba78,27,24,3,0.723404255319149
0d5f04c4b00511670d9fe364e066df9006d57500,2,2,0,0.5454545454545454
348c67ba5c8ce1a5bd488b80acef5ca5ffd0328c,91,66,25,0.6846846846846847
433c32cdd68782c7d7900c53164cbe6ba3a95a07,2,1,1,0.5
394890ab71c94f526cc692e864f353e78d5b8abd,1,1,0,0.5238095238095238
da78ef0e59963cfab4b3863323657f8be85b051e,85,76,9,0.819047619047619
878de94845990fcbcd3dd6be7952c8578c9e28b8,1,0,1,0.47619047619047616
e7b76b660ccb97adc9def09206583a0d3ea8815f,2,1,1,0.5
3d4218322b88eea8094fbbeca4f1e14d0834d73e,534,427,107,0.7888086642599278
beab3346d65bca445887febe7adc3eda4e628338,1,1,0,0.5238095238095238
df892c8694e7bf8164099cc3d9a5817b7c51ed14,5,4,1,0.56
5f9e9c9f6e90e48a7d0b01ef5cbd8b670a42f070,1,1,0,0.5238095238095238
d18b1e4899a6de8a738f9894fe66066397baee0f,7,5,2,0.5555555555555556
533032165e35aa5af76ed7446a741fa6c9545e46,2,2,0,0.5454545454545454
a35590d60708946fa41d36b4a81635bc8ccfe6fb,1,0,1,0.47619047619047616
a0dcdf87b25466588804fcf2ac40b5c79ae67ae4,9,7,2,0.5862068965517241
1f5abfae5a809478c2f7431d15c8bfdb7e155246,28,26,2,0.75
cb283630e52ee172ac32b0cf7e86e849a70dfa97,6,3,3,0.5
4cc306ea9b711ddea5376cf3e027cec13a2ede58,742,492,250,0.6587926509186351
6ecb9d4dd19123b739ea5282e00d59f89aa711b7,4,2,2,0.5
0952ddce2e9f8d7aff2dddeabb5c48767226b729,31,30,1,0.7843137254901961
1c1eefe779d80e3c5d9455f402a3abab88130314,73,61,12,0.7634408602150538
422cfee2d3e55e495fbaf76fecbd6b2058f244aa,1,1,0,0.5238095238095238
6dfc636d7d7fdacedcb54e37f1ebfcd55192690b,1,1,0,0.5238095238095238
52f59e80c5e35d4db6b76a293bba6fd72bc156b7,1,1,0,0.5238095238095238
5d2ea3929da1d10eb54966d5a3939cb60f46c585,1,1,0,0.5238095238095238
1b0ec92599539f45a0f6c70c8bd96402f4573721,7,4,3,0.5185185185185185
2f110308bb315508601db6f1af4ca1bf8c19fd7f,1,1,0,0.5238095238095238
eb10b688dcb72fd390395a3a3e3758a0555040d0,7,2,5,0.4444444444444444
97462067fdaa9061c80cbb02911f560f409e7ce5,1,1,0,0.5238095238095238
e0e5dc3598e32f78206f6805db5895ca4a3812a8,13,11,2,0.6363636363636364
71dcf1cd067694343a22b500fa5e742bb451991e,2,1,1,0.5
877e8aa94ae99ed9f4aa1f5be4526a1514d3460f,116,73,43,0.6102941176470589
54eead51c7e6301dc60eb36611f01fcd6f9d911e,1,1,0,0.5238095238095238
be1d29c8f2afb0eef759b2eef1e98162c3e7ad8f,1,1,0,0.5238095238095238
a4ba77dee57a38f0d9dd54d132e761e655013ea0,3,2,1,0.5217391304347826
368f795d875a1164823dccf082d02c8f0020e763,1,1,0,0.5238095238095238
dbf8b8c37357ed4f801f8f4fb8c2b7930074a29a,46,29,17,0.5909090909090909
dc75442cdf0217d865c2fedba30256b7dc20d7ce,1,0,1,0.47619047619047616
e3f8e6dd3d757fd8c354f6364f984a9c12d70e3a,16,8,8,0.5
a988b84db90a0003e04d5362da12fc4172379b44,3,2,1,0.5217391304347826
835da9aa7e502c9b9413afd2f2b1e21c1c924e23,2,1,1,0.5
bfcfe5a9c5504c8ecf2101146da10f24531055b9,1,0,1,0.47619047619047616
589ed1160ce592c62aec00abd5e50c97c1a37426,2,2,0,0.5454545454545454
78c4c2bc7dc96d2837643f8fabd767734a5a944a,2,2,0,0.5454545454545454
b4686c7186070fc8b58f73f98802c5981dc38665,7,7,0,0.6296296296296297
581555ccf2b8a171db04e218d311b9cb2db58feb,3,3,0,0.5652173913043478
909c3cb8ef0b6d4da209e834b6742a171b55ffe7,2,2,0,0.5454545454545454
f717fd32fb17368d9975566e68d1757835977f6c,1,1,0,0.5238095238095238
3d5be3394ea65ddefa6d91d2d22603fd6bf1033b,4,4,0,0.5833333333333334
dfbfba8c033993aaf66945b240860929f59fbaeb,4,4,0,0.5833333333333334
ab2068d3ad731d61aeb022f74e0f30a74a704851,2,1,1,0.5
40153d194241dc59c4f6289a8dcebb7834295a2d,8,4,4,0.5
ed60703c3c2b8e20e592e1610d6eba1bfeb24d87,2,2,0,0.5454545454545454
857296dc951fd75f65419eac66ab99da1d9e2f96,2,1,1,0.5
42627bb8356967d74fec097651b2ac182608d942,1,0,1,0.47619047619047616
ab77ea90f3bc317485d8aed5a99e6b3c510a4f60,1,1,0,0.5238095238095238
e31920570d20639098f4b078e235a08e53f1ffaf,5,3,2,0.52
1636142cac92f19b61457cb109888dd46944b5c0,17,11,6,0.5675675675675675
d22f07c0cb57d56aff5506e31c8d529c4147c225,1,0,1,0.47619047619047616
9f85b03cf6ae9b3a16bed70f7197b0b333c518db,1,1,0,0.5238095238095238
84cd36667238afd3e4cdfabf516676dbf969af5b,1,0,1,0.47619047619047616
01fba046c3480ea59d0daedf84820e5c83d763c0,201,104,97,0.5158371040723982
98e07a4c8d59eccba804315cbf833b7db57455d6,4,4,0,0.5833333333333334
be51b34a102c4840395ec4fc0657c2e6683d4386,1,1,0,0.5238095238095238
38ec39921d905bb55d3b0d02ec4f8adb36fe9175,7,6,1,0.5925925925925926
fb0dd98adbcb2fce67954d5103b0be68eedc067d,3,1,2,0.4782608695652174
c475ae2ac9f87984116b956abe21d21a3d5210ce,4,4,0,0.5833333333333334
a312abaae28b5afeb048ad7ff8da51656675ed04,163,134,29,0.7868852459016393
21a86a5183001e257ae6d522f35555c3737b31bf,1,0,1,0.47619047619047616
faec3c20052544b572d5c83876c74c2e5ae76dc1,2,1,1,0.5
bd9b0a40e6356007275bb0a08b344e45167468d8,5,5,0,0.6
fe3bd6b0b15993822f22cbfdcb9fcf9f192a5e17,1,0,1,0.47619047619047616
76f565b46cdec212ac48029f6142aab792aac79b,2,0,2,0.45454545454545453
eb177c6ed585eaea763cc6a44255dcd22977f219,5,5,0,0.6
417ca89b8c1ceb3fe7e23987677a223582b8cac0,1,1,0,0.5238095238095238
032744cd3657affb53e4627dfbf362c69c895487,3,0,3,0.43478260869565216
6c47aa8e56829742cee9f0a512a55d1f8d5b8ad9,8,7,1,0.6071428571428571
bb85d5f8f3ad746c818ffee03894c09b12821e6a,1,1,0,0.5238095238095238
81214e4116dca60294d7820ad67dac1dc531942d,1,0,1,0.47619047619047616
ade24d4673742d43fca49b9bf7ab484dacf78bab,1,1,0,0.5238095238095238
c6ce13ae55cf73e659e0efcffa86e01ae3e29025,1,1,0,0.5238095238095238
2103cc061a8c016833d69a32432374611d8e29bf,2,2,0,0.5454545454545454
749ed95cf953d6e61b79b1892a8ca361206c30ac,164,64,100,0.40217391304347827
e12d1fc23eddc19f8420c051d9201bcef489e784,9,9,0,0.6551724137931034
1877aacf0106f87d13548ce3039c9a97f3d991d4,2,2,0,0.5454545454545454
5f6d532f2edafa09edf556412951b8dd700723e3,7,7,0,0.6296296296296297
869ff9134e7023142ceed99fc12dc71d4812034e,3,3,0,0.5652173913043478
809fe31a30bd7284d347d4a8942714ec5b070ef5,8,6,2,0.5714285714285714
05d65a25564d191398dbcc9fa521b783bffa9456,1,1,0,0.5238095238095238
fa3e55adea88135a56b92fb263f4139bd172532e,1,1,0,0.5238095238095238
6ef887ee61e1b804307059940446e65411350e52,2,1,1,0.5
d733ac7b5578302e802fb60056118fcc2703af7e,3,2,1,0.5217391304347826
5815b4e21f1bb630f98a5554d60ab74c60e48acb,4,3,1,0.5416666666666666
f203a87d9e895612dcb5cb0aad45d35686b30cc0,1,1,0,0.5238095238095238
5a037e27ff0f9b9b90f942c9956f251c1ff574e2,7,6,1,0.5925925925925926
309d97c14f7506735b73fa2e0339d631504bfc85,14,12,2,0.6470588235294118
a31df14d785c0ac326f19d8fe8d2e73d40256788,16,13,3,0.6388888888888888
217239ea9ba38c002a2eeef25ca501dae57703af,12,11,1,0.65625
de271033667ada5b9011f7f4bffdd61fd6edd987,8,7,1,0.6071428571428571
3a4a54f49fd0a9baefc7c73bd59af0dac61187ea,23,5,18,0.3488372093023256
2d76a2af2b3fac304e9d4e97c3aa992d145fe92f,4,2,2,0.5
8c1b63132ecd911fd47558a2d66fe81f873a69e8,1,1,0,0.5238095238095238
6588273ba2790e9c168b9643bcdf54f6c63c74dc,1,1,0,0.5238095238095238
aebaacf45d03b182422572719cfb9aaf438dc60e,4,4,0,0.5833333333333334
11b54a78e8adccd4ee465e6c7e7a9bc3c90b9549,1,0,1,0.47619047619047616
de2def425eb82c2012bff39474cdd66c6739db1d,2,2,0,0.5454545454545454
ebfd74ec90725cb245815e29c36411abacbcbd12,1,1,0,0.5238095238095238
5563b533e43923d50603a336ff54cd45c0f80c8a,1,0,1,0.47619047619047616
fdac6ef6bcf4c1a66b2936506fe29b584ec1386a,2,1,1,0.5
df786a4af5a193496d189e638b4dbef401274885,751,204,547,0.2775616083009079
960c9a6a39e4bb37f05fc23944d58b868761e9b6,7,6,1,0.5925925925925926
cbfa4796a1a020094a8205eb83fca30befd50b9a,1,1,0,0.5238095238095238
d38dcdd51d738b84824264ec6f0985d905c6d86e,30,17,13,0.54
c1dfd07080b5ab6fc174ca51dfbdb890c091b002,1,1,0,0.5238095238095238
3decf4954795c7b93b2a8c99df3f6c398b95112c,5,3,2,0.52
72c175aebc62b247a108753e7c5e98252dca1c17,25,19,6,0.6444444444444445
d8c799db9a932a0c31ee173017f9979372839793,1,0,1,0.47619047619047616
d8cfcdc8478766c7efd29ef40cc919104bbd7869,1,1,0,0.5238095238095238
1d60ca3f020419ef9fddcf1f4f926595932479f1,170,150,20,0.8421052631578947
1e7d41dc4015371a8deabc0fd2f4373bdcb2dffe,585,421,164,0.7123966942148761
20be269a9223fcbbb25d0d59172273ba27274659,2,2,0,0.5454545454545454
3a51182e40b3c3a94886f5579f557d0e905f084e,29,23,6,0.673469387755102
91c51bc9145b2e1dec47741268fdc4cda9ed5b99,3,2,1,0.5217391304347826
d9ac49c38487e2b652e2dab7e5a7a0d06a5a1cd5,1,1,0,0.5238095238095238
025161877541035a505da844500ab7c52a2ee29e,1,0,1,0.47619047619047616
59eae16bd8e3707e4fd4c48fa7c7881b8c1de898,1,1,0,0.5238095238095238
1e8dc490e8c2328d6f039089d7ade17a8d354bb5,1,1,0,0.5238095238095238
cb60cb7fd11990907b6effa5f2858d342f9b49b3,2,1,1,0.5
f748496b355c1568639f1428c16285fdec8e82cd,128,91,37,0.6824324324324325
8b78c0997a37c11bb5145dcb58366bbec9633098,60,4,56,0.175
37d8adb4f2a71f5149bb20940892274dd46dbacc,11,10,1,0.6451612903225806
9261c3b17e5c38be8b4510c603cb7a274b36dcb4,76,57,19,0.6979166666666666
869d118643c20f63a4b68e640a3af790c3908c9e,3,3,0,0.5652173913043478
b5dd5bcc64028cca9c74be1006e354e76df3ccb3,2,2,0,0.5454545454545454
2824ad9a4bc19eaab7de6fb66ee82a458cdf1b9e,5,3,2,0.52
70b9d0e6593200d9fe3cca7ace051445c44c3e41,15,10,5,0.5714285714285714
35ea778f12f893377b543a474bc57cd0f9207de0,2,2,0,0.5454545454545454
45b84ecf67de9b6a5d4b1a8da9c557cb6877a580,28,20,8,0.625
bf3b18b71ced8bd6391d0ae752e65213d5466564,1,0,1,0.47619047619047616
311c4777c3679dc7b545819d97fd8de71b033813,90,50,40,0.5454545454545454
333a1597bf7a3a7da5b12993320cecac1bd9e801,4,4,0,0.5833333333333334
c7935967df825cfbd413f6f39c41c00691e0ac9a,111,68,43,0.5954198473282443
fd4149c740b1b896cb848eca8c73733c9c1ab54a,1,0,1,0.47619047619047616
c62661cb36a873d8a7f2e0b2f185f6f9fac9f88e,1,1,0,0.5238095238095238
6c409f48f28cd6cc6278c93a5f3654c30a10d306,1,1,0,0.5238095238095238
1543acccb7fc888ebe896e05568d2e4c96fb3c12,1,0,1,0.47619047619047616
24816dc5ef179b659f61ce5bdbc670642a9447ef,1,0,1,0.47619047619047616
9364bfd0b3bde3a244b4c368588525054676e7e5,1,1,0,0.5238095238095238
99545f0ffe5630409dc226fbc17c68a7d3d33293,1,1,0,0.5238095238095238
786dc2169360fed6bf9f6b588521b6d3c1f37019,1,1,0,0.5238095238095238
9f15d114c7767816d681cb84e52a2797433feaff,39,32,7,0.711864406779661
e6cd186ae7d4d6291a1f28e3a3dd2a600b2da966,1,1,0,0.5238095238095238
66cc93fad5a6a9570afc05e45b47f2548cec41de,3,2,1,0.5217391304347826
fc8cbd5aa5b56f7ab0e3cee4a8a57eb315575dce,1,0,1,0.47619047619047616
bdadbee2da048ee2a3cba61c54d04f748889f2c2,24,9,15,0.4318181818181818
8b47eee126a4452c21fd9229586d60d0c5036ebe,1,0,1,0.47619047619047616
af54cca30eb59b6d188b88d56a418928e6f6a941,2,1,1,0.5
dfcf9de40e6ae91b295359c478253d9320b3cdd4,227,194,33,0.8259109311740891
32af226d80dfdc601a0744fa853b49801d87321b,65,11,54,0.24705882352941178
b5ad1b1d0112c6218009c1e8f9148d3aed7f8adb,25,20,5,0.6666666666666666
fd73edc79db7855357b20d6fbb2ff781cb2e879d,2,2,0,0.5454545454545454
a99175ecf7cb742b3a3cb9830108fefcb8e7c32f,1,1,0,0.5238095238095238
3a8a42281cb4ae45e5205c9ada439a095d0d7594,33,31,2,0.7735849056603774
fea5117a025b03c101045eabf989e7bf9927ff7e,1,1,0,0.5238095238095238
a5b3fd87246bbf24e6634541a569ccbf4352fca2,5,5,0,0.6
ee512c4a36f4af8dd75a4793db4fdd3749fd3b54,6,0,6,0.38461538461538464
adda24645c9ec94da41636592ed8b1a902d65897,1,0,1,0.47619047619047616
d452fd39fb1cc7947c7c6b0b9ba0b93e5e0d9849,29,24,5,0.6938775510204082
022d471aa614006427a13ca56c769af9a44490c1,47,39,8,0.7313432835820896
2917e368a72520ae8d3a4797ed88c0ff0cf42ca5,31,7,24,0.3333333333333333
fee37f0fea13a309879f79ea05dacc9e1252eb9a,23,22,1,0.7441860465116279
040d26370ddfbd7ee0a8468174fdb6e8f573ad2e,1,1,0,0.5238095238095238
50dd620160914908d12e2d88a68136d2bc486857,4,4,0,0.5833333333333334
8b9098e0e7856f055791fd9043a56ae02ae5de61,57,54,3,0.8311688311688312
176f7f49ca9ef22f834b6e303bac7dd92ed99fe1,3,3,0,0.5652173913043478
81520eead595693afb191a78f13ef8d8531aa088,14,12,2,0.6470588235294118
b1151fa5d526d75fb4e347e6dc26be0378808156,2,1,1,0.5
e4a71083c0da936080e481b7eaba8409fee23f10,1,1,0,0.5238095238095238
e19cc1ea0db47458e15d568bc56e4e411d0349ae,1,0,1,0.47619047619047616
3ed7f9bbeef2d873f658ea827fb840bda7509097,1,1,0,0.5238095238095238
421a48d93a5bfdb4b746737015982788145b7462,1,1,0,0.5238095238095238
437ab8dd3b04be61cc0c2fdff5fb380698934379,1,0,1,0.47619047619047616
4a4ca129f42cd9cb24c50cfe7ba406e116c97c08,1,0,1,0.47619047619047616
2eb84a74607ed8db0b9080135aba3487d9cf92a9,5,4,1,0.56
7a212c7fb7933ec19106e39cd559f86fcf80b253,1,1,0,0.5238095238095238
60d51dff7695fc881cf88e3ae18c5749c8d6b855,6,5,1,0.5769230769230769
2d1aa112d7ce268b6e7b887d3eb75f6cd213cefd,1,1,0,0.5238095238095238
edfb8d151b4313c1aa3aa7844f56ba89657cb604,3,0,3,0.43478260869565216
f429fc4c77bf8216973712d3637865ef7ee62959,23,17,6,0.627906976744186
57025702d94badaacf4959c7d01b62089e82199e,8,0,8,0.35714285714285715
e4f6d6a8e96f9d4025868a4d3cd42fa5b3d61bd1,19,18,1,0.717948717948718
a997d680b40e82e3da2674d5a0e6bda9e8df88fc,2,2,0,0.5454545454545454
8c84b9820534698f1f53d3f546cddc8b41df83b2,1,1,0,0.5238095238095238
f60342da9bf17c0ce3b36b55e4dc19a8b79587ed,1,0,1,0.47619047619047616
8fa6c4dcb738c7155c8b256e083b3943ac6a9115,9,3,6,0.4482758620689655
3696a7cf729a58bb0cafcf05a741023ccd24d688,1,1,0,0.5238095238095238
534bec353b8da2072d4f8d467504a0a583849f89,1,1,0,0.5238095238095238
a52b0d0a808629bef4311a43ecf19ed9517392b6,1,0,1,0.47619047619047616
48931aef24f16cb6db933f352733ee63d7e938e5,3,3,0,0.5652173913043478
5cb624478cc6ae67652f499ce9755ea59eb93453,5,5,0,0.6
d98227319af0a1cae78ee62297a94f10132bec68,2,2,0,0.5454545454545454
d8d73fdb3575881cfb5bfd4a155e30037c5e193c,1,1,0,0.5238095238095238
97f0b1210e3c2f07775adc1ed1792a22b83d4d44,2,0,2,0.45454545454545453
20912bf0554b7d1f0c901c199e4dc3c1ecb86776,2,1,1,0.5
959db6c7df0ff111dc4dfe89580c9ca8d3da0e3e,2,1,1,0.5
f3db08c5445ca94addcf6f24d4c12d4c2b24a545,1,1,0,0.5238095238095238
f7e7b312d93227e9875d4d01349d223f5ccc010c,1,1,0,0.5238095238095238
682d062fe32e0397fe805d7f9929174efb088778,2,0,2,0.45454545454545453
ff73f70466906f559f4d86825394d38bdb597e0d,6,0,6,0.38461538461538464
dde13abf1378b34dcbc9868db1d3ccc1ef5c4395,1,1,0,0.5238095238095238
c148c43eff53a6d03143cea72013c1fb9bc1637c,1,1,0,0.5238095238095238
a1ab432cd035548074088f9b85b67419d2e14139,248,214,34,0.835820895522388
6fb63d7bb704aff6f9b387586f953ea8cf265642,1,1,0,0.5238095238095238
02ce2ffdd93bb3114ec64129a63b721981d980fb,2,2,0,0.5454545454545454
eff309e2bc7a83003b231cbaca5dd73b8adcd8b5,1,0,1,0.47619047619047616
5e658f49ceb2643df055313fba645b9f0637e4d2,9,8,1,0.6206896551724138
11db92bc947d4f2fd6f3e8bbdc0327e867d232d0,56,25,31,0.4605263157894737
922b96fe9609c5c3ea8642caf6d8e8a165c771b1,1,0,1,0.47619047619047616
7e3ae7c9c436ce3645769a22925286714ed7548f,4,2,2,0.5
c98f95230d2570a486993dd8ca15b15eceac3541,1,1,0,0.5238095238095238
88dc41ae55594fa580c55ecc61e7090e6a06b29d,1,1,0,0.5238095238095238
f75ae7da622742d7da29bb46514411839c5ba048,3,3,0,0.5652173913043478
53e1e457f0e8d46d04a14783950cc4ffddd72d64,18,9,9,0.5
809fdf70926234cd17ac6f3c1b3e965ee9d8874a,3,2,1,0.5217391304347826
f1a9f238c1b318573b1659d3bf97f10da29bedef,1,0,1,0.47619047619047616
72425da94595d6ec8cd32101a7adaa552daea06d,6,4,2,0.5384615384615384
c384288c3642ea55228b947bf3a140d0d8386a4b,5,5,0,0.6
ce28dfd76b248373b418f20d931ea90e42af7c92,1,1,0,0.5238095238095238
9fe87cde2b4e0fee06bf216d70c42e6924fead71,3,1,2,0.4782608695652174
8efbd0319c6a4ec2e22db2300f1fa69231f3a266,3,1,2,0.4782608695652174
39aa1afba2d076f3c471ce17a455c8433afd21ba,70,65,5,0.8333333333333334
1e72c0282ac1ce967ef9b7c8a77614e75d0c5ad4,14,12,2,0.6470588235294118
0a614f0611abbf39e8f1a51d58ee2e8719929357,249,165,84,0.6505576208178439
1706b3549fd13e0643f5e808baf04bcf6e15302f,48,41,7,0.75
b782fad3fdad3ed065d0fef4890d0278c83b58df,6,2,4,0.46153846153846156
89e69a1114c2bbb71a369d78cb8c37694a744bfb,1,0,1,0.47619047619047616
536990ac423f4bbcaa9feff217f786f3797c1d1c,1,1,0,0.5238095238095238
e42baddfe3f7753f15268c7692f2b124b483751f,4,3,1,0.5416666666666666
1978cf95e4fb79b15f5559c97f242294aa0677f3,2,1,1,0.5
e168116d78d366dc70f360a7e6ed6ba72ce3439d,1,1,0,0.5238095238095238
833310289cae9807f10f50bc62fbb9fbbfcb0cc5,12,2,10,0.375
89bd3edd6ff124c672c0f92976c80f648354cb12,3,3,0,0.5652173913043478
97c99564722081e03cfcd60a587d177ec47e22d2,10,8,2,0.6
f09b985bf0e3c1741c41bc1abd599c6ae36d4724,58,57,1,0.8589743589743589
e009193b0d635c7d8a7b5e83192c00641b55bdff,1,1,0,0.5238095238095238
8755c084e98b5aeaed7a5d5fb286495adacc84d5,20,19,1,0.725
4e2e57228dd6abe456618f778d8f61dce727e0b3,1,1,0,0.5238095238095238
d68f500363f3940fcc5338c347ae9382a141ea9e,701,437,264,0.6199722607489597
89b5767d0437e2f6aa69713a1b5b30f51facdb60,3,2,1,0.5217391304347826
61d28c7428255fb1ae2a1a3d57054e82a4eb8475,3,1,2,0.4782608695652174
c812b52afcc786dc77c5a34198592925f7bac0bb,3,3,0,0.5652173913043478
369cc7e87431c2cf96b9455982559710564cda2f,5,4,1,0.56
66f494db28a3f67ec5155755c6db07cd46a11514,8,6,2,0.5714285714285714
545cf3c8f7cd29e2c9bfa493cd6332109ef3e3f3,2,0,2,0.45454545454545453
a3ed27100df5b9c1bd601dcc7ef93eded0c7dde6,2,2,0,0.5454545454545454
1737c1678b706c4bbdf3231ce4346aa59e493a26,47,31,16,0.6119402985074627
cf47dff7b6a2e225f438b52a698320f59f4663ae,1,0,1,0.47619047619047616
e6aa947572154bb6ae15df2420336afcf547e9d6,7,4,3,0.5185185185185185
a95e7ee979fee520a20be1a4e274b6e9ba522101,656,344,312,0.5236686390532544
a97a03711bfafdd258cde5f8b5c49cc819f8b16f,8,4,4,0.5
fbe7c5797c31e19cd5cefe89a6c6738e053d3535,1,1,0,0.5238095238095238
bb3a2b6c1ad7c3664f6c63f1336eefe2364e9559,1,1,0,0.5238095238095238
91cc8c33a4c64eb33f690f94230849c89e9e46d1,6,3,3,0.5
44609fb989afd85a337f3111bb1ff1c20f8a3d23,5,4,1,0.56
fae7d077606d9cc14ba2879c9ed5bc67dfe5e7e8,1,0,1,0.47619047619047616
336a7629864a2c6f99bf05d0319063d837458e52,5,3,2,0.52
6c90a6589b74cb44c401751a891913c16cc56c48,9,6,3,0.5517241379310345
3bd6dac4435718425297e4661b844cd903b01654,1,1,0,0.5238095238095238
25c258e5d3001f14edec1613010afe9c527b8ace,1,1,0,0.5238095238095238
392b02f3c802467aecf93950f9143f779c563d04,7,6,1,0.5925925925925926
8d21ee45e93773275dc60b60a7ea67c56365cf55,1,1,0,0.5238095238095238
cd5fa0ebe25ab41bf3446e5204453fc0759783a3,9,9,0,0.6551724137931034
68607f252004ebf638a012a8a618679e59e92c53,3,1,2,0.4782608695652174
fa822cedb7ffcc7c095a250feae1aca6d376e5d1,3,1,2,0.4782608695652174
e638984d12f71d0a4221ff6e0725a826ba38314e,50,44,6,0.7714285714285715
6d215f914f5ce94e0452472f77031e0b5ac2718c,9,7,2,0.5862068965517241
473752e16c2a4a1aab771c4cbef9bb452d40a5bc,5,1,4,0.44
89f2b1b04c637c5188abefb5f4bcf4ae04802a82,25,15,10,0.5555555555555556
324df508a5865bb9365b52c38b04bcad6e1e133b,28,27,1,0.7708333333333334
e053b1fb00d106460a4d48afa0458c0a6304eb27,1,1,0,0.5238095238095238
1afa4962432fed05dc2d8ad4d7b8d64264c61b7c,3,2,1,0.5217391304347826
0016066e3642eb1f5bbc3df60ebe11a555f89bc4,1,1,0,0.5238095238095238
1eff5860d834c6f1dbd74b2a25b20cab8b2191ec,1,1,0,0.5238095238095238
caf376a2a6d9945baa4370c1c0980775fce01fe3,31,22,9,0.6274509803921569
a767c76e6cb0b0a4fea76b7a204879e530bfb4e8,1,1,0,0.5238095238095238
f51acbebe1be07dce2019fdcd392f37f0e6f2aa5,184,130,54,0.6862745098039216
c78b3aefa264754fe316e2b1170c4b5bc8e00795,7,5,2,0.5555555555555556
1d9912c11b95590223104f7a6b90941c1363e148,3,2,1,0.5217391304347826
b0d83d45303aec2a427ac6d53a8e74d36135b1b1,1,0,1,0.47619047619047616
bab7d54f7b545fe02b7678de04d23f7162da4eb0,2,0,2,0.45454545454545453
74d818ee275eb6b97723c7416ff7b7766ba8a56f,1,1,0,0.5238095238095238
f0567cc684ba5da7bafa20b97a8ae92bc348c547,1562,1150,412,0.7332490518331226
af98d4b2111e8067081dbf4ac40ddfd8f3cc3d8c,6,6,0,0.6153846153846154
1ee18773229bcf7f5003af6685e5040002f34441,159,114,45,0.6927374301675978
2167678baa1a5ca8b4d0b6c9a7b6f9589ac7860d,1,0,1,0.47619047619047616
40583ec59bced39fffebc7d6234899d8e40a8a0f,1,1,0,0.5238095238095238
702678e5ad805e2f17ed123e1b5a966e3464086e,6,4,2,0.5384615384615384
02543f0ffba360c74c4541442041c7a3771650a4,1,1,0,0.5238095238095238
7a96ee15b5514d2ea1ad10a1c49bc258d51cb6ac,1,0,1,0.47619047619047616
3c714b85773eb4d2870063f1b10ee58f36961d3c,2,1,1,0.5
97fe7c6ac65698b8f7b115412dd38d1261bc3455,36,29,7,0.6964285714285714
166f74021f91b8878c4f40fc7c9c9b415b719cdd,12,10,2,0.625
98c96aab32e835ee1d6513c5291dab7b9958b26e,1,1,0,0.5238095238095238
1d0c2cdf77b3d2a91accdb4c15fbabbfbf894200,1,1,0,0.5238095238095238
d39955ce27d34a000a61c88a5c2faf07f623e134,2,2,0,0.5454545454545454
8601e000281037ac70f2708c0ff7d6907ec33068,1,1,0,0.5238095238095238
4be2fee2de15b69ec2203c5b13259572b0f70391,2,1,1,0.5
36d5c0f34b1382297ebca1b1b68417928ead3242,65,50,15,0.7058823529411765
4662d6e350956dcd6954ca688eaba33fc6fd1074,3,2,1,0.5217391304347826
4f873968eb67c1c4abc23e989357d67cef9a3cfd,1,1,0,0.5238095238095238
2878311bbce636868beeaf142094bcc225ee7bc7,7,6,1,0.5925925925925926
39f9bf55246aea85f0d52b17661a94b21264b454,332,265,67,0.78125
1455cd532bcb63f5308345dcd0adc6212ce67bf3,2,2,0,0.5454545454545454
99c9d98430dc2d756cb6b1c3fe5d8dbae2182f07,76,54,22,0.6666666666666666
8fd2a704905b905fc921b0fab9a86aa673653c18,6,6,0,0.6153846153846154
c650901328665b2e361885068f3aecccd3bcad00,2,2,0,0.5454545454545454
1524b7458d8919ca6c30d3558aaca8f9d5fd2add,1,1,0,0.5238095238095238
f36e622cd3111943da72b992e6e0918d2fdfd3d5,1,1,0,0.5238095238095238
2cd9b3b773cc4ea9be6415730b06c1aefb8965bc,8,7,1,0.6071428571428571
098cc5aa4e8da2782a56efd1d55bf838ee8bf17c,69,57,12,0.7528089887640449
a452abf0007e157fc40b0d99cf8c8dfdb6f42022,1,1,0,0.5238095238095238
9655d1bdfe9a0aeeb9c5dc00f43eafa4954f9b63,3,3,0,0.5652173913043478
d720521eda947a41e1bc70dd0222b9158d68925b,2,1,1,0.5
d8f77a10e06dd13c34c5eaa81047c79289ee91a6,6,2,4,0.46153846153846156
7ee80f592d3f599c1495553232f344fbcb3a33b6,29,2,27,0.24489795918367346
ff3dae0dbfa8e5968e7917f6eeed70bff2450fd1,3,2,1,0.5217391304347826
7dc0cda7c6d9a92dff6afb2545347194573b408f,1,1,0,0.5238095238095238
c049e5aa1f651e27ca67c6ff3e4af9d734c32422,3,3,0,0.5652173913043478
3486b53381e80d1c2e8dc0feaac1a0f651c48c1a,80,67,13,0.77
cf35eb38024be7102909d9ab82aa7242887b22ea,44,40,4,0.78125
50ea0aff51409d3774de00b56e16a46663c7d468,1,1,0,0.5238095238095238
ac863b6f2c3521ec1cb17a3da424acfa60ef7779,1,1,0,0.5238095238095238
e81ddaa98b39ae10de7d0b68da3a7719db73ec68,2,0,2,0.45454545454545453
a4c861f90ca21b92434ba2da8b7f2758e5fcd8aa,1,0,1,0.47619047619047616
fe7e59d68a016e0682bf67caafa92082296115a0,1,1,0,0.5238095238095238
bb69bdcd9bca12c3b3b308f4cf2e6e13ff7cfb18,1,1,0,0.5238095238095238
9910d694948769b9c0321c5fa11784abd63656bd,1,1,0,0.5238095238095238
a02052a8f39e1ff2214fc34ffb26f1757f6e05d7,1,1,0,0.5238095238095238
bfe2d7f9d3da11e709fdec00e7175ea16b13f77c,451,320,131,0.7006369426751592
99021990f28b83837808c73eaddedadef4e48aaf,50,43,7,0.7571428571428571
e1f750c0e12e861575fe68b854b5807b612d28a1,2,1,1,0.5
ddfa63f3d93ecfecfe3e509f42842deb5132cee1,2,2,0,0.5454545454545454
c3c8bab0ecde4be826f04d91ad3acb8aeccdf392,3,1,2,0.4782608695652174
a0e4384a573b5871185a1c1c455104465ce5853b,1,0,1,0.47619047619047616
0a770a3ea32eb53e9e69ba9c44e0ae0cce74d64c,1,0,1,0.47619047619047616
a55430c1b79211d6320e040f895c6c1568d445f9,1,1,0,0.5238095238095238
011a66e853c0eb21b2539042b24252c6f5c7b5d9,65,63,2,0.8588235294117647
b78b314e112d6b87bf5043646ed4e1ba6553e08f,31,26,5,0.7058823529411765
83d8e6fbb3db7d6d9faec838aaf47a070692ada3,21,18,3,0.6829268292682927
68dca7918e2461cf2452c4f10a5c15fc90356583,32,25,7,0.6730769230769231
71fc89c6e91ab630c89d26e1df1ce0c50f0feefa,1,1,0,0.5238095238095238
adea7382bbc7117d9990d6e5079d1fc60acc2210,23,7,16,0.3953488372093023
cb20f975337a3e39603aee862684fdd53f181862,1,1,0,0.5238095238095238
86898ebfd3ac8fe0ccbaeaf8455fe776e492bea4,23,22,1,0.7441860465116279
a3343b06091c571d939fee8623afc2a1def28ddc,1,1,0,0.5238095238095238
e8088bed331577da27dd31ef2c3fae0b25308492,13,10,3,0.6060606060606061
d205457dbab28ebb9ee915dd2932ce447007d8e7,1,0,1,0.47619047619047616
fa29773402372e780375adc245486b1dab33df96,2,2,0,0.5454545454545454
620585bf8348a2556253b475d6109c6cb46a6923,3,2,1,0.5217391304347826
aab2cd4d32914d98941bc15c4afb151823602473,1,1,0,0.5238095238095238
6bc77a6e88f2f6e535ee89578e5376f27833e92c,6,5,1,0.5769230769230769
f6ffbe1a6ed23dedfe5232dca0508701626a97f7,3,3,0,0.5652173913043478
9f63468facb0d9d3d30fc1084f808c50922799a0,1,0,1,0.47619047619047616
4ec73e8cd2a2873342d852bdf70d58c6453162e9,6,6,0,0.6153846153846154
adda3189e4889521bcaaafde50a45dedcb5acdd7,12,12,0,0.6875
de56d66184036cdd8071d193dd236811dd3d67c2,3,2,1,0.5217391304347826
99802a4668bcc662284d9d60465fd7864624100c,12,10,2,0.625
77ca930465be9ec4fa7cc7ea1c0bb0f049a5810c,10,3,7,0.43333333333333335
52e1c454b82ad87be67366e8c7b502c4a9096a77,6,5,1,0.5769230769230769
585af1805b18c550b7a57673d53897f0ca71e194,1,0,1,0.47619047619047616
cee42c495685eb2001f388d302c50ef272ba5f18,560,497,63,0.8741379310344828
0192587d0328e1d2f1469e19f71b862098c60600,15,11,4,0.6
208e37cbd1303ef59a2cbf4b28f0ffa6f8aa9cfc,17,16,1,0.7027027027027027
d1e9b702d3f0c4afc911382b55275f651906731f,2,1,1,0.5
c560843f98a451997b2f0d9ae20e955c63066d75,1,0,1,0.47619047619047616
7ce211f11864b0dfd31afbac6fae8df3463fe024,1,1,0,0.5238095238095238
90541b45da2e74476e7506a8c975216af4d9afcf,1,0,1,0.47619047619047616
791793a05fc8d1e6e767884cb093ca9fd84619d5,1,0,1,0.47619047619047616
ae8c83f9fae38f8bad79953bbc5a33bd5e5887a8,3,1,2,0.4782608695652174
01f70c5719d46757a40beb4d2cd15d41b21a6b80,1,1,0,0.5238095238095238
90f367ad61febfb261bba1f10c955dd9b705ac2a,1,0,1,0.47619047619047616
67b5727774400085a8c46359973a500f89ed5108,69,56,13,0.7415730337078652
6e1fbc2ee52dd6febd956323bb492c3ba113030e,1,1,0,0.5238095238095238
031a988700e3226a6ff28dc430b64f7db43789de,5,5,0,0.6
e5efd919b549b9202d4082a1aae015791469d50d,1,1,0,0.5238095238095238
914ab77d6142dfbd225e7b14cd0455b5a6bc9f3a,4,3,1,0.5416666666666666
5a1ae35638f1e08b2ec1f6bc55d1de273e6ae982,8,4,4,0.5
d14fa6e85714973928b8162f9a3b4c9603418284,5,5,0,0.6
96dc365fb610679dfe48777ee95e445ecb7938af,1,0,1,0.47619047619047616
75f611ae661eddf52232d13580b3df647a6f2559,1,1,0,0.5238095238095238
5a70626b1b8cedcde92fc3c677958df41a4a711a,1,1,0,0.5238095238095238
567c8a2212d8081369c0dc72e8be6c2ff50e5a8d,2,0,2,0.45454545454545453
fff2022fae7ab95453a2714f08c158c886985341,5,0,5,0.4
35e54bd73e766c6de104bde4fdf47852f4cd573c,1,1,0,0.5238095238095238
4ccd27177bc91b4608f16214b3545e60b7b71e15,1,0,1,0.47619047619047616
159b67ffcbd1225fa9b57d8085372cc59fcef0a3,1,0,1,0.47619047619047616
03724ad6a4fad44b027462f6582b33104db7ce53,1,1,0,0.5238095238095238
1b06beeb7057a2b4cce11b47b9304a4bd6bb265f,1,1,0,0.5238095238095238
ec694acb38f0b838c8f745640aaa5859e4988f35,2,1,1,0.5
8f4a2fb0ed9fa3b28b0f779a89435d0fcbc7ca83,2,2,0,0.5454545454545454
bacef647a29e1d793ac26ca2e540fedcd8b472b2,2,2,0,0.5454545454545454
9b4df1c82e6aef0b5471bd75af952a6716c093ee,489,354,135,0.7151277013752456
9baf0ac17ff28f23f52ba261115ecf108d131565,2,2,0,0.5454545454545454
e985718d8a8515fc4891fa54eef10fa30bf300a8,1,0,1,0.47619047619047616
545e848fa1a1c237d68ea6d7d999e7bc7f87ffc1,20,10,10,0.5
05db4d62b8b86825bd6503e3001636ebc7849323,1,1,0,0.5238095238095238
03a6b7312e47ad8de02d4555026237ce0493d781,1,1,0,0.5238095238095238
49fbb5f7adde7ac8c7925751544bceb442703eaa,2,1,1,0.5
6abca94ecf155be3c64232833f49d27a879dbd01,4,3,1,0.5416666666666666
f3b9ec9e9fdf732dadd6375cc4fe1d0d781547f8,174,148,26,0.8144329896907216
73622f60324dea49fa216b6d9f47b01068b78ea9,1,1,0,0.5238095238095238
1a23fda441ca247ef2556c4852bcb4137f794c43,7,6,1,0.5925925925925926
de747291c4f79ce5b6fc3c2626b3ff18bdf68051,1,1,0,0.5238095238095238
5bb679a0ec1b1cc73a47ad67eec01f0e7dd7c35d,1,1,0,0.5238095238095238
d3c1b687033760661e8d901da78e68c1568b3828,6,6,0,0.6153846153846154
d5c8a3e7678e8856c503c3e502a13115a36143a1,1,0,1,0.47619047619047616
a50cc9cbec5b46951fb37e6403607547e85719ca,2,2,0,0.5454545454545454
12306e56b67f2c3b65724537b422f1aaa7e2c76f,2,2,0,0.5454545454545454
3e01baa57ba3fe4e37fe8447dccc6b7c51588726,1,0,1,0.47619047619047616
89f1d8ce5c1e52daf6a53c038e4557227e8cf540,7,7,0,0.6296296296296297
db02d64985a5344486d1fa06aa6183fb46d2c117,8,7,1,0.6071428571428571
74cc1aae926a63a7cf2d318a681548af8e4f4501,2,2,0,0.5454545454545454
b1a502594de0ae814e3cfffc36993cb07125f76a,38,33,5,0.7413793103448276
d5f2145a7099b4b5342c727675fd8f7ab1bcbfc8,4,4,0,0.5833333333333334
fa6d415224a32e985eadb53bc958c9bbc8254188,1,1,0,0.5238095238095238
58a4f57d50465eb05368618abbb498ae8cf63138,11,5,6,0.4838709677419355
4c92c1236c74c2e1fbb130cbaf9af179a9310ae4,3,3,0,0.5652173913043478
5bcf2390ad5c6a1be8e95fb0606c95d8a9631b1e,1,0,1,0.47619047619047616
aae0ae069a33d0d2a46eebb19a6dba8427f048e7,1,0,1,0.47619047619047616
655229aa06b7eaa3d4436df12497a6cfb0b1f17a,99,69,30,0.6638655462184874
6e8ddbb73ac2184957def331f754398b3ff6ff0c,49,39,10,0.7101449275362319
0c97a2619c46eaaf9a4fe292bbc5263947662048,1,0,1,0.47619047619047616
8fa7771d093f7deffff2c6550b08ee7ec4d90073,1,1,0,0.5238095238095238
d59c75b4bcfec04cc194cbea1cf287c14b19a38f,2,2,0,0.5454545454545454
97902f4fae274d612f6dfc42feb02171ea2bf350,2,1,1,0.5
3e1bf2b1dd3dacab150bb86100ee749afdec976b,1,1,0,0.5238095238095238
82704324448842adacb40e4481a5a84c43037de7,1,1,0,0.5238095238095238
fa1ad189aff4123a467aa8b961ee36e7e6fa7c30,1,0,1,0.47619047619047616
ae5074214ad3dce07991f2467f99c89d8c5d68eb,1,1,0,0.5238095238095238
b67fdeae2af40a83a36b0e7af3aa03a6cdf28d93,1,0,1,0.47619047619047616
fce202cf6fbe166f48ebbc44400a38d7d0c84881,1,1,0,0.5238095238095238
c5bca4584777a913360c30e39197705d7f4d9dbc,24,22,2,0.7272727272727273
38f0a7a5474ae8b24e856e64e48a1a6ff298d327,25,19,6,0.6444444444444445
e85174f2c2fcb7f91a10898cfb53805443211ad5,1,1,0,0.5238095238095238
fce36a89587766ff75facf73a7fd91e21a337d97,6,1,5,0.4230769230769231
3f0087f7a826d11b832bc46c736d5f44a7e88449,190,36,154,0.21904761904761905
e4cc4548dcd79f80874875d166d37da694b9a0b9,1,1,0,0.5238095238095238
2464332189345de9926c974907e508b718cb200a,2,1,1,0.5
0a97e0d1a90f9c8cef09fc72ed730381b4e72ad5,637,558,79,0.8645357686453576
8cb123768f6d4359447ff53dd9744698908a2afb,2,2,0,0.5454545454545454
0ccce4e358ae6674c895a44194f39f72b6914e18,6,5,1,0.5769230769230769
bc1834eb979cf057768aa4d17fdb5e59087ca0c9,3,0,3,0.43478260869565216
f9e42756d27d6d7891e1aa2d9907f5e7894c0892,2,2,0,0.5454545454545454
83f9081ac0dd9c9fac00b5f63e487fea25aeb2be,3,0,3,0.43478260869565216
89c8868e4fc34be3970f7ed6aa253619d77cc521,54,35,19,0.6081081081081081
e753f195ca61309ad7142583ef3938006aab6ff0,19,16,3,0.6666666666666666
c28673aa2b2b8ea5c5dcf0200b94574394c914de,2,1,1,0.5
1f48176b1043c8bb8ccecd872272a55d3391b475,2,0,2,0.45454545454545453
1a97c7207e8d9ee0c195f3dea25348a860afcb9f,1,1,0,0.5238095238095238
e0b2f28371890170debc5bc0775dd1ee125ffa85,1,0,1,0.47619047619047616
750d2513b50b44349b29795a87b343607e9ac73b,5,4,1,0.56
f695767ac89bb68c6a2a5762a4cd806d8d2bc01a,1,1,0,0.5238095238095238
46c50ff631f998ccd998eb339a5f14452e930a43,3,3,0,0.5652173913043478
1975e560d0a4daade81904f2e7133d46c7f94567,269,213,56,0.7716262975778547
ae3f7b5b597514aa4c61af196057e7d055035785,989,871,118,0.8731417244796829
c7738948629028a0c1fb42a81aeafa8bbbc16d03,10,4,6,0.4666666666666667
8bd338e19c6f480990cdfa583d2a2ba5b4ff74c0,1,1,0,0.5238095238095238
6a8de52b6fb4610f24afee4835a3ba1bf3461ed6,3,3,0,0.5652173913043478
9a8f40e959d696e9d11f14245dd051c2e1838418,6,5,1,0.5769230769230769
755dd7e28ea5208ee018624159e8b22f3d5f39f3,3,2,1,0.5217391304347826
bcf646dc03d625b43fa84d686aa8fd5ebb379357,2,2,0,0.5454545454545454
d4d747bc8fd97a4972d866adbf1001caf48a9d8a,4,1,3,0.4583333333333333
7a93f81f919fec522c37040c5a7fd0ab96fe807a,1,0,1,0.47619047619047616
0c232c17a0a3ec97d2800b721ba7b6e6735815a4,1,1,0,0.5238095238095238
e9b0bfb04f73d7142c1dc1876cb6f565cda4f629,5,5,0,0.6
3b545afa496cd32c0090c6fd1f003440a527a39a,1568,1385,183,0.878463476070529
8a08a33446d39842b82c4784ebf345f0c0fe1e0e,5,5,0,0.6
15ee8ba6f29d098fce169be5d16b3ccc694c3158,13,10,3,0.6060606060606061
6387518f3c9060410f443dce57bee7c189745bdc,1,1,0,0.5238095238095238
6bc4f89124f2527ed3118258dd9c7b04573a66ec,1,1,0,0.5238095238095238
12f9bac397ff4e309eceeeb1d32a04f9432f3596,118,100,18,0.7971014492753623
73d24a9f2cf9abf7615e24d35d84f8a24922ca17,125,120,5,0.896551724137931
462e21895e5758338efc9100a21fc8415b913d5b,1,1,0,0.5238095238095238
28e2f18613df752008c926e06e1b87e681a86715,4,3,1,0.5416666666666666
5047d951a12716611e86f24321059418cddd4408,67,49,18,0.6781609195402298
45d9372f987b073e50b9b1d30389cd1138fafb1f,1,1,0,0.5238095238095238
b4957eeb17c729b2204552b81f86fb4a2150e224,1,1,0,0.5238095238095238
43e7548929199bc04a52d27aa3b917a0380d507a,3,3,0,0.5652173913043478
3e0f7e345e6e5f8e9330772bb1aeb58c83a8eff1,2,2,0,0.5454545454545454
5690c77caf7928f3d325997de43b481efaab3348,37,16,21,0.45614035087719296
33cb45a7f7965c2c41cdaccf91b3e73a77c12348,55,38,17,0.64
c6a972496f3cf9b120208ed477236664558eba4c,1,0,1,0.47619047619047616
2a716155dbbd9f9148320c5c020a3fea80bc46f9,10,10,0,0.6666666666666666
bf4e3963364068c22e93e146b3c66c3fcff2212e,2,1,1,0.5
76fe283472978586d8d6d2d174694d3c92250abf,3,1,2,0.4782608695652174
d35fd77627f77f370c0e31b8e6b0ff4292c2edae,2,0,2,0.45454545454545453
5d78cd47e5e0fcf5aa1815673ab57e6e1aeff7e2,2,0,2,0.45454545454545453
bee1da70183a665467a16e7edefa3650fdf201fb,2,0,2,0.45454545454545453
6ffd416ca1fb6c1b5dc738200e77a93888bbbc0b,2,2,0,0.5454545454545454
d37840ebe673f01969f865fc22f9fd29e62b920f,56,48,8,0.7631578947368421
2feb5de5c45ad3474ba532b73f9e92a6867930f8,2,1,1,0.5
a03095db695be29cd7ca2334601cb15f35a3d6a5,5,3,2,0.52
3ffc34bdd8c60e1ad830def7cd30f03d4540c023,3,2,1,0.5217391304347826
ce47f01783391131feadcac7da42eb1128cbcf6a,1,1,0,0.5238095238095238
541fbc748fefafcc852b28b6fad4ddf6dfcd4fae,25,8,17,0.4
af804b5be3bce04a5e7f09104d6e9a0c7dcf4355,1,1,0,0.5238095238095238
cb1bba2f99950311cf28a9b31760a85a2cefe7a0,1,1,0,0.5238095238095238
bbbe37ccbf57a396c1ef0ad2c35ebf0bfcd3acfa,1,1,0,0.5238095238095238
4b3a6a407bacd1ff0d47a7f720bccd0b174ee80b,5,3,2,0.52
7eaf8cda41c9a9cf182479df4b7d4bd9f9ec51bd,78,57,21,0.6836734693877551
a860642f1f1045f82bbe3c22254830bd1605d524,3,3,0,0.5652173913043478
ae1a121ee0a8fcfae4c334d2d86b1c59a8131ff0,29,27,2,0.7551020408163265
312c16eef331754e8abfdf54d058d1eeb32a11b9,1,0,1,0.47619047619047616
ac6f78db4af88df3e2b55282affc7efff0a35c8a,8,7,1,0.6071428571428571
5d7953e5d337e11738db338e58b9e1d2cd6ea001,60,26,34,0.45
ed15f72476149a46b07a7a81d391649fa8dc61b5,1,1,0,0.5238095238095238
2ff0f544cc1b15b95040290319c680ac3cefaed7,14,13,1,0.6764705882352942
8ae33bfad9dec4f3251f09609ae6d6298f0dd685,7,6,1,0.5925925925925926
e221091885226b79a6de834f4e1a72ddc026abb7,50,41,9,0.7285714285714285
30a71c6b648136cb1de32b2ad3d06caf9dbbc279,1,0,1,0.47619047619047616
c0638d0002a64d744e5423cb5d2afdacfd434266,603,403,200,0.6629213483146067
28e8bb415b5704486635e5d5f4f876164ef8fcc6,5,4,1,0.56
07982c3721a9c2423b1558ead6c7f54445101ea0,5,5,0,0.6
62ccfc74f527fc357d85646dc9773201acb1af2e,4,3,1,0.5416666666666666
417d8e9d990f15c36113cfbb6652818d09816555,3,3,0,0.5652173913043478
533a3394023b5afd62c9b20e46f038eae64f8e16,1,1,0,0.5238095238095238
5d54022b633eb093a88f1cd17acb5301c686f220,4,2,2,0.5
4dbb631f6ad67cb64f391a1ec1f2193c8f5700b3,1,1,0,0.5238095238095238
23f45c1f03fd0b03b749cae2c391ea274954b65d,16,11,5,0.5833333333333334
b77fd48b9b8fdc190be87120fba4b7cafa081344,2,0,2,0.45454545454545453
a098b75f5097a015c91e1d182b3bed08ac158565,2,2,0,0.5454545454545454
10736aec2c784db53b18aad50573ad9b09dbea2d,1,1,0,0.5238095238095238
80ed7376fa6c26ed573d6a8b48aec3b35df417ca,1,0,1,0.47619047619047616
a38bb3ac11ecc4d8d1873f26c60bd2ae034d9d23,9,4,5,0.4827586206896552
85c9b632e34e24ebadc50c3fea933a298bfb3671,1,1,0,0.5238095238095238
d4fe142e53faed779fc17530998e8bd8327ac079,4,3,1,0.5416666666666666
21e2c370c0c4fd3c1d65a627f223eaeeff4ac092,6,6,0,0.6153846153846154
2eb3cb56d9c4a5c2b6ecdae1567692c1f16ac660,1,1,0,0.5238095238095238
2e7688be71e13dcebb5f8c7dfc551fd82ccd9e04,1,1,0,0.5238095238095238
1d5fe87a8f6609d9e50f7bcdddb46bbfa916f453,1,1,0,0.5238095238095238
4b9e7e0a2dfcebf1c6012a2dd1cdf655b1f8e1cd,2,2,0,0.5454545454545454
b79a1eab265acfea58188b53e2ba05a54b8c6f2d,3,1,2,0.4782608695652174
a2487e72fbbd154a3f870979609d5693d6659b29,6,4,2,0.5384615384615384
731a8bf140e6f78eb194b67fc207720ff67e5549,15,15,0,0.7142857142857143
905c3b682b5b7eded7a3c63fc47ca6161275e7b1,54,10,44,0.2702702702702703
4faabf7714703bcbd4807a4bad233a88171243d8,1,1,0,0.5238095238095238
6a2bcc3d5a279de3500891807310dc5545fe5c59,14,9,5,0.5588235294117647
4d6d1539268af85c23ca711e9e850194a961fce9,113,97,16,0.8045112781954887
8699dc921343f59900e02706bd7b4cb299f08e76,7,5,2,0.5555555555555556
289b4775198dcd44987679fca811ac8857985b0b,2,1,1,0.5
9a8937ab52e9eee3087a300c773ff5a7f5c155cb,1,1,0,0.5238095238095238
15dce5374513e9470ac73258d4053bb1ac9bf168,10,8,2,0.6
991608e050d6c56279db4cea1be44fd931b96817,19,3,16,0.3333333333333333
868a3d8e9cafb362acb637809563026820bb29ff,4,3,1,0.5416666666666666
2da521cebe08329fd579a9a1cc48be34ce3790f4,33,33,0,0.8113207547169812
54b75100d9a31d525ac8217763e4e3e211d581cd,129,86,43,0.6442953020134228
dc84537735df27dde165a4e8805ff0399d4c2a6a,4,4,0,0.5833333333333334
ed7ed5cb15a92a8e075de5667feb7bbeb0c97535,1,0,1,0.47619047619047616
8e7f5e1299f4967915d3a609f41a7ada723061a7,649,575,74,0.874439461883408
ba2c1491f9a00f254c262542966aba8b676cd416,1,0,1,0.47619047619047616
787562e845ecffd2604a7ea8aeefdd46c059504e,4,4,0,0.5833333333333334
19e967a1b5d9c1c33cea1b8e74e550125a3eef49,2,2,0,0.5454545454545454
1ca62a1e8eb7dd45e62bed8efc5021ae95bf9a13,31,21,10,0.6078431372549019
28cbfa98b62345f2ce20235cee5d7797baa145c6,18,17,1,0.7105263157894737
1280360658a8fef4303ce86d1a79e645015a50ae,3,2,1,0.5217391304347826
62c854905a049eff0f0970a19ab5dfafb93b3bbe,2,2,0,0.5454545454545454
6dac21d02fb05c2ba34ebe576a5eb16085be29bc,10,8,2,0.6
0e59cc73f5accc8eedbf85c02a4a06f40fcea488,13,8,5,0.5454545454545454
74e7ac4541f06a27220dc0f3e802ea625a5ce2e0,2,2,0,0.5454545454545454
a08f80bbb4193b44e64f42a3ebd1b13355ea668a,1,0,1,0.47619047619047616
a07efb4e87c49d0f96fe73ebf2ed94ad0488b2d0,9,7,2,0.5862068965517241
2f47c3b9f32e1faee67e364e0234c6e0ff0e2021,2,2,0,0.5454545454545454
af05e0a62ea150d3d21a52c6b2cbc33895a3202f,5,4,1,0.56
0b1f32e837a3a47baa2d4c9149373730bf282f68,4,3,1,0.5416666666666666
01f9518c8571633c0310263779c231899a701bca,1,1,0,0.5238095238095238
fe4c7c53e58cbf5d27442b80e3aafd338db3bf2c,7,6,1,0.5925925925925926
56447af2c7b2b0187e9c410f1a5a6f8db04a154f,158,113,45,0.6910112359550562
1048e3384275823773e44e331f0ecb37171abe51,1,1,0,0.5238095238095238
50875637fa940fed2956f63ac2e27e50245eac1c,1,1,0,0.5238095238095238
923a9661aa391c0e9321135b2db44907263902de,1,1,0,0.5238095238095238
303b098477e781c8620fe16b46a4db437191bd47,5,2,3,0.48
30918cc4f05951e8e327a00dd332b3cccd2b4e4d,15,4,11,0.4
86670d081c7752f4c00fa879e83f1e7f8b5885cb,103,89,14,0.8048780487804879
2103e2d2b55e6ac5eebafc74ab2f0b633afc592a,73,68,5,0.8387096774193549
50fd8e6fbc14cdef2b0e890e836f04f4c707b279,6,3,3,0.5
adf3b24db0adc7c8be568240019e7420434e777e,1,1,0,0.5238095238095238
f31a7cdfc6c64b73b3a7bdd3f9c338ca44041e6a,1,0,1,0.47619047619047616
ff39862a80cb0df0f407b02ba85477d759968967,3,3,0,0.5652173913043478
ab20f6a749c7fd1808a5063e6461273edd27b4b8,39,34,5,0.7457627118644068
bfc81132ef329ce9dff196e0c4e7b180bc48d651,18,18,0,0.7368421052631579
fb972c1fbdfcec4067ecfc56eb4f9e0245581168,2,1,1,0.5
ac58089aa7de31461bee8e046a424ab612a8417c,1,1,0,0.5238095238095238
024308eca5a0d490ab9590c5dd8acff77feccac5,41,37,4,0.7704918032786885
164399e44f06f063d3f39a6c8b16eecf79a99e7c,2,1,1,0.5
400417c2e224bac60d83c42a6d969c6487dab782,8,5,3,0.5357142857142857
1410350224294a74f6e2f7a224d5135af8a3a186,114,110,4,0.8955223880597015
b6c5cab53e664ef3da49ddb2a902a5cd612d4645,2,2,0,0.5454545454545454
5d95a6860e112a912ea5fd7ac9f1774f770a33bf,19,13,6,0.5897435897435898
4df898c620491119afa030b68139cb4904f5d1da,1,1,0,0.5238095238095238
e38b7cb605ebeff5ecd12718a0b724b4fdbc01f8,2,0,2,0.45454545454545453
c812d5b45dbb59d4d5f6d170ccd797c1f36d9a7e,4,4,0,0.5833333333333334
fd6b26507a9020f005e01dd5238159ffa12ea77f,1,1,0,0.5238095238095238
ea0cee39a59457bdaab6b8cadf8bc724f6429549,7,5,2,0.5555555555555556
744ef16e9e00011834e21e8de6f7ec85d90a7ce7,1,1,0,0.5238095238095238
aaf793d0a7aa2ed270d9468da64193b0249d3e20,1,1,0,0.5238095238095238
b5e5c21f945c5aa1f7b71265ad373c6059f8c910,162,92,70,0.5604395604395604
359adf71d88b3bddb3148ab2d880ef7c4d8541a3,1,1,0,0.5238095238095238
9188caf1a4f17d6ad7dd0055d7299f0b8222ff87,204,160,44,0.7589285714285714
2f5f6ebd32a97e09306e08d18eb5ad23b8d5eaca,1,0,1,0.47619047619047616
94bb6609bd2323b8f583613d2580d6f4811a41a1,7,3,4,0.48148148148148145
97380435c5951146dac5ae944ec03897db02133e,7,5,2,0.5555555555555556
61f2d5ec38aa2f8ce19273051b34ef3096488ba5,1,1,0,0.5238095238095238
98577a141a7cc5358cb4691ecb498d74e8b51854,1,1,0,0.5238095238095238
33511ac9d92300656a93d091ea57ac9c483d70f5,1,1,0,0.5238095238095238
aeaae524a2c72d1e99accce40d5066223cdab438,1,1,0,0.5238095238095238
711a0210b66ac9660adaed5c78f0ae746ed34e29,6,6,0,0.6153846153846154
a7bb983c294219ccbfeecc5aa9091586ca92882d,1,1,0,0.5238095238095238
c568b2c97fd4c509615e5121773fd64e6d099234,1,0,1,0.47619047619047616
c1e8428cce8c9b88919341946ad057dc8010665e,1,1,0,0.5238095238095238
461ba73ae66b7cb143597b3554614134ed493d28,1,1,0,0.5238095238095238
0e8e8784a6017ef70e61343c0df93c23615aa6bc,16,10,6,0.5555555555555556
2314f37db96732fd0c05057ab68575d51ecfedc4,1,0,1,0.47619047619047616
3766a942100c11741d00593bc16d0c9c0a527d3c,10,1,9,0.36666666666666664
3a104817f10c7086a32f9f37a3afcacefec84930,7,6,1,0.5925925925925926
8c7e0ecc1c0594b61766a0612b5e0cf471905e0c,3,2,1,0.5217391304347826
aa25541b4b6fb481ade1734b482f2843b81fc701,1,0,1,0.47619047619047616
ded0f9474d0bcf82f5ebbf5d94402794d9f98649,3,3,0,0.5652173913043478
2fd04339a4408686cbf675d7638545a37c14f2a7,15,11,4,0.6
aea4f5267968b6a2fbf0477d4114d2ac5d772827,1,1,0,0.5238095238095238
e92b5d041cdf805f196aa38a07e168a55852aa69,1,0,1,0.47619047619047616
39af280a4cdce54093fee35466584829515d51f0,1,0,1,0.47619047619047616
3512f150942e96f3af2f5a796f4217e7969b985f,2,0,2,0.45454545454545453
cd1d66bf3337138b85d07f3425dd48dd52c4d506,14,11,3,0.6176470588235294
89313ec8fa432c50d8998042dcd1818937359f03,47,16,31,0.3880597014925373
de4a921f467bd562e6522b5789af30e9024bd69f,51,50,1,0.8450704225352113
2489af43696bf137ee00cc1744929a5bf58e7e39,2,2,0,0.5454545454545454
fb18407b5d78b61cadee719f07f50a636493c2bd,2,0,2,0.45454545454545453
fd110afc00f8462ee26757dde2eb152cbc14e274,11,10,1,0.6451612903225806
3826481abb0a79975fd03cb4529b547e233b8bc3,30,29,1,0.78
a43bf0c142a47a3a746d26fb5184495bc595bfab,1,0,1,0.47619047619047616
97bb55e5854f9427006bec97e6d53a6a3a2653b9,3,2,1,0.5217391304347826
1df168073453cb24ea6630ee0a9d3866a9710c02,2,2,0,0.5454545454545454
64ff928fa7fc2b65c9cf0073a68828cd4aee7056,339,289,50,0.8328690807799443
8401d553880a731d4c47e36a210b3556dbc46ab1,2,2,0,0.5454545454545454
e37a6f0080bf0b391ef8696debc3569da816fecd,2,2,0,0.5454545454545454
2fa66df37d5b6d892d41cc5b6054b40095ab8023,1,1,0,0.5238095238095238
c8af516242c6c19336b2419e9d95c829f3f4360e,1,1,0,0.5238095238095238
addddcdeee3791d38b1358d1f21d69acdd0b2728,4,3,1,0.5416666666666666
a4ab28ce03369e816e48856bd2d4be1d1c781efa,1,0,1,0.47619047619047616
da450d19198712cfeaca6555785619f3b3457aee,15,10,5,0.5714285714285714
2a8ee3ecddcedaa8d60d15c0a0821c4189cf6514,30,27,3,0.74
358aadc267be21a7481fe2f6bea5b2e5bd1b327f,1,1,0,0.5238095238095238
8a5c20604a60038d0671f189819554bc4839b9be,788,725,63,0.9096534653465347
ea1fe86832c908ba3dc86a2da9d278059cf52423,65,47,18,0.6705882352941176
ca1f0299c3dfcb5f8088e32c8e37a5d912d24d61,2,2,0,0.5454545454545454
7b41493492b3c941b8e73088f18d6aa7aa2bd5f3,4,3,1,0.5416666666666666
c803dec8a48c00f07d1c5826efa9d3655984f093,1,0,1,0.47619047619047616
7e11ce2d7132d6245d96c7e486ed8e1ae0f28bdb,5,5,0,0.6
4aae65ce315a6a014bbe4d20fdbf58d9bf99eeaa,3,3,0,0.5652173913043478
ae661c39d1bbe7b5cff7b3541daae6b531e60281,78,65,13,0.7653061224489796
87893e4936e2e237bf64d573a90c42c46368f93f,2,1,1,0.5
1809c17b0c3ace4dd5025b35e87c0cfefcfb437c,1,1,0,0.5238095238095238
a7d82b81bf70237792c5ada189475f7f30793485,1,1,0,0.5238095238095238
e2dd544d30e2c10f24b6459cf7839daf4766f7cc,14,11,3,0.6176470588235294
c456e4eb6d341ba410c23ed87fe4f08195dd8bb7,5,5,0,0.6
52440bc632f6c4fa419c8908f067e57ff6f11040,190,151,39,0.7666666666666667
3ef0e8bd4b442eb46c6d9e67396d28308f5bacaf,1,1,0,0.5238095238095238
d72a5ba126825639663d05e9b3fd63962d353b4f,158,147,11,0.8820224719101124
cc9ca6ebc81cecc3e200df65ca090acdf8c9b248,62,50,12,0.7317073170731707
a0a50f853c4599dcf543a8a913c7d06e8873d245,35,31,4,0.7454545454545455
121b348d34633c0dab7eeaaef4c65c190e5ad70d,14,14,0,0.7058823529411765
93b52ed182b7ff4c9a04b984503d1ff17a3a947b,2,0,2,0.45454545454545453
5431372e19373cda1228d6859408fa8ce99c2146,1,1,0,0.5238095238095238
54ae93e5e4b99a3287160b426aa149cf10c1ea41,1,1,0,0.5238095238095238
5bccb2378b31b1f3341aa77e3171600a08272582,220,139,81,0.6208333333333333
5ce285805baae57af01e8423c35d875c94a7ccb3,2,2,0,0.5454545454545454
dfb6b62a89aab32b3e8b5edd61b046067258c177,1,1,0,0.5238095238095238
3dbb7bbd8dbd3ea8d040e0d74d182e6c11e6c85f,7,7,0,0.6296296296296297
efed81af3e052ce7998401df211b0973278ce4b3,1,0,1,0.47619047619047616
185607041c02e4cae787ffb1180977266a4ba49a,15,5,10,0.42857142857142855
cc3abb19bf0e49ab2a24372225d04fc196218404,155,113,42,0.7028571428571428
5e562a8c94dc6f58af57c5e74853c2082ba2e320,2,2,0,0.5454545454545454
e0f47e55bafe241792d3d2795e6c1e8a4d097650,1,1,0,0.5238095238095238
20988c38dedc92a2cef2a654d67554e295cf51cc,2,2,0,0.5454545454545454
016bbad0122a09c977124c60a9a106b689e4e20b,2,1,1,0.5
5afdaee75c539edc67b0248feddac8fac77ec6de,1,1,0,0.5238095238095238
1adf1be2cc6471312cc4ef0a9d354a3eac6c2e10,1,1,0,0.5238095238095238
ad031760a39a629b02f136c0dd30e4e1dbd5a5b9,120,107,13,0.8357142857142857
baaf240d2433110fb669dee7e748627ba6e1c726,2,0,2,0.45454545454545453
530d4cc3129e1df72d5b16702d8cdbf8980c1aad,62,45,17,0.6707317073170732
97354903f92a08ca01d595dec2cdd39ec4c12df1,2,1,1,0.5
ae0a18cfcfccd040b2396b78c8aed8820b780e9f,19,15,4,0.6410256410256411
427606dc0144098ed65942a600bcd33b10b04cc3,35,22,13,0.5818181818181818
3349e4ee89d5c6ee353b06ec922174f99ce41e64,1,0,1,0.47619047619047616
1ea0aef02feaeb5bcdba557a2338f4578c93b0ff,1,1,0,0.5238095238095238
620a2757cf09f001749158e56d331c82ede09f69,4,1,3,0.4583333333333333
5b38b2032f030d94c149aada48bbf19644167a3a,1,1,0,0.5238095238095238
eb95fb87f109f0f32b1e74cc814a84d97443d4e7,12,8,4,0.5625
f2f77243f319eed0c068590a36bdcd837984a987,32,7,25,0.3269230769230769
cb9ffaf0d32d10005c6ef28e215b4521dc2bc9f3,1,1,0,0.5238095238095238
3f386204486e3ab17012b5b9eed5f80fe267ac8d,1,1,0,0.5238095238095238
6743ea7f363361203d04d50f2758dac44683551d,1,0,1,0.47619047619047616
c574f0f7312e1b1f2e2873b18c7b41403e845ec3,1,0,1,0.47619047619047616
c22385b046b43f71eb6e4228032bb7512943122e,14,9,5,0.5588235294117647
391ffd7f216f4dde7476d54e2c00c600fb6d8f67,1,1,0,0.5238095238095238
4bdd26d226d2a685f536a7f705aec05e1eca8946,1,0,1,0.47619047619047616
343ee190a800800225c4c5af55fcb41aec8a96fd,3,0,3,0.43478260869565216
da918b04b60c8a5845e906da9535356b8e9d1eb6,749,645,104,0.8517555266579974
a372e3a065fa4879b7cecd659af5a8a45bbb3610,34,32,2,0.7777777777777778
a3cec805bff1b9730aad7063c58062badff830e5,4,4,0,0.5833333333333334
fb43df649735e6e47cda82812cfdc02600c8ccec,34,30,4,0.7407407407407407
a961bedffb8d012075a310777f534d78f8e89e62,17,15,2,0.6756756756756757
13e4ba0635debaede7f50eaa6dcb4fb93d834aef,183,162,21,0.8472906403940886
d9c5493a9ceb168a17bb33192435b4784beb9cb8,22,13,9,0.5476190476190477
e6a85e7946e48a7590e3c0daf71e6867c6a1cdb1,5,3,2,0.52
60cf259521ed65780c511ba673c02e0540efd065,1,1,0,0.5238095238095238
10aa27ae0ef61b7696006ea6584c117b9bc57971,6,5,1,0.5769230769230769
bae823c912c9a334bed8466c2b02192bbc4f5b8e,41,37,4,0.7704918032786885
b10ebb330b7a69b46bb3da3b2dddac2dd7d284a2,3,3,0,0.5652173913043478
9cb411c71908c30cb9d24e34c251369acd004c2b,1,0,1,0.47619047619047616
d908d31c13b0477b67b36b44f68d0862dd96202b,4,3,1,0.5416666666666666
5e907e2e5f228de036464405084f688ee426a745,1,1,0,0.5238095238095238
4d4657bd6ebd7ed04ab8935fb36e4d71095683bb,124,84,40,0.6527777777777778
c88bb08e784aa93984efc413f6f9913ce910fc8c,9,8,1,0.6206896551724138
054eecd054ac6ccccd555bea6f896137176616d9,3,3,0,0.5652173913043478
ecaf166d1ffba1899d3494d2a8c3c1845367de23,2,1,1,0.5
a63c78260a059f1df0060c99eeecb7f6f5a32148,1,0,1,0.47619047619047616
5b71b80099564a5342b3a589c4deceb211286475,117,65,52,0.5474452554744526
89fba42a1da97ebb290af2da55121bbd80ee6716,23,17,6,0.627906976744186
b5f92824366755dfc405b6eb47184c107320eaf9,1,1,0,0.5238095238095238
6abf9ef9d3a23e97f12a1ebd4314e6650e60dc35,54,37,17,0.6351351351351351
c1e83d9a60ef4c7c8ebce270f28ae16e451d988d,1,0,1,0.47619047619047616
48fc331fdc170154738c8f27fa3aa64f499f59ce,1,0,1,0.47619047619047616
d8b8343550cc2ca4483858a2e88ef171ed9fe022,3,2,1,0.5217391304347826
9193e46929e14ac7ce41815ada77c31a39d2702c,3,3,0,0.5652173913043478
3d2a832fa0c57a05c90d43ef677fbc989a59dc2b,1,1,0,0.5238095238095238
62dc19646bce19023c798de87810204210e6a752,3,3,0,0.5652173913043478
53dbb28846e5efd7db91165dd8bb1a0536585e47,145,65,80,0.45454545454545453
0ad11f9f80e54ea99ce94fa05fb3339b846a5358,1,1,0,0.5238095238095238
4ebdee0758bc89ba57b20d32b11e0477e66f7f77,1,0,1,0.47619047619047616
ff28f0231097b08b48e16c9ca19331f75c193bf8,3,2,1,0.5217391304347826
41014846ef562a4c6fffd437e3e7c1f17d8125cc,1,1,0,0.5238095238095238
b97024127dfcd01b30445976977c92774aa6eac1,4,0,4,0.4166666666666667
ecceb12a59da36a102b96437875193d95e445ed1,1,1,0,0.5238095238095238
6573244a07e64510fed2aeea4df73900d5afecf1,1,1,0,0.5238095238095238
00666ef831e1a199109c2caf490f03babaab718c,2,1,1,0.5
614dc6ff98b558e4e1a5a030f9ab222e013ea153,1,1,0,0.5238095238095238
c56e10dbfdfd5305cf558700c0ed19b01c646bc6,4,2,2,0.5
da91d8f4e851a90057553fac3382899658f3613a,1,1,0,0.5238095238095238
1a08234b5dfe3fe4193388f96b7accf89b485f5f,4,2,2,0.5
cd072c5e3e93bc94eb0380259d2a24cde9331c6c,15,6,9,0.45714285714285713
e98d6fdb0d1b4543a0f8a65767170b1176ccd45f,10,5,5,0.5
c51b47ff1f7f2088f2f1b88c27b6f3dc655780db,1,1,0,0.5238095238095238
ed00b0eaa3d272acd269f9d9922f6c439b8b5d7f,7,4,3,0.5185185185185185
43ad2243c66d4b8ed30469ce3eca41b68cdef9cc,1,1,0,0.5238095238095238
e67654121f41ec9806471b6d28a72dfbb4c490e5,5,5,0,0.6
179557e054004ab40bcbe250e95e36ddc0d3e5ce,4,3,1,0.5416666666666666
fa1d62f1863822d696a07d9624540c7cfd9a5e1d,1,1,0,0.5238095238095238
85c81043f3d250ca1d4e9647c567008d7f20f88c,51,39,12,0.6901408450704225
bfaab37db83485228acaab9d31f766902550fed8,8,8,0,0.6428571428571429
c9392a3ed0a85e1bff4096230701150d7c309f0e,1,0,1,0.47619047619047616
16bb32e90f8bd48a6537949e34a3408624c1a359,1,1,0,0.5238095238095238
5a81351c54fee01594f4972563ee6a1b629325c9,3,3,0,0.5652173913043478
1b8e0021eb6d9e8e25f7199de33d95f1b94e2e07,7,7,0,0.6296296296296297
3870b5992805bfa4af0473b5bb344d5aa030bb87,2,1,1,0.5
94f7bc08dddfdb11351ecca4f6aeabe18c90773b,137,114,23,0.7898089171974523
0059c77efff368550ffbf128226b3f8f4a33e89a,2,1,1,0.5
b43ec86d3110b51959ca331e26e4f5bcc74ef68b,1,1,0,0.5238095238095238
97356a09d292a8771ffb59d32110622ccfcef4ce,3,2,1,0.5217391304347826
e4c3cd324a8fbe891d50bcdff677b8a6b232d1d3,4,3,1,0.5416666666666666
9e5d949372a317eee29b73b53f3de4bbdc5c1e53,6,2,4,0.46153846153846156
2177923f09498bb3534a986033ec1e2ef17bfda4,4,4,0,0.5833333333333334
d761efc7db8ff1d0d7315c96474960ccbc0e92e9,1,1,0,0.5238095238095238
ccb534b434b2ae2092d0db4aba76b0df85f81be7,10,8,2,0.6
0fcd33d58b680cf50b771a859124993e33703b5a,32,26,6,0.6923076923076923
3d5614a02e0fa336a894da6cbaaf4f0e9df53420,3,1,2,0.4782608695652174
4be151ca92cdb7ebefffc634f77b88355cc27a5c,7,7,0,0.6296296296296297
77ea0199803cb61ab5128772f03e13adcd0e1445,2,1,1,0.5
25de02678a0f1af7c6bc109b648dd8cbb3d36420,2,1,1,0.5
68d1c4dc8e42d67d41c1f080468aec7c942e40ae,1,1,0,0.5238095238095238
0a049dd98e087ba39eeb6fa51fda94cee2aae2e8,20,17,3,0.675
5bec3075ee5e6e1eac3a9ea57286add87c118489,5,4,1,0.56
fd733e20bb8e070021daa282470bbd1e40ef948c,2,1,1,0.5
d49cdef8c1e5577471ec4fb3586f873537c7d660,1,1,0,0.5238095238095238
ae2f974b98376bbb7155b44f97b8c1312aac8af3,1,0,1,0.47619047619047616
d6eb9ed84e64b6717c8d8d5ac77a3425cf1c2eca,54,31,23,0.5540540540540541
7e2e018881922d3680a852620ce3fc88c7deb21e,9,9,0,0.6551724137931034
e8d7adc24709e80f5f358ada43d876402b02c4f0,1,1,0,0.5238095238095238
f84de840a6143bb27d576d55a478969d54d173e1,1,1,0,0.5238095238095238
08dbcca68756afe611dff301d651da8ef941af6e,8,6,2,0.5714285714285714
f379791ea4f8d2f4199639de998cd29cfce9b342,1,1,0,0.5238095238095238
20e6be1c0ff788cbbe239af4e433982a692abb29,1,1,0,0.5238095238095238
8fb77f70fd72aa6be17e131a6ca2c58581e47349,1,0,1,0.47619047619047616
e87e6d3b0b948da792833a72023f48af91415771,1,1,0,0.5238095238095238
f66d277ffea650691d424f1b227f39e33f6dc50e,1,1,0,0.5238095238095238
3b921de7675c0189caf219b3175a45ddad26a77e,1,0,1,0.47619047619047616
ceef408d0afe2de29879c6508c87682ea95eae89,2,1,1,0.5
be14260cc1e4d82a08fbb75219021ef261cdd3f5,5,5,0,0.6
474a6b3bf0455151b846707c6ce68915f41dc876,3,3,0,0.5652173913043478
9151635893d4d4f229669463bda1830f47d8079a,3,3,0,0.5652173913043478
fb7b013f7556baa040faabdc695ace00bb8f98e8,163,139,24,0.8142076502732241
6a0a08570448dbd4ddbf912675ebcfbedae0a67e,510,294,216,0.5735849056603773
c06a46bf4211585294ee9f351c3fd1e2e60bcd1e,167,148,19,0.8449197860962567
bcd371b0b60a7c878558c9c7e22a63a8185890c4,2,2,0,0.5454545454545454
52d8fe636b28e76e34e6751333f98e65d843f720,6,1,5,0.4230769230769231
d3345abe4f73e7884594da4d93e5b75f23831b90,1,1,0,0.5238095238095238
4d9c9ae44cef973e45d643889db7297a81d02180,1,0,1,0.47619047619047616
24e429dcc9925a3b4de1b49d7dc2a9c7e588b71a,1,1,0,0.5238095238095238
4bbaed033f6214b481af74c5168928c25a8cfe5b,161,57,104,0.3701657458563536
48d905ae55de2aca110bbe7d42ab0c8fce8d019e,530,198,332,0.3781818181818182
1b36c0847dbdc0b5be28d96a6f365ab07f702cdc,1,0,1,0.47619047619047616
a74eb92afd4672a45621242a71976758ffe1fcac,2,0,2,0.45454545454545453
f5adeef796a3e0105b2c56720907d22efa891114,614,369,245,0.5977917981072555
920b55d4a6d26591eecacaecd75d6693b97eb078,8,6,2,0.5714285714285714
a642a12294105fb8f811b31ddd6eb8de92b40cb2,1,1,0,0.5238095238095238
1caab0b4dda25232bc49425415093332cfc8d769,3,1,2,0.4782608695652174
967ad4d28a6a4febb3e974a1a7c16e1f53bfa2c1,7,6,1,0.5925925925925926
fc9eeeeca1d769c4356149f60b2f6d948c31307e,1,0,1,0.47619047619047616
70083686c4b2b1cfafa66e0f4eeea72f3a0a979d,1,1,0,0.5238095238095238
a1a714731c4e067d43e59202eecb9bb18902169f,1,0,1,0.47619047619047616
e9eb250e8b2c3a4cfef4480c6107c2784e140278,6,6,0,0.6153846153846154
437fc26baad2b110a9fc5f84a20268710c0c81b4,3,2,1,0.5217391304347826
56d30ddab9a86e9b5dbf69ca6d25b0187dcd47c9,38,18,20,0.4827586206896552
0ecdaa138370c1d989919b681886f6b91ab6298a,7,7,0,0.6296296296296297
4614d907f1689966a689ead743bf095c433aa1a0,1,1,0,0.5238095238095238
7a2b02ea69463b977212095f3921b427748c0677,2,2,0,0.5454545454545454
e1d0494b8f123ca776dee98bc7074eb949d0394d,1,0,1,0.47619047619047616
febb028e3518dc9a2297d0ffbf5ad6eefc092d4b,1,1,0,0.5238095238095238
0b2ef6906b159f64e14540e0eb4caf11ae6c1753,5,5,0,0.6
c568ac22eaa105722998b863d69ae3942ebd97b7,1052,790,262,0.746268656716418
96600530e956758e4ba6a41eb07224ca21844f8f,21,17,4,0.6585365853658537
e19eca522a913b092f5e945e5698dc67c4a13aff,1,1,0,0.5238095238095238
3caaad9c5b17715c15aa21f60570ee8bef3fc9d4,1,1,0,0.5238095238095238
af900b5fb33b643f8f4789c57138ac65614afd78,3,1,2,0.4782608695652174
39914388ac2138dac2157e00ee6d4aa12600e784,221,12,209,0.0912863070539419
31e69b015c580b47967ca2fb4705521cbca4a7bb,1,1,0,0.5238095238095238
568a7b2dbb65a3d00fbb0cbd1c2695bf617ff6a1,10,9,1,0.6333333333333333
f97d8e78a8c3ea0615969b542a0624c4d66c5149,115,97,18,0.7925925925925926
0dd6179528e173fc4d151a5890e322ec529739b9,22,18,4,0.6666666666666666
800b4fb854190c554cf52a0dd413ff77107915f4,55,54,1,0.8533333333333334
9e5315269eeca5740f41b5da36c7aa2a33c4dbbb,2,2,0,0.5454545454545454
0a9e4f9392a91dc60d8f2202bca43d84c9ac85cf,3,3,0,0.5652173913043478
0b1c89bc4655146289795bf3401dad76d861f066,2,2,0,0.5454545454545454
ef0f9b682ff5b13af1917ac2a7716285e61cc9a5,1,1,0,0.5238095238095238
2c0e88f32e9c6bf9b13e45407b16852d0fee1b02,7,7,0,0.6296296296296297
286ee886c108f3b1ccac40050ba65ca6f5515e75,1,1,0,0.5238095238095238
41cda4ccf6b71f9dfda7f37682e64dab1906c385,6,4,2,0.5384615384615384
b66dd0ef853f9bf770009df4d031c0f0a7020f57,22,18,4,0.6666666666666666
7023a75f933c31e0146a7c2fc972e57d215de464,17,13,4,0.6216216216216216
42fc9e2b82d4d681ee01a53996293e9b4a3a0af5,2,2,0,0.5454545454545454
16c920355ffd76f3cb4c2ac97c5f5d8b5f1b1225,2,2,0,0.5454545454545454
410b23b59c9dfc6b9e00e513650cf38860bf46d1,1,1,0,0.5238095238095238
e155b9ec8a5be1fa0217fcd83ccbb113df7ea483,932,887,45,0.9422268907563025
2a1fe76ce463dc3fe8624ce90999823ac50b0571,1,1,0,0.5238095238095238
8ee78cd9b34cd9a18d7cb1667da759cb18e09a30,1,1,0,0.5238095238095238
82eefa9bb72e7ff0238d2589baae22de73cac927,1,0,1,0.47619047619047616
e82f2aec4893667b96a48570c018b723d581bc44,2,1,1,0.5
ebf009df4751bed4c157e0b528f8f53537e18383,1,1,0,0.5238095238095238
f0825b5b7354d37b52d62da68fb3b439baae32ab,2,2,0,0.5454545454545454
bb8ca448c5ed07d54f42d53487ec03789ba4273f,1,1,0,0.5238095238095238
357bb667b0f2a296f83437a6ba73133b3f87073d,3,2,1,0.5217391304347826
bb0167bae3b8bc07d99d5e646ce4ba60a0347e0c,4,1,3,0.4583333333333333
c057dc10902a9d688ea048a2dbfa5d068d09b3d0,1,1,0,0.5238095238095238
08dfbc9c1e0ada222b1a193787ae5611d8a4b260,646,480,166,0.7357357357357357
417b276de08c46aabeb9d66d09932c8bd4fb8b16,2,1,1,0.5
9215daada5e28aa8559d4bc26e9ad03025bec14a,374,69,305,0.20050761421319796
6f180aa4515a1e8a4b06907d06678f40cfe96d6a,1,1,0,0.5238095238095238
4302b8067d60294b2b7c51bd2b9c75be638cf41e,394,230,164,0.5797101449275363
af676be21b38d58dab924ca5e5beb906f5d3f584,9,5,4,0.5172413793103449
d64d628be0be97257b588a44c4b1e42a8d8cb2f8,28,21,7,0.6458333333333334
1d8f0f8a76fcae45b1f7d988fe09cf07a4296c05,6,5,1,0.5769230769230769
abb9eb72da91a1480059936035835196034992b9,2,1,1,0.5
d8ab15851c556d2b54f5113ab23422e76990ebce,10,10,0,0.6666666666666666
8ee4f4ebfd8f42e492f92ffc135710fbb6adbc0f,6,6,0,0.6153846153846154
46f5ff8b09a1028c1e5d3017641851d7b5e909df,133,108,25,0.7712418300653595
dfd356057d2f72bc0333562416af3710e471651c,7,5,2,0.5555555555555556
dda2d1afa033291d4a52aa200dd3e271c343f074,5,3,2,0.52
d153a7f235dc3e9a20264997ea4c75d8e2dd1877,2,2,0,0.5454545454545454
45b90b42e20156d77d63563e1b71d9cd6073cec3,1,0,1,0.47619047619047616
fdfea104dc5f28debf173175fd303bc0677ac16a,174,97,77,0.5515463917525774
035ef5e926b5c16434c7e8d54bee6852a2c72d03,30,28,2,0.76
49af5e334988384bbd5f60ae05171ce2386d2868,44,30,14,0.625
d3bce72e5c88f70c16486ba3de8ebefef72c62b1,5,5,0,0.6
200922be5c1570ccc31f1703eba60c03267fae64,3,3,0,0.5652173913043478
58847d0c21562e721e5b3d1756f92940769b983b,1,0,1,0.47619047619047616
d0005d8d05b5091b386e8dbe5b138e050796be05,1,0,1,0.47619047619047616
5698d4ce0a46d86bc23981a09787d518c41d4214,1,1,0,0.5238095238095238
34949e02e12eeabc3634d7901e236aeace4aa14c,13,10,3,0.6060606060606061
0b395e5561c53985f93a0e765a5dabe77a6c4cba,68,59,9,0.7840909090909091
91183ba6da4ac13d1d0f0fb8cd8e92b3476426f1,19,15,4,0.6410256410256411
15d84220bbb49b2d54a2af3d93817f1f82543f6a,4,2,2,0.5
76eaecea30bec21de720cb7a9acd78b6c4bbd26b,4,4,0,0.5833333333333334
de1d1cc3745caa657f77fe80e8493e3d607c4743,1,1,0,0.5238095238095238
a7bbade78d36c87a3386704e499390644253343b,108,98,10,0.84375
839145cdea4a6d634319833e1c6c326e7a4a19a8,1,0,1,0.47619047619047616
67b89440d34384d8af8629592ed1dc9465fa6107,8,7,1,0.6071428571428571
720397d1b2f8cbf29875411702928d0353529311,1,1,0,0.5238095238095238
b53e7edd9324b26d35e3f3d276d1214bc5f98e1e,15,4,11,0.4
37b93faac06721000a6f724faf059ebe16780be8,5,5,0,0.6
d14d40f3432de1dbdc5e4f8c4b1995134433b994,1199,952,247,0.7891714520098442
8f9866f7b96454f0079b4f7adf7eb89f439fa998,1,0,1,0.47619047619047616
4351b476bf0084d6a342257acd2ddf28b420f923,91,35,56,0.40540540540540543
c11054c57230939387f3d2187323c2260673b86d,1,1,0,0.5238095238095238
f69f318d02c0f1bd6aef8aaab6111e97cb4bb131,2,0,2,0.45454545454545453
597907eb2098263f3aa5ede1d26431cff95aa82f,3,1,2,0.4782608695652174
80e2c9e59bf5eafa6ea638aa53823fe2e9060c43,16,12,4,0.6111111111111112
b8c68e4343909ea5c73d2281926901008c557e74,1,1,0,0.5238095238095238
5f15be38f7d7b025801bb413d10aee907a6b5173,1,1,0,0.5238095238095238
6034ef880ca2404fbe37ab5bc43ee9131fd54dbf,2,2,0,0.5454545454545454
10049695d7903ecdd945cb6428d3ebf5ca1f9b6a,1,1,0,0.5238095238095238
ab843247e7fa969b8ba2821bfc5de9d6408999a6,3,0,3,0.43478260869565216
548f22c356c3430d9a69681187066c642c64ed15,1,1,0,0.5238095238095238
603ee940c9ca9d38cf32aa8e5427272ec29c45f5,6,1,5,0.4230769230769231
0ab897dcd0fc3f159cbbb712db1ca62b47ce76c5,35,24,11,0.6181818181818182
5978b01ce97e7e4f87733655e03939bfe0d3830b,1,1,0,0.5238095238095238
60db7caed7db8bd90f6baef41365c5b2c2e1a30d,1,1,0,0.5238095238095238
5cdcd6ae15baabfb6155ea6c2960616d05f75b62,323,306,17,0.9212827988338192
4b32a422ff340c421ecfc2115fedc5c6da332dbd,1,1,0,0.5238095238095238
5c5c630ae071373a33c85245b896576772631009,1,1,0,0.5238095238095238
ff4721d8c37532361d91b68de03298dd0070379f,3,3,0,0.5652173913043478
6f2c266367dc9b7a81ee2fe0318e4096d9620094,3,0,3,0.43478260869565216
a3e181f1c11140996caccb73cfd64d6633eafffd,15,12,3,0.6285714285714286
0797d458cd923c23098f26cc33cee7f3bf1cfa03,3,3,0,0.5652173913043478
88f902ad5d11902edd290ba1cc8c2a1bd9ea7b02,1,0,1,0.47619047619047616
a90a410ee6c44603c2223af247994989d94c54b5,1,0,1,0.47619047619047616
dd920d971e4e28b54fa282f049c6dc76d0d361d8,1,0,1,0.47619047619047616
413b06909d6b136796dc8365d67cdae0d9a6accd,53,43,10,0.726027397260274
5a019942aec08faf9858a2f28b81e876092683d6,142,75,67,0.5246913580246914
dba616251d58ffe4a848c430b25f04ce886cc6a5,36,22,14,0.5714285714285714
1df4c7b32df605ba24d563c2eadc944061242478,1,0,1,0.47619047619047616
8e34b749fabcea37e8bb9481193d3fa7a22dc38a,14,10,4,0.5882352941176471
68d75a4c18af3f2182539f35a6f2a37d4a4b2267,1,1,0,0.5238095238095238
91ac4b59a58738ee5048180247eca7e8622ebc35,2,2,0,0.5454545454545454
cc80a348f5229890d9f427d850586b9af4b75037,10,6,4,0.5333333333333333
fa9254f81a34bcc0d330886f720920728fe8fbad,1,1,0,0.5238095238095238
8648f2e5bd4652fb761af4c46dfc416b77c93567,257,233,24,0.8772563176895307
af722adde88d124fb80ee83a3f9f102b1c02f512,3,2,1,0.5217391304347826
f397093f9e607d8377d69d2b5aec31edf31279ea,24,18,6,0.6363636363636364
444e94b2794503b1756cdf3daf9380ff7c4b594b,3,3,0,0.5652173913043478
920629a246f065741ade5c49c68b6d84c621fba4,11,9,2,0.6129032258064516
239cdd0f56241035acb42bdb3298ad0349abc037,10,6,4,0.5333333333333333
a028100218a33556252acd23bd571c986b9aa58b,6,6,0,0.6153846153846154
cbecc99b73ca35be64fddc5f81b36e8c8fb78ece,8,7,1,0.6071428571428571
ecbc2703c7b5ba813cb99b60249e673a3cf4c745,28,9,19,0.3958333333333333
39d2923b9650fbe9cc0d2cd082614914c0918356,4,3,1,0.5416666666666666
d9c4d66314b0fafdce49577e7384990a2db6888c,1,1,0,0.5238095238095238
04df40650f006c04f54c8428c6c9c5fb10ca26c7,2,2,0,0.5454545454545454
86f8f0d54b2cdd9393a6877fcfd5c9044b1ea10c,1,1,0,0.5238095238095238
6b0b4558978a457e626a95b1defad78fbee41150,7,0,7,0.37037037037037035
ed0da2c19a1398b40741ade9485337a33427faf3,4,2,2,0.5
482d2e187d9409c5cbe4004396b39489527917cc,5,3,2,0.52
8b8201097fe8a574e513c4ea95d45372760c54f1,3,1,2,0.4782608695652174
7413a4aaed19004766ecc1ba351adfddb87bbff2,1,1,0,0.5238095238095238
364817799779bf7a81746336fdc7e44ab646ee64,5,5,0,0.6
7be4e6df1d04bf35cdab99beb6d44b738e8048c6,1,1,0,0.5238095238095238
97085f6500fb4f135538ff392a0a0fb306059b66,1,1,0,0.5238095238095238
d5b233f8c1d07765d6fa2e724191cf5365d24ca1,1,0,1,0.47619047619047616
f09a8e82af4c63b00241810c2d5772612fa7f119,2,1,1,0.5
8e905878041c469ece31ce8231bd819aac6b8d42,9,5,4,0.5172413793103449
1d9f52ad316fa3c2090bb9d2c8dfa580542c7c6e,3,1,2,0.4782608695652174
b3107bddac42723f35d9eb9c9b9c38bd3d30c31a,98,71,27,0.6864406779661016
206383ff75b501ce7e1b17ad0a83266db11e1c8b,2,2,0,0.5454545454545454
7122095cc9d3a661bcff0eda1e06211dde504439,1,1,0,0.5238095238095238
e8b8b67f93af557f305eedf8ab39df7a97f3f39e,43,34,9,0.6984126984126984
7dbb13ca93aec17f702da26c893218d39005b6bf,1,1,0,0.5238095238095238
ccb5dd19fd5b0c8d2ffab8bebd92aae86981f46b,1,1,0,0.5238095238095238
7c783ceaa1a756588d95a98a41d4110e02fbf51a,11,10,1,0.6451612903225806
cba7ad22b825a294b5b979a30b7cbacda62b057c,1,1,0,0.5238095238095238
6fdf1778b676ed74c4d965f82a26987e9e2a8c21,4,3,1,0.5416666666666666
a542a665769e963714df069ea018a845d260d655,36,36,0,0.8214285714285714
17c2a6a65550778304711e41772b559b45d705ee,2,0,2,0.45454545454545453
b5897dcbfeee81cd1eeb4d1e955f928d254aa9a4,2,1,1,0.5
b94fc980475183d8ccc8675038ee522aee53632a,1,0,1,0.47619047619047616
0c33e2ae36e3eeb37f87e7b443e98a83542bbf8b,1,1,0,0.5238095238095238
8bb5b8a1c90035f1517906afc198f46779b568e2,1,1,0,0.5238095238095238
b71334116f788f911dfb50c04b8615c96e6ad73e,1,0,1,0.47619047619047616
e7bd9851d9c1c0ddab2140eca84556d50d4b4085,1,1,0,0.5238095238095238
6193f85ed4ac6e9b347b24512dfffb4e1fc40895,5,5,0,0.6
36a810aed7555825b3fdacd83643cc590d009fcf,2,2,0,0.5454545454545454
c9192eb6ee9de7c774de43f5955e78297da71300,5,4,1,0.56
c89360ce3a9c6b425de68bb91bda063326379970,1,0,1,0.47619047619047616
b8cc052a9cbd780039751187cb384b016e2255f7,2,1,1,0.5
16b0cbe4409c8f39eaebdd1e3669ae0ec2b61f0b,12,9,3,0.59375
3ae408a2db2bcf276f759387930ab6b60ff901e5,3,2,1,0.5217391304347826
fc8e873af4e0fe9c0a6a55dd124f7bc66e9029ab,14,14,0,0.7058823529411765
db40fdb1d98675715aa4675461fb98975ed7dbdd,2,2,0,0.5454545454545454
0986a06451c79cf8ec9d5ef0b38a13a5024d0413,1,1,0,0.5238095238095238
6edf352f6ee26c9eb5eb2c5238937ad9474a0928,2,1,1,0.5
1644d86bf42246c7ebbedf81b8eaa86efa026fdd,1,1,0,0.5238095238095238
3cb43a4e4f6c3c54a0988f850249b3ff092ecb15,1,1,0,0.5238095238095238
d7c7c3e6709bc3072a15d218ebe9b32ed1d0c691,1,1,0,0.5238095238095238
29627a8ebd5db41b55c2a1d0278673842038b474,19,17,2,0.6923076923076923
de17aed7332d07996696fb9c493fad2102cd6f9b,176,125,51,0.6887755102040817
b42b6f308c01e8c264f4e5538a3340b79905edfa,2,1,1,0.5
7476f38c10124bcd0a98ebfad758de65e3ad7dc1,15,11,4,0.6
acaeef7e0ec1ddcc373a22665113436edf6d0fba,1,0,1,0.47619047619047616
51d11a1eadb9280c86a4313240a990d84202ec47,47,45,2,0.8208955223880597
d09d9fcaae46e21a1ad944df82fa62b8ae8b8921,1,1,0,0.5238095238095238
8dc989d45ff12faf429aedd39713e097600e0182,77,72,5,0.845360824742268
ce8ed5356e1e8960bea7e080822848115b799aaf,135,110,25,0.7741935483870968
907bc013515d74562b521464fd2430aeb4d23a55,1189,604,585,0.5078577336641853
ffab481bd42845eb2e9685f13343f3c652497185,1,1,0,0.5238095238095238
10c5fe377cc2866b5f9fa148f0f770d7dcb03749,1,1,0,0.5238095238095238
87095bb737cb8444d4cbb283cf4fe2c86f1039f0,1,1,0,0.5238095238095238
b53b106879f109d9322e4ac4320c737ce49d2279,9,7,2,0.5862068965517241
0e7d0ac66c9544656832b535d725a8bdf597cdc1,1,1,0,0.5238095238095238
1a904fbc5e3ddac6fbd1b3dafacd3b8dd58645b3,107,84,23,0.7401574803149606
2ac092ad1bcf006521a85882bb3532d40c4cde87,18,16,2,0.6842105263157895
e94d8bdfb7a9090274680a803d6c43ccc0c7e33e,26,20,6,0.6521739130434783
d4978f98ae60d3f510fa105801007719bdcad0c6,4,1,3,0.4583333333333333
1af93761e1e87bc2728503a607c3251912c86418,4,4,0,0.5833333333333334
aadc82b154fbb728076cf5075d499a225cd0a481,26,21,5,0.6739130434782609
6eb468eab156de0b1a858576e9043b82d89864c7,6,4,2,0.5384615384615384
7fd6149cfd237bb8e4723d979f64f7dea374c566,21,16,5,0.6341463414634146
2638a3013228db6dff476ed49afa4f03d1df89bb,1,0,1,0.47619047619047616
5bd4f92079805831e438e8cdad9111184f8f80b8,2,1,1,0.5
1abcda4ce93daebbf6ee1da45a5b081154152ed3,5,4,1,0.56
6376b860e12d8f79e29d70e3da534c90c9a42f1e,1,1,0,0.5238095238095238
18d00ec420ef01bd27213430ea3096914a75d797,1,1,0,0.5238095238095238
e43829f8e42932ff508fa6dd5d006e059f813a97,1,1,0,0.5238095238095238
d41a3f4aab9272cc96308b8b4263e9c3e3e92524,5,3,2,0.52
205c94fb9c60dff97b7f9b64f61057ffd86a953a,1,0,1,0.47619047619047616
73e7a6d8f46191f083bed148929e92cfab616eb2,458,119,339,0.2698744769874477
5b6521197f0d81ff252b98f8cb9ee09664fc69c8,93,70,23,0.7079646017699115
bb2019af652829917144ac6c19036d165d1cfdf6,1,1,0,0.5238095238095238
6192f8e6a8fc14d6d651351fff339f50408e453c,1,1,0,0.5238095238095238
591d570e0b05f3787a35fd532dc6710a2fbe7e63,1,1,0,0.5238095238095238
8ea5860da4ede1e2303fe544c8f07be5bceb24e7,224,118,106,0.5245901639344263
377bb8f469d3cd468d74e2d4b7fb842aab88b7bb,1,1,0,0.5238095238095238
289514ccc2c7503f7dfe0278fbeda55076fd3a7f,1,1,0,0.5238095238095238
73a389424dada3aa4c8d84fdf0eb34add462a9f4,3,1,2,0.4782608695652174
7545c8cfe70e8f3c1bc492f189a21f29fa4d902d,10,5,5,0.5
e63646bb3ecc2103a47cf940ea67b8511db06619,4,0,4,0.4166666666666667
84a269268d3199c27686c476f3a6b561171dd533,1,1,0,0.5238095238095238
10e7a44f8ce89dd72292e9b4ad1c75e31402d0d6,3,3,0,0.5652173913043478
47a059c1ce2031f3c5501590850b8c1980f0f077,13,11,2,0.6363636363636364
5f066e181b5c5fc64e9eb3677bafef6e26397ac7,22,20,2,0.7142857142857143
58030a8aa63de1adf2ed7bae2dd896b25cb63ada,3,1,2,0.4782608695652174
f727ac191850f502ed1cbf0a855545521360bac2,4,1,3,0.4583333333333333
96d476bb51a1276aadb7df7e355e605cbed220b8,3,2,1,0.5217391304347826
745d0bef4c87905d683a0233e60682ee2cf1907c,22,8,14,0.42857142857142855
b671d81ec8c53caba58d191ae65f51b9bf1626eb,1,0,1,0.47619047619047616
e8a55dbf959d6e32e21836d4bf5a08ee925951f3,11,10,1,0.6451612903225806
a34b75c7c3782a15567f35be093c360c3d550d55,1,1,0,0.5238095238095238
80bfdac955c98b99a6f37083e186b408eb55e919,6,6,0,0.6153846153846154
84da4fb758137bf04ba8bd93c54fdb7e3b2d7b9b,1,1,0,0.5238095238095238
100deb927ca154590651a37e4d870bcd79b18250,2,2,0,0.5454545454545454
5275f08216e6a37b624cf69b1fc1814962d737b9,1,1,0,0.5238095238095238
da3e9adad2671b0c0c7344e0794e09ce1cae5748,1,1,0,0.5238095238095238
287464a481e1dd75edee0b81bdcc01accb592ab6,1,1,0,0.5238095238095238
af145e69dfd8fc7101599d23010f53aaeff42b27,20,15,5,0.625
47b0a9091b98a3d00f8937f85ae0256edaf614bb,1,1,0,0.5238095238095238
2e9a4981710794545df0615f4a3e350f510c6504,33,27,6,0.6981132075471698
9c7b337ee102f9ccfd0f9156224eacb76ffcb40a,2,2,0,0.5454545454545454
89921ff931e32664ae10a1e4b07ebb32c5b98082,56,46,10,0.7368421052631579
622b2c8b055d72ea5d5b8db46b66a94156d2b6e8,1,1,0,0.5238095238095238
afe635bc18074fd8eae1d4494e8a30cc156e631e,4,4,0,0.5833333333333334
6477f3fd2f0a88b435f29ce1a940c39a33c3057f,1,1,0,0.5238095238095238
0c1862f8704f056809ffb54644d0a1434e97a352,357,203,154,0.5649867374005305
3ddedf4f4fded5321db488cea1fc2b8b930ac1df,24,21,3,0.7045454545454546
c96e7c320a3803ed51a786d3311882602f6726d9,30,27,3,0.74
db8583d21754b03e6b4ff56f7bcc1cfcce08e108,51,44,7,0.7605633802816901
9e272b8a074b447ab10c56bb6d0de5efdf4aeed3,4,3,1,0.5416666666666666
00d1c713d26922983922a0b030039fc91c59dd4c,10,8,2,0.6
95a49b1984b4f31b43769d2c9281eac0657107e4,4,2,2,0.5
97ed79ab51a924a74e20646424caa6f6927f8e01,2,0,2,0.45454545454545453
aa77bae2553caabda092cb67c494dc74330b4e0b,1,1,0,0.5238095238095238
047ceaa2f5fbea662ac4dafb2365db9f3a033f12,1,0,1,0.47619047619047616
e878af9845a77160c1d9a8d2aba8e72ce00625ba,28,20,8,0.625
7d6733ee7816dc2056b272a0da86e8cdaa5520a8,2,1,1,0.5
bcf6f83affa31ff1638a998ef9c0e99b7c979e73,6,6,0,0.6153846153846154
77a79295db58923a76ad312d0a8cc7c8cca17559,1,0,1,0.47619047619047616
8ce753bfa008e9b4eed811cf299d30a09d49d7f2,22,11,11,0.5
d33828727e131926b1088a27582f6c7f5e3690d3,1,1,0,0.5238095238095238
7c8f3bec8b341b02107b4211aaa86c81acdf1d3f,1,1,0,0.5238095238095238
218540c4496ab8250fd16dbf901acc27e5e9619b,1,1,0,0.5238095238095238
532bfa97b8c28d090bf1ddaf059617df56ff9f05,1,0,1,0.47619047619047616
ceba831f61dab93154a7aab2f15530d4f5321559,1,1,0,0.5238095238095238
5c48d0519212a87bd5b25ae7ea2412de1b2b47bc,1,1,0,0.5238095238095238
18a6b3f4112b6530e96a1cbe07f6f99324a88142,13,12,1,0.6666666666666666
76fa5513627c2726cd39a3e193044ceadfa7ce4f,16,14,2,0.6666666666666666
ff4c1297959264bd4c8b373c1d6e95fe53901d23,1,1,0,0.5238095238095238
9e9f7b96ee3706bebc37784a09e20dcbb44cdc2f,76,73,3,0.8645833333333334
9708c722f9bff0df93defe44675faf2349e9947c,2,2,0,0.5454545454545454
a1b053ab04158d830f2fa068a898eda649335358,1,1,0,0.5238095238095238
6cfd122d57bf0b2f8a07a1379bccadb49a390c32,9,6,3,0.5517241379310345
79ea7ce036c4fadd4e9945deb6ce56b4306d62de,1,1,0,0.5238095238095238
1bde0bd9252fa9a6967e2ac83ac4f3d20a1ed742,1,1,0,0.5238095238095238
7f4e75f65fda6b0893fef3db521b429a443bfd88,2,2,0,0.5454545454545454
d48d89fe2ee9da96473e5ef42b6db274f8657a1b,747,569,178,0.7548891786179922
8ffa3d1cc7f6212dd25ca4935fec430a223fc0a9,1,1,0,0.5238095238095238
b74db2737c09f6ef9388dd83975a2f8de7c7ce02,15,12,3,0.6285714285714286
26edc5cf5776714ea77afee413ad4e7a8bdfff7b,1,0,1,0.47619047619047616
8f35b477e672d835b0c5627211aa073841b0b74c,165,117,48,0.6864864864864865
ffd1f5eaf2eec2dca54de544cf0dead36afc5e53,8,8,0,0.6428571428571429
f5df6b6a4f9fee2b6ba64949559bae7a6d6eecab,3,3,0,0.5652173913043478
e8d92e81d34280a6f10b0286dc4cd4249bfd8a94,1,1,0,0.5238095238095238
5247fc9768819859fb262eba151f53af615d898f,52,42,10,0.7222222222222222
ff255b0ececcb05cec5b084d639f5820238b2b55,23,22,1,0.7441860465116279
b1f4bf2c356c4dce5bd208cadf782c369343e4e3,21,15,6,0.6097560975609756
0f126b4de8855ae629627b54fa464177d7849d1b,10,8,2,0.6
4d7a52237ef6df93995e3000b84b2924f07d0249,4,1,3,0.4583333333333333
b0c3c4d8909a1f2810ef12468653bf530893629b,1,1,0,0.5238095238095238
75cf45c15cbf6b88412879566d97dd882fd1b394,2,2,0,0.5454545454545454
074ac37dca77cf7afd5a557340b104e55aa5bff5,34,23,11,0.6111111111111112
a7b9df31f3fdcc0165991c426d4039f9edf5f451,1,1,0,0.5238095238095238
b80979e94f556d6f120731a5adc1cea8c27f73e2,2,2,0,0.5454545454545454
721e37a6898ac14c72a2651895cf48f97c06cc44,5,3,2,0.52
b888c7cfa8ecb531ba8f56c21c1530c07ad23dde,115,102,13,0.8296296296296296
746aa22cf18a54036b7c7b4b9559a203801535d9,3,1,2,0.4782608695652174
0fe637c60d8e0d907c2b2e3f30f1cbb99d75458d,2,2,0,0.5454545454545454
74bfe585875d21c238dcc8090caeec3a8c9717ef,1,1,0,0.5238095238095238
4be5f6c55e49db0fa6b076f27171b3f75d4e37e6,4,4,0,0.5833333333333334
4d38e755f45a477e5cbed9a0188f184899e47540,1,1,0,0.5238095238095238
7a9f98a82faa40a1cb75c8c92b777aa8fbad3c51,1,0,1,0.47619047619047616
87f14398b264611ab82f82962f56e7dcd896e0be,3,2,1,0.5217391304347826
84fa3d98f11ac13fc548dec3c3a6915e85752214,2,1,1,0.5
dacd7f9dd4560a9165040c5d1772178043327d27,7,1,6,0.4074074074074074
9c982b52995992e4e0fa28d9503bdd79a5519c6b,1,1,0,0.5238095238095238
c9f6f509630d76767be937a2ea04cbddeae76cc1,11,8,3,0.5806451612903226
97def40dbe6a49ca4e22deca74a5ee72e18ee90c,1,0,1,0.47619047619047616
cd48046d49e38cb3c40835ea6ea29c6dd4d9704d,1,1,0,0.5238095238095238
fff79300c51035fd61494bb86dbdf805f8b2a3e9,2,1,1,0.5
0b8fd63f13e2324690f21c04986ca12af81012dc,3,2,1,0.5217391304347826
3a46b6b499d58b86baef226d68661cd113cda546,14,4,10,0.4117647058823529
8cc832fd49ad18384859915912303b91ecce2076,3,2,1,0.5217391304347826
52de61ced5e16fb835f783aa1ed68d75c07edc8e,1,1,0,0.5238095238095238
27ed895bb0bece881028e2ccf6ec9147a8305bcc,1,1,0,0.5238095238095238
18a8f6cc867a7fb2aedcce6c7971764888fa0035,1,1,0,0.5238095238095238
d417228d9a055b69096f26af2be4c19561bc5c27,1,0,1,0.47619047619047616
764480ee67b7c8c185a55a181d000a5e2aa17ab6,1,1,0,0.5238095238095238
f53b5e81999526c7fa6265381eb5162f7dc16aca,2,2,0,0.5454545454545454
5ed7e1fe235204e0f06bf4ad059bcb89440d5586,1,1,0,0.5238095238095238
f4a914058ba1aba4730d94fc314a34d24b15a1be,1,1,0,0.5238095238095238
523e4a96eb2e88d31157fd0024510657d76f329c,1,1,0,0.5238095238095238
b0285db30775fa1a0ac610a1564fd09e7dea5a10,30,20,10,0.6
c158e4e0f1de56a17a8c54baba37a029d0fd59d4,1,1,0,0.5238095238095238
20927bd050eed06e9b738912232bcc86dc6a8ae2,2,2,0,0.5454545454545454
4d915dd4969eccb95ea0396a0bbb58f634488d1b,7,7,0,0.6296296296296297
ddaed1a6f97d1bba01fe6b6d5e6f40a1c0165033,1,1,0,0.5238095238095238
ae50e52aabcd860b6637cbb131cc10b48027196d,111,95,16,0.8015267175572519
659343abcdfc0f30859c8fde69bf5b2844453f80,23,16,7,0.6046511627906976
9b4078fc0091a0858cef3097486e5d6921d0f0db,1,1,0,0.5238095238095238
30b4e268c3da1ce97cf7b0ad54e7ff1079fabe98,3,3,0,0.5652173913043478
5d8b02adeae85f47c7f3f34c4eab9d3258630515,1,1,0,0.5238095238095238
7e239526fbe7dd85e81203ef124982d4cccb341b,1,1,0,0.5238095238095238
0216a80b04fddfd0a8f6f5d38e423e9044cbbe27,4,4,0,0.5833333333333334
47999cb97fae2ecbb2254609170c612f60cbbd23,11,9,2,0.6129032258064516
5fb2c440adbfc895d6a1e8fad1e4e21d71da10ef,1,1,0,0.5238095238095238
fd9f5832d8b65e9e2ac0be88f49cf92ddcf27f05,1,1,0,0.5238095238095238
fade22cdffb1efffd7c5d601da670a57a7d8ec74,11,9,2,0.6129032258064516
92d0f8ff51ad5126212b31a6c45ed06ae27afa85,1,1,0,0.5238095238095238
03517081bea68d04fa43187588eb18a343ed1b69,1,1,0,0.5238095238095238
4c308d705269a3dd57ebdd70e40e104df7b68655,2,2,0,0.5454545454545454
a98840bb0b3e99b8d7e06abfb9ef491f5aadc265,93,40,53,0.4424778761061947
5c6fd1c73369774d613949a4437c3820d5cf53c5,77,59,18,0.711340206185567
91978607bf69f01beb2e6e49b50daf44542dfd46,3,2,1,0.5217391304347826
b12ca74f7ead93c14177c55851da83af9afa5cc4,2,2,0,0.5454545454545454
8463d544ed935feb55393722c29a66de0a363cb1,238,227,11,0.9186046511627907
026cebb8339568bd38f895c3bcaf538f2a80b527,3,3,0,0.5652173913043478
78b3b418db18542a1bd2ae44970c7c63f886e0f9,6,3,3,0.5
cf44bfa51e312224faaa3a5d3f99d619afdf47be,1,1,0,0.5238095238095238
9eead51caf0f1d9fd94f0e4918fb94ea3cfd95f3,13,4,9,0.42424242424242425
0e2f709444e3f9fc322c42023ab8283d88fff049,3148,1866,1282,0.5921717171717171
e2a1e52494ee15e9ed62585760347b9b9ea5b28b,8,7,1,0.6071428571428571
3f60d6fe9b7b784ecb91bb916e04391425a4c244,7,7,0,0.6296296296296297
fa0b0ca5bf81a35eba61ad84ae49a0e5666fad89,1,1,0,0.5238095238095238
7c72b38c5ea162207124af5efe01be0b13fd3d9e,1,1,0,0.5238095238095238
047dc0ad9271b9c13f5f4335a38d17327f710830,1,1,0,0.5238095238095238
baa86e1a06b933e8051e2132a3e04477da5865f4,1,1,0,0.5238095238095238
861da8c0a209e68502fcbb02a0f6f9e22cafceb5,2,0,2,0.45454545454545453
27a87b81ab9789a4d52001ae29f35cb6fb5380bb,2,2,0,0.5454545454545454
94dafbf92d8fb0535798e4a20886aa5b27929cd3,48,30,18,0.5882352941176471
565d3bd786a306e6e181b839dea69620934b53c0,1,1,0,0.5238095238095238
027f4bfa161e961ed1760f9c3326b4ec169c100c,1,0,1,0.47619047619047616
4dff3a1bd737472abfa34d8a588ba7f3931005bf,12,9,3,0.59375
56414c69c49a59abceb493e7b1f7246552978c92,11,7,4,0.5483870967741935
f719ba1a663be4960d12b90fc5b5de626d77d614,147,117,30,0.7604790419161677
1d4fa6e44aa78706af56370821c921cf46569741,142,103,39,0.6975308641975309
b80ee37c435c3f96976379e1c3fff1578cdbc80c,1,1,0,0.5238095238095238
161865608652632afed7cad188aa6c258e8041fe,6,6,0,0.6153846153846154
77c30d68909eee8fb194ced0d1fd14afb2f37dde,9,9,0,0.6551724137931034
da5755d472bfb934b935090763c201d0f0d30cb0,1,0,1,0.47619047619047616
27a4e16bfc463cd41644cdf2397f6a7167a8318a,17,15,2,0.6756756756756757
3718e4a61fc81d5bab19a28c85a12ca39bf1aa84,4,3,1,0.5416666666666666
cbe180b8d57b0091e37a8507325cb970360e09f5,247,192,55,0.7565543071161048
404634d569cd6437f216145fbb94bf577c819f0d,4,4,0,0.5833333333333334
bd461b1f32cd393b2f5e8760227224a5a12b2e9c,6,6,0,0.6153846153846154
ba1bcda7f79112c6f7616b6aaa052acc1cba110d,4,1,3,0.4583333333333333
d6dde75f7517a1dc0af226257985c12245a0032f,13,12,1,0.6666666666666666
b6c1358358f941782d65bc0715759361bf83738d,16,10,6,0.5555555555555556
21ca4c2bb1fd4426e31d16c5386aa86f0e24aab5,3,3,0,0.5652173913043478
9b82f1570e13949578343f228fb53c56e4137ca0,1,1,0,0.5238095238095238
a5839762e633ac7f50c0807510c2debbb98e36d5,14,6,8,0.47058823529411764
8538f409d8db9240f93d3c600802a804f3d82a84,2,1,1,0.5
51cdf34099719c4280672d2e4f15fe54d8612215,3,2,1,0.5217391304347826
618e8298c212421f667c5598d0ac6e49a1ef4e29,3,3,0,0.5652173913043478
f08b132c21d50c24525227e400456938499699f1,10,10,0,0.6666666666666666
e543504c4fdf6b635b2ed68dc9ba1106a76734bd,6,3,3,0.5
96e93044ea910c857140e4e893d104b59cdef624,1,1,0,0.5238095238095238
f964e347b076482ddbb8e55a472421a880586665,2,0,2,0.45454545454545453
dee0ac53633b70c55040a0d3f69a3b067b6f2710,51,37,14,0.6619718309859155
429bf31f99845a1d8edad5c21c1b671537f64fb5,2,2,0,0.5454545454545454
897781d01412ff6e56e2d12671cb0795904a3573,1,1,0,0.5238095238095238
a7840b77677588b277cf00da036cc4942b60fbd4,1,1,0,0.5238095238095238
5208b0fdc7b8bf8fcba5f801a04b6a042e8c991c,2,2,0,0.5454545454545454
749cb7419921da704328f6d21075c3765e8ca3bd,2,1,1,0.5
30f12c4afc1b9e69afff72a43e224d14f130fd1b,52,46,6,0.7777777777777778
904917bbb9c43bf513d7412b7a84476849f9e8d5,7,3,4,0.48148148148148145
9333e15ed3a7a7863ecf5b333974efe0a985ff6c,152,134,18,0.8372093023255814
99f0c18d3e02e0597511bfcd9e49536f9a8d39af,1,0,1,0.47619047619047616
ce7825fe0f6bb87d2e7f4494d26a578682cb43fb,6,3,3,0.5
35059c4c59d625887787b2d659456c361e677d60,2,2,0,0.5454545454545454
201613d06bb84601d3fe8d7f14a14a8ea807a895,1,1,0,0.5238095238095238
0e0870bd319e3f3e25d50d2a4572022ab677bbdc,5,3,2,0.52
7e646b5b8d0ee5fb92fd34f2c8fcda4623b575fc,1,0,1,0.47619047619047616
49ae32120c90a0145483db141a6722330efe75c4,1,0,1,0.47619047619047616
4fbe492957a67c1f79c2ff1d0f76bbce4b32d1f1,28,25,3,0.7291666666666666
f941a818e48c0e942533ad68197b5b4819b7bc9a,7,7,0,0.6296296296296297
a5618e128b414e1d5b319adbe23f8a5b3dbcc762,4,3,1,0.5416666666666666
cf03c57599800d355e6a100daf1e26646ea9761c,1,1,0,0.5238095238095238
16102722bc7b4eae6438af0b5505e6562291f580,1,1,0,0.5238095238095238
3c293dbcf1a42944d7d3d59fd279239c1f1bd0a2,2,2,0,0.5454545454545454
c5fe4b147b5b6a1c4de56f4fa9de8293fc6ea050,1,1,0,0.5238095238095238
222e38b187618f3e2435112ba79cbf4cb1cc94ac,9,9,0,0.6551724137931034
1912d4ede5f8740cb9817e3816de32c0e3de55c4,4,2,2,0.5
4aa24c7cc72ee14e1e56d33d4122fe289c46ee81,2,1,1,0.5
b4e8845eb9b065781879a406a9101efcf3f9a87b,5,5,0,0.6
01f3fa46738c0eef83f39a89dae494f3bf5339d1,1,1,0,0.5238095238095238
f144747d7aa0e9b90bc1a1d554a1269fba3ef8f5,2,2,0,0.5454545454545454
e4b7cb7d167209d55e0c998888f96a53de2af723,1,1,0,0.5238095238095238
1f23766a79456c866bcff21a56c991d995ad76e2,2,2,0,0.5454545454545454
ccaa065621d73d72b45a827caec63f91e7e4968f,2,2,0,0.5454545454545454
8a5bc58d69d8a51e8614da8a197eb30748bcc980,6,3,3,0.5
6de6010894758f81b11e2db7b55a2e71d676c6b2,1,1,0,0.5238095238095238
22627c4d2fb76d7f6c299c4db1e006f0ccc8a3ab,3,3,0,0.5652173913043478
6a114f45706f1adf594c9d726a62814f32323e16,9,5,4,0.5172413793103449
ab6edaa5b7fd4cc201895f1c89de67cd80a5f3ac,1,1,0,0.5238095238095238
a0ff5e5231ff31d95308104928079882e11d9548,1,1,0,0.5238095238095238
087eacaccc6a2a938f7d0c5b147884390ae3fe07,187,83,104,0.4492753623188406
f6fae09741c7456a503680cd884cfa3c81d35c7f,2,1,1,0.5
d3ee3a56db060bf9d175e14c82cfa867f45105c0,1,1,0,0.5238095238095238
b0521f6465895bd07b0eba84661811f5d0053b23,1,0,1,0.47619047619047616
4ccf46d8ef7c8839181c0306fab8c7eb34c6b813,1,1,0,0.5238095238095238
d5a9433448c66f7fc20d24ef4bbd5e6bc4e91e05,1,0,1,0.47619047619047616
cbf4def2aff1ac55a0f1952eda602d895c6fb622,1,0,1,0.47619047619047616
366ea3655666161d0c23b4324d1a63175263b3f3,1,1,0,0.5238095238095238
a7f1704fe3b645f3ef353438d7dedfc89b6fc0ad,2,1,1,0.5
dcdaffd17852fd0421998fc78a88efb9b1c1d807,2,1,1,0.5
ac2ded9f6e69f73701346e7a62215104efe69846,309,87,222,0.2948328267477204
ddb2e7b7288b05b923d30eb73a3fefaf5e5d8143,2,0,2,0.45454545454545453
51b332ca55e2f5c2e49601b540bcb5faf6cd7322,18,18,0,0.7368421052631579
aa75bd6b02c357105b534725550bd922b52dbcef,1,0,1,0.47619047619047616
abf02d0448787b3f6905d8ef787c5872c8243196,5,5,0,0.6
9c3ae195186c2d6271bee70d1fc32ce86a2522e6,7,5,2,0.5555555555555556
237be3a478445153eb036f2eb774e8e9294d659d,1,1,0,0.5238095238095238
852afdbcf234163cbde45c2a5ee585ee2c21dcdb,1,0,1,0.47619047619047616
d14b1ca739e9032a33435cc777026a5cbdd9dd8d,2,1,1,0.5
8f1ae7df7e7caa44d8a9ee7cc7b8ff64373fe091,3,1,2,0.4782608695652174
540a632e27416449b4d8e683fa25125684c6c7a3,2,0,2,0.45454545454545453
dcbca2fe53bdd6543cb34ce4b136c6f585856ab7,1,0,1,0.47619047619047616
7797da53c21c22f38829b6a917d58ff333fc2b5f,2,2,0,0.5454545454545454
a13b3b7e63f7f9e3f94c4f27bbcc792082f9eeb8,89,77,12,0.7981651376146789
f8f52f62fc0d823fae7a9319b45c4dfd55eac8da,1,1,0,0.5238095238095238
64fa0b5dec12b82c65ea086560e82d3c3c87491c,1,1,0,0.5238095238095238
def65c917140512b2430b8cb8cde88a689aac6bd,2,2,0,0.5454545454545454
fda09997ff5d2e23b4282258db441aed458c1d8a,2,2,0,0.5454545454545454
fc3059b3358f736ac22de824bca12191ae4ad4ae,11,4,7,0.45161290322580644
6493f9d002b074762937ee3ec8aabb34e98d2598,1,1,0,0.5238095238095238
a8e429b8d0fd759893f153e7229b26e025464c8f,1,1,0,0.5238095238095238
f1c22ce991b9ff0eb6e36b17b94733f0af9ab3c8,1,1,0,0.5238095238095238
ab2e81ccfb55c3957d15decc0e5b644682c1d07e,1,1,0,0.5238095238095238
b667458dbf693801a5b795342cff77d96c3a2ed0,2,1,1,0.5
ae143143b346dd03b933fa8c9846daa0932f9904,1,1,0,0.5238095238095238
11ff37eeee4533ab9c9bfec4df371d181fcffc3e,6,3,3,0.5
3e250d2d9ef486ab0030a5af69446b2c33b18ffc,1,1,0,0.5238095238095238
71d0370b2b2c31508a2985870779715659f2365b,1,0,1,0.47619047619047616
9033b9b778a8d951abf26587c0601e4fedf56d9d,143,128,15,0.8466257668711656
26bcdcb78532bfa8e038ead97162fc4dfc8c0e97,1,1,0,0.5238095238095238
45044d49777d77c279858cf26ebdef5447cdd81f,224,215,9,0.9221311475409836
b2f479118cdaf130c47420249dfbc483abe4c5a4,168,35,133,0.2393617021276596
02957fd081bb6e743564618768ab0190f4e11df8,6,5,1,0.5769230769230769
b6413cc282694b9cffcab42090da5e5279856168,11,6,5,0.5161290322580645
dfef5c652957707ce2f9b319f56974c2236bf260,3,2,1,0.5217391304347826
a7459187540694124a865ba62351c71d34f26f79,1,1,0,0.5238095238095238
ccae0d7438124078ff9b2d3f66db5262916c9da5,1,1,0,0.5238095238095238
0433cc98bb86c5a416df5b02271b128179c4eef2,13,11,2,0.6363636363636364
d7b906e2accdb72a6704f2ae8de72f43cb34c1bd,1,1,0,0.5238095238095238
c6a38ac25e9dba62cf9c76fcd6caf7604f51df9d,6,6,0,0.6153846153846154
eaed2d15c61c6325e92b00161e0886b86ba287e2,4,4,0,0.5833333333333334
0ca73988b24a452917c72c4bf80fb98d5811cc3a,354,328,26,0.9037433155080213
20eb5fb0e2091234339d9510505841f48093986b,5,3,2,0.52
ae93860e069bf7b997bf33f398665d2467a10fdb,1,1,0,0.5238095238095238
ebc15dbc6167973aaf249fd72e568b93c12b44ac,19,17,2,0.6923076923076923
96951551c59b97b48cdae53cd706f80d30944173,1,0,1,0.47619047619047616
ed69b9e44b49b57f3cbc08222eb068e3eb759fac,316,242,74,0.75
16baa5b61310aa3f5a5474f1a6ccaaf511c93a20,2,0,2,0.45454545454545453
d2d6a4a7048b9a906ae5e31bb5e26beca0fada7c,2,1,1,0.5
14ba10bf7c5ecc28b2240a79e269eea4ff2dcdcf,1,0,1,0.47619047619047616
90ad96846f76603f5937b4591e8f0d7b259f01e6,2,2,0,0.5454545454545454
8fc0d415b9efe39b1667d2eb96a98a6ca46fec85,2,2,0,0.5454545454545454
1e1a9c4a0fa965ed39d178a450013b5f26a3694b,1,0,1,0.47619047619047616
e0fc06f44b0ca573732a92b602e8adfe5deda3a3,4,4,0,0.5833333333333334
75256c8fd1e70e9a6794a5b8cf6e487f5d117389,1,0,1,0.47619047619047616
891349a42a144033a134a1b125aa8800a661bd98,1,0,1,0.47619047619047616
e69359788367fbf2ad8f426e6d55a55163ea8914,5,4,1,0.56
0e84b9f3c001cfbc6f0be9ceae182ecc127faf95,1,0,1,0.47619047619047616
1a237c47194957e582f926699337659966c59013,8,8,0,0.6428571428571429
29e614ef9f8c393c09d7e04cfe562aaddb5b6b45,1,1,0,0.5238095238095238
85bb634429bdac817fdc1dab8b4f5fc73fa77f9e,11,9,2,0.6129032258064516
6dba81eb1fc108d9a3e9796c50983fc88f073ad3,69,35,34,0.5056179775280899
6dda9181590651f22e5878f273a75dd1153b42ce,1,1,0,0.5238095238095238
f239a38f86b3311dd860e1e1d7e65114205803b4,12,8,4,0.5625
f0d4ed5e0164ac44882b2b6593eb4fe4433b49e8,7,4,3,0.5185185185185185
dbc65b11e5ae082a6e0e5b4735eb9f5fc261d6fa,1,1,0,0.5238095238095238
2cfe72a677187168b1d84243a75f20b3c863e317,1,0,1,0.47619047619047616
473e591f37a53dc192dd51643700441650c7e3a4,494,272,222,0.5486381322957199
aac4f5fdf99bd155ceb2171d04a6c2ca809047a2,19,14,5,0.6153846153846154
4085e1f801e618c9340eb4381386f0450b8cd2ea,15,9,6,0.5428571428571428
464598d62845a7b206ab826742a9003ee7436ab2,2,2,0,0.5454545454545454
a2ac189a99979707deb23a6ae9a108322a94b80a,1,1,0,0.5238095238095238
291fadd6181929d45a851e50b52124e62efbe18b,1,1,0,0.5238095238095238
f3a4183eb9cee4a0d60bd5634d54b24de6cbdc6b,1,0,1,0.47619047619047616
f9a789acea61cee84b01f5ded4df732de8562201,1,1,0,0.5238095238095238
96dc5316838019549eb891e26a3640725332b791,13,6,7,0.48484848484848486
53af600d2a53b1eb68683d16d6edaab43ac1ec3d,1,1,0,0.5238095238095238
954b82a4c0b6e4d27544ad87dca244240737816a,1,1,0,0.5238095238095238
280611eed54ad98d74734f2f74feb672757f460a,8,7,1,0.6071428571428571
e8587364dbb949ab12f57747346b90c8ea28fcb4,1,1,0,0.5238095238095238
a03e6ab31e1e2bb5f194e7e88ae06890aa45b509,44,27,17,0.578125
5906eabe52f0d2b1a61610c1a0b301ad2656d6ab,4,4,0,0.5833333333333334
5aaa96923762c733d10aa9297d7ca35b631ce003,3,2,1,0.5217391304347826
931d53020695f8e5a0a27f613c4efbce5488aae8,4,2,2,0.5
1998f775879b6b26ea0e4220681e3d84f30fd991,1,1,0,0.5238095238095238
7be7d407afd595aac567b708cb9f2b05800edfa8,415,330,85,0.7816091954022989
ade3daf0a1c38c3b9d211c0d5bcead02ec2f00ed,1,1,0,0.5238095238095238
8b98ca54a983ae8fd276167b9fbaea86bc9e890c,2,1,1,0.5
c1b6387c87d948264de4bc03167df53333b83721,2,1,1,0.5
5dd2fee9375a8103910a88783e28f89e9620b6e0,12,12,0,0.6875
1a71b029dd8bb773dc66c8ce297c0cfad9c5dbfb,23,13,10,0.5348837209302325
faa2b407931ad44f79af122c855ac2673d69baa5,24,19,5,0.6590909090909091
9d1220423229729d4478a6e49333378a58299759,2,2,0,0.5454545454545454
93af860a339d8db12001ceb5b9f0ce56295fac56,1,1,0,0.5238095238095238
93c675ef2d6518cfe74d5e8054b6ce511d3fe63e,1,1,0,0.5238095238095238
84a9c42665569e469191b5fcd0dd7d91a72c3cc2,4,4,0,0.5833333333333334
f92a9129163779c7c4263c897a432f46da76dfa4,4,1,3,0.4583333333333333
f310443e088132058943691e70c5533934d23d12,54,47,7,0.7702702702702703
6cf74ca6280cc6ecc1dc84186fcaa7bc345cfddf,1,1,0,0.5238095238095238
26fc05820d2a440d9bac42b364445b3e88b42ebb,4,3,1,0.5416666666666666
039db454cedf53f63ccd64e3a1be95a4b988b952,6,6,0,0.6153846153846154
e955b890dab5f6426c18e7b2c47ea2a2298da592,1,1,0,0.5238095238095238
3658a7267d5abe320a6d110fcbf2655df83dd671,6,6,0,0.6153846153846154
4546c8d5c51a595317552c71cf429eb6cfc8dab7,5,4,1,0.56
aa960b6a732ed29fb7d5a8d855652d508d75fc30,59,49,10,0.7468354430379747
e4337879b41875a9a52763d9242c8cb74962beb5,1,1,0,0.5238095238095238
f0021864ff5bd28d1f9613a87d6deca9f85e475b,3,2,1,0.5217391304347826
1e0155e677715ba322e0113506ccfaeb9a53dd34,3,3,0,0.5652173913043478
5ec1a3c6e57ebdbbba0dac9d88f00aa2292025ed,6,6,0,0.6153846153846154
040a5010f10796c1355e215f1bfb1ecd76609083,13,10,3,0.6060606060606061
5135a67ae959a43b5f65971edcced58cbe2ac105,12,5,7,0.46875
32efc06a1adfaf7fc9aa1ea2bb289f7d0336423a,13,8,5,0.5454545454545454
7dc7682dc2bceb369991e0846d3dac411c6b6c14,2,1,1,0.5
da43ac2187bef2b7548fdc5e15ffc3ebffd300ca,1,1,0,0.5238095238095238
d3c62277ffa7bdccf786b989ad5a43899b34fd0a,3,0,3,0.43478260869565216
a81e7e1e9a60e6d9788eb7ed8294816e2127bf71,3,3,0,0.5652173913043478
8ac54efbdcb68daba02fdf1584eec2328ecdeae4,3,1,2,0.4782608695652174
00f4aaa89349b62394eae1e829b21a6bba20fb64,15,10,5,0.5714285714285714
29ddff179e3f7957a637046394885597f46d9f04,7,4,3,0.5185185185185185
0b69372ad6f93ec87633330430c8235ba967c513,18,16,2,0.6842105263157895
9ab543269fc7d25b7fa135c269254cbe063cd7b9,2,2,0,0.5454545454545454
69898f8ac45ca7b043a59445012d800b3981a8bd,1,1,0,0.5238095238095238
5faa3ddc4356bbb9c0b3acc5cd1ff722e2f37030,2,1,1,0.5
ce881b344cd8ab18453563016611bba294eb4a5d,6,2,4,0.46153846153846156
753cb48685956cef10cec45f9f0b03fc4aaa2453,14,14,0,0.7058823529411765
a8cf3ce29bc465afa14254d2ed69f8cdc0901d72,85,73,12,0.7904761904761904
2140c30b7f182ba7c88d37cdb91f81c4a3a51e84,1,1,0,0.5238095238095238
acc1760b683e9453e884838ec69198f6b33927b2,139,97,42,0.6729559748427673
6b745454ec351ed16ae303065aeb742962ef8f9b,1,1,0,0.5238095238095238
7957f43ef89bb8c83f6aff29010058191d0fb528,72,70,2,0.8695652173913043
4989c4b8e42f1808d6f4cc281785c7cc9007ee9d,4,3,1,0.5416666666666666
542ef2312f50685cf896151779d3ef0ec303ce3e,1,0,1,0.47619047619047616
7e92c92b3c2645ab0d01ecbe102270afe972e108,1,1,0,0.5238095238095238
423b9db0d8f79d0779aaf175be5cf2477443856f,3,2,1,0.5217391304347826
deb8eaa3601a8318b66f63807b5f2c0032a3bb95,1,1,0,0.5238095238095238
eaae0b38ef5e61ef8849c83508a36fbe1601f5ea,1,0,1,0.47619047619047616
0d6c27a05b5c8e75dda7a0da51e07a324e5cbc9a,28,26,2,0.75
75546b9d790bad53dfb426524c20851ff092fd81,3,2,1,0.5217391304347826
39e087dfbbb483ccd5fdfb3a39b025e6cea7ca99,4,2,2,0.5
cc79757e1b68f7fadbe88e5bde29f7c0e19936c5,29,20,9,0.6122448979591837
a312785708f1b1ac86280c2b7cff7414002eaab5,2,2,0,0.5454545454545454
54ea0c0d5bede3ee832033e180c044abfd47456c,1,1,0,0.5238095238095238
a480db0d3b3da6ede81c035e83a293f336566fa2,11,10,1,0.6451612903225806
ace50d0612f241c38353fe5fad8e326241868e09,10,6,4,0.5333333333333333
502ce0863b817d9647e1fcb6b2fde56caf65e364,1,1,0,0.5238095238095238
f99cd4a31ff288e4e58da4612587e842303a040a,3,3,0,0.5652173913043478
d0c824fcb84ed4fd44d0b5ca6c0b7b8441eaecfb,93,89,4,0.8761061946902655
5040196499a81d131b58d75501447cccd88dcc96,2,1,1,0.5
1b2acb9b1b80ee5900b77ea9a2694332a7139725,2,2,0,0.5454545454545454
166183a81877e09f571d40baced2c761c1d72b3c,27,20,7,0.6382978723404256
65267f44ed9c954db0cb650303f74e166841920a,23,18,5,0.6511627906976745
e75ee6beeca157c3f0d7043583de5b4cd47f3338,1,1,0,0.5238095238095238
8c821598adf1eba9a53a421e04186bdf830785b2,3,3,0,0.5652173913043478
dca9f27b769261b6c5e365ae41eeed7c332d570d,4,3,1,0.5416666666666666
573596f9ac06064d916e4be2f21ad824bbebd790,1,0,1,0.47619047619047616
ef1ba62589d04bc05ba9353911f6abcf7045410d,1,1,0,0.5238095238095238
e2b45a776c0c2247e2083c6860356df30a8b7d86,5,5,0,0.6
f4fe90d5bd444a018f1835eed58873cd96d18d21,134,95,39,0.6818181818181818
d548bc4707512b8e0022eb4f63f6acce4e442df9,2,1,1,0.5
151189d7c941c45fe7c39430f0d03818d03bbcd1,2,0,2,0.45454545454545453
a8263c7f1c51b68d0df96278bd8b0ec87dcde93b,1,1,0,0.5238095238095238
125c6fb1d2c24b37db9a230382b339572c2c4ec3,21,18,3,0.6829268292682927
c6aa480135c979b978a2883caf41c3cd9fadc715,6,3,3,0.5
6ab34897b8c5084b4684721e0ac8d42930e2d810,281,223,58,0.7740863787375415
dda138d7924b3b3dbdfb1d9b334fb1b38e9b6b52,2,0,2,0.45454545454545453
68aef2b3be52d6f33c05ef570f0c651ea35c5cda,1,1,0,0.5238095238095238
4639b922552dbbf796e8f9e9490f8233602d73e7,3,3,0,0.5652173913043478
a46cf562d67cc2e5fe7d11e065b8934c234553f3,1,0,1,0.47619047619047616
47d1762e7a58f18adbe9e5da54eda6487a8efed6,6,3,3,0.5
c2ac41ba851cb92edb724037fdc51bee734be1f3,5,2,3,0.48
4ef93b071a30bf52b0d192b3e71d0425fbeac0f9,6,3,3,0.5
5d612a8812e0c278f0e837a02ef6ac720c2426ba,1,1,0,0.5238095238095238
dbaceed0cbcfea4d0168a359517df6eafc928d43,52,32,20,0.5833333333333334
f584a4e3abf7f932779c4dfa50604cd9b32ed4fa,2,1,1,0.5
448e5e3cb950712a2b8f5d77f8e09adf421cfb4d,1,1,0,0.5238095238095238
e173d031c821da88073c24931b126ff84b8e065b,6,5,1,0.5769230769230769
66d6550e727f2decc76f782672b70ea8860dc319,401,329,72,0.8052256532066508
540bfd2a881190a99a84817c15b0023dc44d93ae,33,32,1,0.7924528301886793
f851e0130178d53284b28c79b36c3d9f764c138f,1,1,0,0.5238095238095238
30ce213c0da8cea01752f3129747b64b9fd0ce88,2,1,1,0.5
bbd541ade6a69ca4c82032bb7b94ddc12aefee42,3,2,1,0.5217391304347826
8b5e0dccb7d7beb06d2eddffe50e2eda2d27644b,1,0,1,0.47619047619047616
e1c0737993f9c140c1f1a46cf18e899562a84dc1,53,6,47,0.2191780821917808
d7db8c0b5b63ec28a6e35d0cfdca97d32e7bd4c5,2,2,0,0.5454545454545454
587112cb1916ba1b2ab7efb46ba3dc48b38cf282,1,1,0,0.5238095238095238
0e97ff9bdddce55b9e85fb15f5f51287c8423897,7,5,2,0.5555555555555556
e6818448bb0d5d3bbc828ce62947df3a1e1cfbb8,1,1,0,0.5238095238095238
0636fca237005ee0da9e75ffdc1afa9acc0b5efc,1,1,0,0.5238095238095238
ba4fcc6fefbe96afd08f10807c4dd12a3c4da5bd,10,6,4,0.5333333333333333
d37bc0d4884537c6fbf17a0d3c80e9f6dafb868d,1,0,1,0.47619047619047616
114c9ea3d0761b5c2822c8bbcf313f0f576382ab,42,40,2,0.8064516129032258
c9918d3ca486a4050d6ee489842b152f7e921c92,20,19,1,0.725
aa3074fdf9ac782b052e96732544c300219d6eee,6,6,0,0.6153846153846154
3bb8eda37201267da82e92dd17bb034e3a18fc8b,1,1,0,0.5238095238095238
5d3a98f9a987efaae50451a90b7bdad928cb44da,73,61,12,0.7634408602150538
dc4f0fa6f10064f6376b5e63b7f0469ac666f605,2,2,0,0.5454545454545454
5b602ced99c0511896d8e95aaf6c9d55ae97f487,7,4,3,0.5185185185185185
06402a898fa030d92a04fcdabf6f35f2a9a75769,41,39,2,0.8032786885245902
1c0b606f7982650aee8f9fd8dfd151d5b939b85c,2,1,1,0.5
d2292334fbdde3a10eb4088cdb96550edd92b375,7,6,1,0.5925925925925926
ec99b4c3a06089f964344eeb5b054082617cc565,167,147,20,0.839572192513369
79368685b56eba39dba04b656d481187daac1b59,82,78,4,0.8627450980392157
2fd1625bb439b641d2d9765cc77c765c29d7cd39,46,38,8,0.7272727272727273
caecd6983dfd13e6c8beade67a27043b74403b31,25,22,3,0.7111111111111111
4e7cfd04dd24f4d318d2db0ac26f5d1ec21655ad,94,77,17,0.7631578947368421
f9b80e6537d15a54f68a72d4d02607e1a05cf10d,18,14,4,0.631578947368421
0f732ca404037e92faacbba0acc1518a334706c1,103,62,41,0.5853658536585366
a151d5193686b8d1152272aeb1d96bfbe3889746,1,1,0,0.5238095238095238
18bbaa336daa9e428df93f3bd2b94f2d5c262c8d,4,4,0,0.5833333333333334
2c3a0f153f61a9679c0f4b21900f3fe6c51b66de,1,1,0,0.5238095238095238
a0528f75a504d55004426379a81b42f9f762bb3c,1,1,0,0.5238095238095238
2103153a011e7b5a6cc455ede83b377b055c868a,1,1,0,0.5238095238095238
c909d6c98f72dce906d56fbf9ec95be60dbcd337,1,1,0,0.5238095238095238
a5842d7b129a69fe015431fbc855ff62924b7de6,1,0,1,0.47619047619047616
154290f148a756b313be3403d9660448a5867f25,1,1,0,0.5238095238095238
60e2ae7b04cba18df445423221246fed4501d45d,21,20,1,0.7317073170731707
4a9bc51e569c47a2ed12e7c7b2abdc85506cb22b,2,2,0,0.5454545454545454
97725c80429b164efdb721a092897a1c9f54ddff,12,11,1,0.65625
4002161aad951da5b4068aebf8320051079174a5,4,3,1,0.5416666666666666
81a66e2c278b6a008479b7b8adb292f322203e1b,1,1,0,0.5238095238095238
46c96e9054bf830647f726d5b1a6dd9015919f10,6,5,1,0.5769230769230769
3d4055121677fb0ef75d36e48b0d5ce6a8b3e4d2,36,17,19,0.48214285714285715
f2951c887b7de546c2dcc8be87c191febdd49926,2,2,0,0.5454545454545454
7420d9c7fda7dfd9ba95d21539da68444f1c0682,3,3,0,0.5652173913043478
2ac3f9211ebb2f1f000ff72796a0c5729a7f460e,5,5,0,0.6
67d06acda473b3f7deaf9ec4c67a69f3a5a22a5b,1,1,0,0.5238095238095238
a6a03e36a34776008212d48405fbfbed85302cfe,99,97,2,0.8991596638655462
78a5b81a745ef97298ba60e74cf4b441e4618e0a,2,0,2,0.45454545454545453
37ae873183cf4ba20127aa839d4f7827eb3f264f,20,9,11,0.475
3824ad580ab7bbe45146c56a18908d2936422539,152,133,19,0.8313953488372093
258b4409c099183ba7243bdcd9f7ff25d2f51957,1,1,0,0.5238095238095238
b8401bc6cc7c65c965755df9b6a55c999534e128,1,1,0,0.5238095238095238
aed12077d58d3798af9608cde0f03a4637069b64,126,91,35,0.6917808219178082
9064ece54a138cb21cbf9dfef6129eb5edacb79e,2,1,1,0.5
33e3f9a25751508c360d708c483131e827a085fa,3,2,1,0.5217391304347826
1e70660e975e220ea406e7277c9b3603186ecc3e,7,7,0,0.6296296296296297
817de2002f37f569f3cf9a4c267a127afaa3daea,1,1,0,0.5238095238095238
06c29c222daed0a4fa00c5715ca9db0e4b02d57f,1,1,0,0.5238095238095238
ae30111b2e7b70a54d6287b8da0b26e79d44473a,5,3,2,0.52
307009c74b6dd6d75ad3cb2b2d38e9e80d79c2a0,153,135,18,0.838150289017341
e0806bab150dd7991aca975729dba6744a443497,2,1,1,0.5
254424bb26c5923695cb4ae46118a26cf2aab9dd,23,20,3,0.6976744186046512
e9deb13cdb8fa63bf082b0a3c1f1222de734e8a8,1,1,0,0.5238095238095238
16aeeb225c5867ae6226b9d5d8dca981bd090d06,1,1,0,0.5238095238095238
083147f9cd27eec86e077d6cc6fc5f1b7b8a3bf2,1,0,1,0.47619047619047616
e1609f612870035cc2709d07b86cc1240b98dca4,2,1,1,0.5
e958fc52c9fb4e77d61ddc723f4e8b9c8d11f915,2,1,1,0.5
1bd8883c7d0f3309fd088b3966b3c78cea5d18d8,1,1,0,0.5238095238095238
a654dac2bf779852fec02916d628c375512bab9e,7,6,1,0.5925925925925926
1578f1dcc6449afb2e7b2a34d8b41cb36ec42879,10,7,3,0.5666666666666667
974805c683a7422505813fc71bcaf5eaece3f391,1,1,0,0.5238095238095238
560339a187fa2a415eddc3c2627c38f059c9b52b,2,2,0,0.5454545454545454
ff0170bfffb886e54c7d7e90618601adbfc0200f,4,4,0,0.5833333333333334
686562449d4b0e4c50eb26ccda3cdabd9c2536b9,1,1,0,0.5238095238095238
5c748a64cd808a274163b55356b551316b3122d6,1,1,0,0.5238095238095238
1d9f9fda277648ccb97dea09e97cedb8c9e57306,101,93,8,0.8512396694214877
5389a55156c318c272b8a5d88281b518873f7960,64,49,15,0.7023809523809523
241be96b2968870781a35517ba3a18de33ffa27b,3,3,0,0.5652173913043478
0074580c98ee29e4114fbeeb5337089ce84a5c2f,5,5,0,0.6
28be647d46ba1e2ec8fb9be2bf6d42df4a12c119,3,2,1,0.5217391304347826
3fd03fcc2efafe162ae343999e455a1a2666deb3,1,0,1,0.47619047619047616
9ff75ed05d5d1f98d0b23bdeca64f7c0fcd2f4e5,7,7,0,0.6296296296296297
2159e53f78eeb444b028f8203ee4b74ab789cc96,56,44,12,0.7105263157894737
cdf3837cfd35a34e7daa32ba469ba144e9694745,3,3,0,0.5652173913043478
d4027108052a63534065683db153c76a9a5324b3,20,19,1,0.725
c03937f8f939caf0244c0cdf553be9ba8ef67d80,5,3,2,0.52
81f11d126aa3f3e76da33ff18409bcbba45fd320,1,1,0,0.5238095238095238
8207c212271f9affc1df0effb8ae992ffda1488a,9,3,6,0.4482758620689655
8346e598db4651b3aad91de7c86d321a505ae5f5,1,0,1,0.47619047619047616
b7aa8923a7340d81a71eb27b03c370a9c5f5588d,15,11,4,0.6
558caa32590b7b749161859bae195b75964250ee,693,257,436,0.3744740532959327
cce7a9ffe846fa000b93b681cc2bb79948fca36e,6,4,2,0.5384615384615384
0660d7e206be55304ed1702b4cd49dbcd66600b7,1,1,0,0.5238095238095238
8218558f9f87f50677991a981db6920cd353388c,167,162,5,0.9197860962566845
021f41363e225ca18a0698aa0c13fb377f5e8e4d,4,4,0,0.5833333333333334
45d4712f327c6836bea0560f977b3c079020084a,3,1,2,0.4782608695652174
d041d75b9f8b31ec31e1db1c2f9549d4ce4f53e6,1,1,0,0.5238095238095238
9a6220b6244c7258ba7b60c8037a7d00b8dfad80,4,2,2,0.5
d419a55408f873524ccd8cc8517dd9fcc0c3eb21,1,0,1,0.47619047619047616
92ad13594be04e0e5c7a8e88d0aa0291ed9a7894,1,0,1,0.47619047619047616
99a2aa15bcddbae6d61e62973e1b6538b90bd505,2,2,0,0.5454545454545454
9e51c4bdea79a21b33250775160852af71db518b,1,1,0,0.5238095238095238
ab3b1b1babd3c30265aab443a141360070496d4f,15,15,0,0.7142857142857143
9dd787aaf0be7c066b5b1a52541dd48cbf028584,34,19,15,0.5370370370370371
2896535cb98cb8e627fe1be462557769d4c52863,28,12,16,0.4583333333333333
4aa66e684158374552b2099357ea80d8688a275a,1,0,1,0.47619047619047616
eb613dfa4a69f86c76c757ebd058bbf86a5fff08,1,1,0,0.5238095238095238
80d5e5c14d2da586728dcada9cfa990720f91056,4,4,0,0.5833333333333334
9ce59eae7b2a461c6868f74c9f85b00bc651317e,2,0,2,0.45454545454545453
08fe152d89e053719170679f1a8a33e5be6b7c73,1,1,0,0.5238095238095238
dc94e816fb40ca38b46be51cfa3a2f269120dda8,1,1,0,0.5238095238095238
f17e1c0006b52ec25055989d2023bb777c9362ec,5,5,0,0.6
59cdd0c9caa3221f9987d2106db7a44abb787c5a,140,127,13,0.85625
14a1cb82f748d81f44d608ebe7e56d9ec388e3b4,1,0,1,0.47619047619047616
e92d4d46e8de484415f123e07e9d2cb921a445ea,5,3,2,0.52
422cd8b70c8ac84bf18086fc2cdb76f11c52958d,212,123,89,0.5732758620689655
7be35ff05ad749c90fbb3b38b3a5c40561523a7a,306,179,127,0.5797546012269938
3c5f6d3f201203b8e4a9ba22b555364744516c28,48,42,6,0.7647058823529411
24f2fdf3684fd52f8bfa76195071cabde4e18b23,2,2,0,0.5454545454545454
2b14aea1c8c431f7a04ca6360a1ed9c1a1b5bc95,5,3,2,0.52
0de9201874bc73cc93467ae11720a4d82adc10b0,1,1,0,0.5238095238095238
d2ad5ea73e03e46258acc5affd61277de9f93426,1,1,0,0.5238095238095238
5649b495e9660167a0478c33faa08bb43f0be164,8,7,1,0.6071428571428571
ef38c784cdf03b90748bfee2c595bcb73950100f,1,0,1,0.47619047619047616
587378cca5464ac3e12fdd4f27c7ec9533587c4b,7,5,2,0.5555555555555556
6cf747d4b928e56bb4e2ca28ca55698c976b7544,34,27,7,0.6851851851851852
18f70c782da80cb7194df6dc30105401e934565b,12,9,3,0.59375
ae4ac6257670b2289bd74759d5090687e17daf9f,11,11,0,0.6774193548387096
d46568f5fdf496c09b15c30f87d7909f86ffa00e,3,2,1,0.5217391304347826
5f99344aa1c849727084a340d240278b517e911b,3,2,1,0.5217391304347826
81d659d61051cf17037ffcb3a3bda4a89b15bb21,1,1,0,0.5238095238095238
b8bcdff9ace07d8802153f3203c176cfa91c2eec,38,31,7,0.7068965517241379
cfeaa371e55a72f9b2b26d4d3e1cb44f1490f678,1,1,0,0.5238095238095238
4e8227593c5f5ea8be204a9e3b8d487523ce7d8f,1,1,0,0.5238095238095238
0ebf0dc4128d2f931c36d4321ea94f17fd0fff49,3,2,1,0.5217391304347826
0bf678b513f444ea9d273f7cb0541061606bb796,1,1,0,0.5238095238095238
5c3f06820665421a41532ed652f9c4876cd3a34b,2,2,0,0.5454545454545454
306249aac96e45efb87e84d7b63817d6358df137,1,1,0,0.5238095238095238
f6fa1e550f590b163ae8323d9903c5d2447595f1,1,1,0,0.5238095238095238
c116ca37e784ec1ca61b729f46598d27b08298e7,3,3,0,0.5652173913043478
527643b5be6eb19ac1e76d109d9dd49071952a71,1,1,0,0.5238095238095238
a10a4ed56819fa8dc93af37210d59c55139eee07,28,26,2,0.75
47f63a633026abcdf29d4f66473f4dc6807187a3,1,0,1,0.47619047619047616
4ef1b33e190a738d081000a2a59ebc139f9454d6,1,1,0,0.5238095238095238
6342b22dcf305352c8c76b293ae627c0db9dfba9,4,4,0,0.5833333333333334
d285ea4a021f7b9577e68d1e033ba33312248378,5,4,1,0.56
fb8df5f547f64edbe6d3d95a02942f0778768955,2,1,1,0.5
dd754750b1e35ebf2dc5b69e2c4f0773e982ac58,26,16,10,0.5652173913043478
d450594b75a1ba20fa994b1e7cbacce5ecb104db,3,3,0,0.5652173913043478
da64239db6bb9ff8f934f3c4ba0de6cd10c8205d,16,16,0,0.7222222222222222
54ceb573c63664f535ee869c42c897f2e5eb49cc,2,2,0,0.5454545454545454
c9c0ac781e8acadf0635c846bf0eef917384ed81,3,0,3,0.43478260869565216
be30bc895cf557c3378af865b37612c34d632a77,3,3,0,0.5652173913043478
fc85573c918441790594eb34d7e3ff6addcfb33d,2,2,0,0.5454545454545454
97017ca278730492e4fc2d80e90a0e0b8280b1ae,3,2,1,0.5217391304347826
491638abb7bd0de578daeb7b4f5294b21e767752,1,1,0,0.5238095238095238
bf575c2a9900deb6d887344aee368ae067376f8d,2,1,1,0.5
4a3b58a0a5bb527437fa3453ff9fed6a8085dc49,458,384,74,0.8242677824267782
3bbb311e3be99e231b597f468aafbae12cb9091c,10,6,4,0.5333333333333333
e36c7d1176f15409f49de41731a869f28f07a4b0,1,1,0,0.5238095238095238
f62e2ed7f40c75c0cb25dd43fe5af8cb6f9b9a7c,13,10,3,0.6060606060606061
21084c6ac0b6c5c13beef7b348da5ad01c9a463a,1,1,0,0.5238095238095238
42e347496df1053c75dbbb64bb35d572860c0d15,21,14,7,0.5853658536585366
e49a5aa852fa50b02df33f27b2421d74b90fd7d6,2,2,0,0.5454545454545454
c3892dbb03510f98f7c7176c36d29eefc51a7750,3,2,1,0.5217391304347826
504b63fc8a3036c7eefa7ffe6ee5e3f29f2a24a8,1,1,0,0.5238095238095238
bd9baeace8d0e1c95f36188c12d58df48bc1d479,1,1,0,0.5238095238095238
c78962168c2df1d75724e9f1426ece0efedf2a32,72,58,14,0.7391304347826086
47ac8eddb55b91f70f8afffdade1351401212dc8,1,0,1,0.47619047619047616
e24cc671bdd3a77a2c6e0b73d8daa60c7c0f1c67,1,0,1,0.47619047619047616
0c4c0ac8001ba2c04ae8f1b02e44eccd3ca69dbc,3,3,0,0.5652173913043478
7c48b37d4c0ddcb507431526e35a95ea09cd4638,2,1,1,0.5
c3ab388bdaf0547529fc377cb6d54a046047c8f2,159,110,49,0.6703910614525139
934162ddba9be30ca82f2f737e0fa6e14fad68b4,4,3,1,0.5416666666666666
3b48d3e6bf00f57bb711c4bd1032873d7a4e90d5,1,1,0,0.5238095238095238
03841ac123bfa6d7917fc3e50c0609df413f3f5f,475,427,48,0.8828282828282829
9190a1517383e4e064eb1caa591bf7a81f9da922,94,87,7,0.8508771929824561
bdd75a23da6708e6923d959c98c7820863b14b01,8,8,0,0.6428571428571429
720796e3e64e38561728aa94524d62caf52bece2,124,86,38,0.6666666666666666
ce470d0c192211765070918ee6507c82f31bbce0,3,3,0,0.5652173913043478
2cd413ac19d2b8b6c083531e87ba4b8fad2a1824,14,11,3,0.6176470588235294
c9f55d346ffacc2a9cb5038ac130c8f30f4e0009,4,0,4,0.4166666666666667
27efb2e07f80c32f4dc1049e434540d89587f873,2,0,2,0.45454545454545453
e4aa483bb3b7bd1727ef7049169de288562c8c40,1,0,1,0.47619047619047616
296e229115c875a829234b8150edb10bd2678f1d,2,0,2,0.45454545454545453
716c72cbc3086d564a84825426ccfe1011b6dc99,1,0,1,0.47619047619047616
86b5d7fb370661c7e1e0a2044b9b658310faa798,399,275,124,0.6801909307875895
f6fb1a7f1629d7f1ede761fb86b0ae23bd1ac838,11,1,10,0.3548387096774194
2d0e28c61664ade8d03ddc388d239ad739fdb6c2,107,95,12,0.8267716535433071
3a0ba5bb516c5ab38b9dbe77cb85ed3344fd90ed,30,17,13,0.54
c73b88bc8d6c2b67b42bcc172c24435dcabf6c1b,22,13,9,0.5476190476190477
ebd8baceb5f1dc4cc6b99ba27639bf1cf948ecc7,5,5,0,0.6
f954b0f2ed6c04e208e13f89768a085b78f3e92e,1,1,0,0.5238095238095238
e344e0cf2e148eb10df0cc84dff166f451f2c554,21,18,3,0.6829268292682927
cc2a391693574b9bb9c4fe500ae213c9c9016276,5,1,4,0.44
2b7bd2691ff54a90024938a32a9b7a3c75ddfccb,1,1,0,0.5238095238095238
5a226272139306183c4ab022e834757e7b940d6d,1,1,0,0.5238095238095238
966654e40cad603ad49b7e0a766b7dbe771aad6a,1,1,0,0.5238095238095238
d8f5103f4293d9b229977e001f456e4c06f0537f,2,1,1,0.5
56b9252db75fa95da90540e676b73e76eeede80b,1,1,0,0.5238095238095238
8e19c94fbfaad359efd49dc2a3ba2deb52d433af,1,1,0,0.5238095238095238
5b32a2d81db6054bd9bb5571f99feacd62b1385e,1,1,0,0.5238095238095238
f74f678e04bc6e00c2e5638436c661b36756cd74,1,1,0,0.5238095238095238
79ff311c5e0a8689db230a401c15482925c5f2a8,2,2,0,0.5454545454545454
c1ce29b04cf18a938c674dcc8d1e394e33429144,1,0,1,0.47619047619047616
e31ba1f200519317b4ca3c56b4bc39eeb08e3775,10,7,3,0.5666666666666667
773d999c961ceebb0b625f2d4be3e5766c99dc33,2,1,1,0.5
0860b2b580a93b8f82cc6eaa5bce5528acf0621d,1,0,1,0.47619047619047616
f29a8e0cde84b562b64f045981c0f8d331f975d2,432,236,196,0.5442477876106194
3a9877d81c01ed259de1b348b621323ec8616f2f,19,19,0,0.7435897435897436
9ffcec46de4b54042ded509dbf44df6404e28db0,31,26,5,0.7058823529411765
d29b53e4016eee649c5552a5b7af709a5dceedb0,63,57,6,0.8072289156626506
17ced05ac32056ee96af63a6a6f57080ea2ca939,1,1,0,0.5238095238095238
bc9e37c6c7879448d07bd88ef2cb5be0bc3c9ce3,1,1,0,0.5238095238095238
2822ea1cb618dcb1aab9f5bb60d0f0327ef203e8,1,1,0,0.5238095238095238
8a55ae93f60ac56eb72e092c932a79175b6f34a9,20,15,5,0.625
598e532072d6f3bff6d673b7cc1b575e2090fc01,14,8,6,0.5294117647058824
64c8590647451e9847b260dc7c940b2cdb05b805,21,20,1,0.7317073170731707
c5b6987c4ce6d70b31798f2e95eb4d74d99d0026,2,2,0,0.5454545454545454
d31e67afb2d2c6a73bb5e09a22de82aae332e505,4,4,0,0.5833333333333334
b019cacb740da98a22e228a4474f9969fa150e75,14,9,5,0.5588235294117647
7f4ab4f873e1b5d0cff47d414ee2c72bfa3d8416,1,1,0,0.5238095238095238
ed245bd44af973f7ccbac97253c8e033d9ea92c0,4,1,3,0.4583333333333333
4aaecdbeafb97f5e56011c134d9b9d851bf23b8c,3,2,1,0.5217391304347826
c90ba4c322cac1a5088a5aa18d8ee482c4943528,1,0,1,0.47619047619047616
783e560b3f54490ccbb6975cb2790cc7d88134e5,15,10,5,0.5714285714285714
8b6c2330a26cce0c95a24c060ff603519f22fba3,15,13,2,0.6571428571428571
72c85a8200fc426a492decdc7a36117ce8011f29,3,3,0,0.5652173913043478
c8aca36c6b6d357a9d5acc156186b07313e5352b,1,0,1,0.47619047619047616
b7ac8a34e96b9d0d4a024bd5d942010c454e029d,7,5,2,0.5555555555555556
21c93719b048bcae2ff126f3dea00d4393977078,2,2,0,0.5454545454545454
2a35c6ba87bd278d356e0e8ebd2ceb2c92faca75,1,0,1,0.47619047619047616
eb4c7957b6e8bb4772f4513f11ad2bc87a7ab6b5,1,0,1,0.47619047619047616
282480523dc3b8d6a51e090e0c4edfd5a48a674e,18,13,5,0.6052631578947368
7ccdd8b52e8dc02ca17b3d5af6bbf4d82a0c87a7,4,2,2,0.5
400d127d62c4921e650910cc94421ece167c20d0,1,0,1,0.47619047619047616
7fdff8d81ffd338e43be0f883fb13a8ff09978d5,18,17,1,0.7105263157894737
7cff701b4246260aa1206a08b31716fa547d003c,5,4,1,0.56
edff2f3e9da269e05d513f7707fc29f3fdc5cc8c,3,3,0,0.5652173913043478
c83615432582afcbe82a60abb6e2b150cfd3296c,16,12,4,0.6111111111111112
d9102e6df5f02abe1a1b6615692e41b437e5066b,15,12,3,0.6285714285714286
e9bc4acc5d1b57a66730085bc80e49a99bb02a5a,11,8,3,0.5806451612903226
01eb797d46493a3e584da83816a1d639419d0f03,3,3,0,0.5652173913043478
6f090030a36f3dcd54331a788f50086c32e94edb,1,0,1,0.47619047619047616
c598679b1580dd091e4ddad52b967c2bff2e3fcb,2,2,0,0.5454545454545454
08e95fbae66adb46dc5f34bcccc74cf3fc7e947a,1,1,0,0.5238095238095238
7297a2ea0752b7d82bfc7ee7a622b9dcf264183d,4,1,3,0.4583333333333333
f8f354babc2ee41ed705fac9d7d94182504c26de,1,0,1,0.47619047619047616
5364fac2c3433f9ff78d9b82b2d09fab0e73c0eb,1,1,0,0.5238095238095238
cb61ba4b37b1d1623481b2d459a331ca3f89d04e,2,0,2,0.45454545454545453
2cdddc14984d245602856da9572cbbab406a4cf3,3,0,3,0.43478260869565216
67b1e5be767ee969ffa4b6b8645af8661c3cf194,1,0,1,0.47619047619047616
f098a0d6ae87df6850139aa3d21ac28c1d7959e4,2,2,0,0.5454545454545454
b67d9e0861905402e7cdac7fe45e38c4c62c5b19,31,30,1,0.7843137254901961
0d165eb35b43d6f09684cf4d44aae1b1800d35be,10,6,4,0.5333333333333333
b7b7fb08904eac53d0a8e49304c2a4b02566e1cf,295,217,78,0.7206349206349206
cccca414762104e52f064ebbc825c88385eb8fbe,4,4,0,0.5833333333333334
b74e52248ba2f5aaaba46b6bd7675757974912d1,8,7,1,0.6071428571428571
9408b8bc6236d464d49c1305e45fb8b22bae191f,1,0,1,0.47619047619047616
9de91240f8a56684074979732cc60049c22f2ca8,5,2,3,0.48
f89891f5cef63a161cc94eca5da55433eba3d58c,1,0,1,0.47619047619047616
3477120e5419ded42df5d7b277459247df975f4d,1,1,0,0.5238095238095238
aa0ea6f2ef2a5ab3a0da69a266beae4f28c01add,1,1,0,0.5238095238095238
ad7b89f865f264254f54e2f8dab7e4b06cc2e609,11,9,2,0.6129032258064516
1e7556b59d513e8be9605203df47ac7828865ae0,12,4,8,0.4375
b7e4dea6a3474a4a401a7c2f632b15c127ebdce0,13,8,5,0.5454545454545454
72a0aa58574e09e071dc426ccfa6c4d6d6fc886b,1,1,0,0.5238095238095238
2ade112c3b870782a9f368a24c103633741855c5,1,0,1,0.47619047619047616
dd0514bdecbd9e7acf0159fb06453005a79907bc,1,1,0,0.5238095238095238
bed87c02477baeb259ca1fb3869f2d7670d72b9f,1091,994,97,0.9036903690369037
758fa0f5f35d2a3b1091e1b10cf5aed99c818df6,2,2,0,0.5454545454545454
0628129994d6ca5156b9952a65771c9343f9d42d,2,1,1,0.5
cfde6213e612566cffb7919c18d6fdda114f471c,1,0,1,0.47619047619047616
21275563f2f2daaeed3dc364c0d641ebf920a49c,17,3,14,0.35135135135135137
25b490cc8c17357c860547ebfecff76806353d15,9,9,0,0.6551724137931034
cfe1853d82ad3268c2ebe452b04e6a22b0b39d06,2,2,0,0.5454545454545454
272eaf40d21ddd664eca85bba3c0396ad4ff6cd5,32,25,7,0.6730769230769231
a25e775e71b0846cda9dcc6763aa77eb2d74b090,17,12,5,0.5945945945945946
e118d941bc526726113e8aecf238291f98df64eb,2,2,0,0.5454545454545454
a2a028374c721d9f0cdc777319cf92253b90d8bc,11,8,3,0.5806451612903226
7b3bdb1f31a8e934cf2883b4c388e99673feee13,1,0,1,0.47619047619047616
9f4d2393b6ad7b9a00406e072a328971d91f9058,1,1,0,0.5238095238095238
0da262cf38075dc0f571816cd0d60a3e5f2bd1a9,1,0,1,0.47619047619047616
a22d34af312e207a1687a0f09585d1cc672e096c,1,1,0,0.5238095238095238
63a4b81e718de6de67d5db0ff095ccf9ca21e496,1,0,1,0.47619047619047616
e33d672856e5416738406fff5e771bf9fade4283,1,1,0,0.5238095238095238
841c71b42b67fe2c2e4d87daec403ea9a0eb4517,12,11,1,0.65625
c20c7411cb26df4123a456cfebfe1f086159c74b,1,1,0,0.5238095238095238
224b9d29e1735316b3321d04a233ab9adfc05307,22,18,4,0.6666666666666666
0a4fa6398d34a4f138bbcce63dafb7dbe5d13821,13,10,3,0.6060606060606061
bc01fdbcc771399977b0f4ff2414091107381870,616,467,149,0.75
b158461a3e474f01c2f3d17beb10a9572f0adafa,91,21,70,0.27927927927927926
d24f16850d089a55debd14f069dc986e786f524d,1,0,1,0.47619047619047616
69229002604db395f77b769b42c44ab8cf8297f2,1,1,0,0.5238095238095238
347258c0987f96e21acb74e882f510e1c3933c79,28,17,11,0.5625
f3cd31c8addef4f5ed95ba389653cbe822d0c661,5,5,0,0.6
45c3cf652aa04de057a9f4d4d9091913f3ace3f4,4,3,1,0.5416666666666666
4a811570736ec21d55ff541c527586ead387f6a7,1,1,0,0.5238095238095238
3fc1ac003fe260d20f9be1ae8d1f212aae7672de,1,1,0,0.5238095238095238
2287fc056c471100444d0991eabc58993451e818,2,2,0,0.5454545454545454
02d8e9f12a7b25a4ab15903b98908963cd2ccfb9,1,0,1,0.47619047619047616
268e3c9ea62926c38786ef1fdf27b515097ca519,2,2,0,0.5454545454545454
03b7c20577a76443a5c42752ea68311628da34a3,4,2,2,0.5
d1b5b540e250863a14a699805ceedda3fcaf4302,5,4,1,0.56
78cb6e76b285ae0f5361d9b3e48c9b0945e62897,30,23,7,0.66
45541af0761c3e7a3e2e8aafdc156f19710a8466,2,2,0,0.5454545454545454
043f6642de845d21a1123bd21d7e851c59d5de60,1,1,0,0.5238095238095238
81deefe0df0d9d05eb33dd46c5bd69dc6752c995,2,0,2,0.45454545454545453
a911b576cc3edcee20897f0ce5ecb5cae7c7465f,1,0,1,0.47619047619047616
45bf8edfd2518aa2e9a50ed5c65842db6fc1a954,2,2,0,0.5454545454545454
5900c4438b1a23c937e09389d2a5b6d567d2299f,10,1,9,0.36666666666666664
771cd6f3f3067469f8b7bf14b123cac977f2e494,1,1,0,0.5238095238095238
2cc7944f2da281fcdf90cf59447c5f35510c4201,1,0,1,0.47619047619047616
540230cb45071be74f6fc152df47b036b68590db,1,0,1,0.47619047619047616
1348132f216aadaf82678e0ed94bddd140c2abdc,1,1,0,0.5238095238095238
d0848191803b626674f8623847ae44fe8db91138,1,0,1,0.47619047619047616
6276059abb9d5fa64070729bcb4159d5e89e1439,57,51,6,0.7922077922077922
88352bbf791e43a458c7fc73fe1c9ec4e7efa02b,1,1,0,0.5238095238095238
5b28068c51928d1689ffceda3f089ba72a013cb1,100,92,8,0.85
22e7672606ecf4bf5f1a7a12b4b1e878f5d5717f,3,3,0,0.5652173913043478
8f4d975269488f8a4c1cf2ab1b63644afb530d04,1,0,1,0.47619047619047616
b47e4fb612be8d2ab457d9610758ef2f3860ad77,16,14,2,0.6666666666666666
79efb96eee6a892144d25787c53fa39f23767966,15,14,1,0.6857142857142857
6d9d75d488ef06646addbfb466d14dc44e9215d3,1,1,0,0.5238095238095238
26f65d290fe494dad73076a660413e66b145008a,70,52,18,0.6888888888888889
1a409f8f39159337e01c9d2827689b1b3698e8ff,5,4,1,0.56
8262861752d4a583dc7fd59dbe8ad5641f962d3a,3,3,0,0.5652173913043478
044b9d2bf781cecbe73a081a1a54b40a5112274e,8,2,6,0.42857142857142855
ee53902c738d48ce9c0323d37a9df8517bf0bc42,1,1,0,0.5238095238095238
23db34338bf0ad66353b305be56ae385d9812d0b,10,10,0,0.6666666666666666
03e7e32124fca97c2adda4757085dd7ebf34763e,2,1,1,0.5
1595ad4e12a381ee88aea424272207378dec6a12,1,1,0,0.5238095238095238
a66b61418c530e514f2d4c2a3efe70a345e0f8c3,1,0,1,0.47619047619047616
4e104475417e44513a1a0fb904dda188255d6c9b,3,3,0,0.5652173913043478
721856c7df075038104138598178bd68f81a8699,2,1,1,0.5
9f91dbfd72c75c9bf56e8fd5367067a1760a4703,2,2,0,0.5454545454545454
c4f11cecceaa915d67da1681029e62914bfb11c9,3,1,2,0.4782608695652174
62386e23bbcd9218ae3e23783f10a19911398887,1,0,1,0.47619047619047616
40c9a223e79a33d57c8f585c764ab244c60813c7,6,1,5,0.4230769230769231
4f1fcc19fc839543e2416eef2ba071b59facef9b,1,1,0,0.5238095238095238
a8bc1795596131d80b1da48711721c5ea3c0e46c,5,0,5,0.4
5cba6bf109f4f5d446c1877d13b0e47f770047e5,4,3,1,0.5416666666666666
57ff894e4033afb27860752763b38ebb5c1fbfef,1,0,1,0.47619047619047616
ad0df7613340bafc041a5946821c527bdf76485d,3,3,0,0.5652173913043478
366e96783b251e7395ca6164cfd8abfb28021204,17,15,2,0.6756756756756757
e164273bfa80a77b66e4655e77400b9e19bdd77c,2,2,0,0.5454545454545454
4a14f1c024c6fc1f70209f91ca594a8118fe30a9,16,15,1,0.6944444444444444
fe4a4c53170494c6a623b71f3e711020da645458,1,0,1,0.47619047619047616
e00b4b99d43efffeaecbc0a07dd218fdc85c7039,1,1,0,0.5238095238095238
c9a2eceeef930d4527b8c7d88767a0bc7b0cbce6,1,1,0,0.5238095238095238
4a2876c039bc71af10ee625f33fded5fe6cabcbd,4,3,1,0.5416666666666666
e84b236709d70a1016341ecd62d578c1171e6aea,4,3,1,0.5416666666666666
dc06928b488978cee1dc3cf2e20b0aee18da54fb,1,1,0,0.5238095238095238
95cf75f4ac7cb3a7069bee745718322f641183cc,1,1,0,0.5238095238095238
d40e68ab23c0117544f7b361a2136ed36588d67e,4,1,3,0.4583333333333333
092c9e0bbf2c73b3a0bcb78b488f2810f5684e65,2,2,0,0.5454545454545454
88c4f36976bdc59d780d1c7158766884d4879e69,1800,1564,236,0.8648351648351649
08dbd34c6c2a169cdc768212a00ac63bf0f1bdea,1,0,1,0.47619047619047616
d8b5044d6a3cbc7be16fb04c14214723a6580dc1,5,2,3,0.48
4e1c49cc46500774f5f952de86f38ec3befb9eea,2,1,1,0.5
a9a24b22ce5f580336acdde2e74154446ef114cf,1,1,0,0.5238095238095238
6a0ed42a4695be9cc6aff703cf4864f1662001a6,33,32,1,0.7924528301886793
ca4d0fc986140a87805742342d29f0b3c7c8dbf9,9,9,0,0.6551724137931034
daa195f21bbe19bdbb0facc387f7a1f088a079e6,1,1,0,0.5238095238095238
9acb0bf67b87ba407325089c9556e4bd1296aaed,16,14,2,0.6666666666666666
0369980db6ff984264ddf0c65106b45aa078d1bc,1,0,1,0.47619047619047616
f53a6371ff5d702ad4c48a8bb36b9553f3ee9720,165,68,97,0.42162162162162165
7576160ee8cd5b8347bbaf1be14bd8797727bafa,43,33,10,0.6825396825396826
bbf57b0fa396b868ea839feb39d087391ad10c60,56,47,9,0.75
699c7d13c64471d8c8cf37818bb72df6ee53c0a0,1,0,1,0.47619047619047616
5ff9fa6c3a23ec5dc2b63394eeb6ef247b980a40,1,1,0,0.5238095238095238
7b7e657578f21729461d57f32609f713796c68fd,1,1,0,0.5238095238095238
7be6f578bc3bd1c34f105066f8a914a5ce8c0dad,37,31,6,0.7192982456140351
241114777bbee9259ee3d6ab22267a87a4dec713,2,2,0,0.5454545454545454
426c3b05608e1130bc7ed934ef93f476d7775b9c,1,0,1,0.47619047619047616
ecf8f47d1aa289cedc52575dbbc46d69151f2e9a,8,6,2,0.5714285714285714
522061c3bd0f6061f38f6f699c6119b58eb1eb02,15,14,1,0.6857142857142857
5857f690ae7cad0e464e841472c6a37da8bd83c2,9,6,3,0.5517241379310345
f93ad8cd3fa64b8931946c91e1555ccc4baa71bf,22,22,0,0.7619047619047619
f0ae7eaa785998f6aed61693b5a7bbf9a5708d90,844,749,95,0.8784722222222222
88de97f0df5e5c697d6ed1c0c41787a8a0f497bf,10,2,8,0.4
23d13cce02295869271a145fa0c6e6fb78db0f93,1,1,0,0.5238095238095238
4de89c9a2fe753a0cb3a192a94f8d176c397c74e,10,2,8,0.4
771155581c52b6815242b620deacca7567ad764a,6,5,1,0.5769230769230769
7223d0d9d179ca17a8db3c5dd75769cb18a70688,1,1,0,0.5238095238095238
e6d89a23a5cb4fdb5163a9edd9ab773f750d598f,2,0,2,0.45454545454545453
9483200d0bd5d24a9a613b81758df77cbe807140,1,1,0,0.5238095238095238
b33d473ddf6ee0657c73860610c5b66c9fdc3049,1,1,0,0.5238095238095238
3e0ca3d34e1654f74c9cc50ed3435be26972bd2b,101,92,9,0.8429752066115702
dcce63a982d06f270ebc5132a9061c585f9413db,9,8,1,0.6206896551724138
5ec3d6ce232a51e077240c1c1979fe31640a7b80,6,4,2,0.5384615384615384
6eed3b2ff6068c4a09d346e4ce12cb2159ab8b2d,1,1,0,0.5238095238095238
bc2709b4a225f7f73259d08760af8cb963dc3c05,6,5,1,0.5769230769230769
9b3b574f468f9294257ce7280f865ff615602523,22,19,3,0.6904761904761905
d6ffd885b8cfcc75a4da5d41cb725e78c88a4c06,12,12,0,0.6875
da7a99eceef47a63607bf3e6ffd1de56816c107f,15,3,12,0.37142857142857144
4941c81cc025aafb063db3855d5e6d681fc71f14,6,1,5,0.4230769230769231
f761456c5a42300ff7190d7f5984c65a4ce69f67,2,2,0,0.5454545454545454
8e3256aadcd710de087e8aaf3d344ca75c25c1fa,2,2,0,0.5454545454545454
6ecedd5ce00d37de8a23499775815f3f14a9d61f,232,207,25,0.8611111111111112
187d09eedce7a75ed834899c6c29e2875322cea5,4,3,1,0.5416666666666666
d7958428e183c578a863d2cb2fd728649cb09adf,2,2,0,0.5454545454545454
aa05bd9dd03a1cf0acf280ab4236b6df06507e9b,2,1,1,0.5
c282be8f4746c334d1101ca7de998e13a0daaa69,12,11,1,0.65625
dc720a8c89fd913e07e821626cb9aca9d9623c78,1,0,1,0.47619047619047616
6e4ef9276466baf364e2ffa2f573e3e91bb142b5,1,0,1,0.47619047619047616
2f509fa77564818618d25cfa11ee7734ae019717,70,36,34,0.5111111111111111
26a53e6e33640335d57dd6397e98ae1449d72361,3,3,0,0.5652173913043478
d314015f190b2464558e6c152fe08748e7e657b1,1,1,0,0.5238095238095238
14ae93fb77f04625a168ffbc494986fc7512988c,781,437,344,0.5580524344569289
a40c2e43db888b569b4f1fe940b9202a32beb178,4,3,1,0.5416666666666666
88c5b0a7374788c51312e2dff3c9afc8913e4616,3,2,1,0.5217391304347826
73902179844b2930bbe992c2ccfcf96ef9f75ff7,2,1,1,0.5
c757e4cd48f438a29a7b9ffc30e8f5639b7ae11e,898,668,230,0.738562091503268
fa6f81ea1561c9c244f5de8257cda4f17a1a3e06,8,8,0,0.6428571428571429
3938ec45b119f31e4ae5329926d0ed0cdbc7c389,4,4,0,0.5833333333333334
41b330818cd8046b671299a9367f887287fb19c2,2,2,0,0.5454545454545454
0a2e20e01d97fed0adcf554e1779ae86c73a369d,1,1,0,0.5238095238095238
201155b888d5d97c68912f4354c6d83e801a8d5c,135,109,26,0.7677419354838709
58fcd31950652235d983d5facc7f60db438822fd,3,2,1,0.5217391304347826
2b64d9f44ce32129cb75331c3f24f36d4a32c7ed,1,1,0,0.5238095238095238
5a43305aa6ae3759552b5b3bee8ec4fc9da43262,22,20,2,0.7142857142857143
b5bdc8551c36b51bce0426f9652e5d1671d6b128,5,3,2,0.52
3b9d484def04889e013183c3a3dafc6d0a2e221c,2,0,2,0.45454545454545453
85e967c96780ef4a55c0aa15a6fbf537c6656179,2,1,1,0.5
deea1782e62c4c8c61a2a0fe385374894a5a5b3d,2,2,0,0.5454545454545454
c477d6873a5f80676761c89b715feca47c97468d,1,1,0,0.5238095238095238
26425782dc40f0b9562f5b619969ea7ff7f229f9,185,154,31,0.8
12150ab284c8e71b54964f89ce077725ce16e48c,9,6,3,0.5517241379310345
daac70916befbfa51dd237e37eb1aaefb8fc0ab1,1,1,0,0.5238095238095238
7df251091517882852e41227845a8712ffd7c77d,1,0,1,0.47619047619047616
96825b9248e4183327fcb21f8780b4f7763b45ae,1,1,0,0.5238095238095238
53d9d7b166c76cbb206d26efa329bb8eaa3a7652,149,75,74,0.5029585798816568
95814d41ae7358f14575e7b6e44f10ae00a39588,232,188,44,0.7857142857142857
b9199ae639a8e9884b5187be1fd94452cc3f0247,3,2,1,0.5217391304347826
88ded5cea631c2edfea79fbbdff2d7cf760fd908,1,1,0,0.5238095238095238
a2d39813903e154634d46b06b9d879c55ea6c453,2,2,0,0.5454545454545454
606adfc5a8ee2c7de1f972fbc3ab819e3ba403a1,1,1,0,0.5238095238095238
c70fd2aeb3e563d9c1e3158dac2d105fecfa524e,181,132,49,0.7064676616915423
b5707d4a3b5419b0a39a6047dad6494ec2b4f823,1,0,1,0.47619047619047616
04ee66c2762945979c585ccc90f505467ce66340,7,6,1,0.5925925925925926
eb3e4f50cfe4f1c5f875b5f7128bb772532d29e2,1,1,0,0.5238095238095238
3dfd765caaa358a3a993f8a0533a7b18ee60455e,1,1,0,0.5238095238095238
8e6c140e1a16149595a32af2dc7fe375e61720c0,1,0,1,0.47619047619047616
0af54e93093feb2b48131121eeb0bac5522bac6d,8,5,3,0.5357142857142857
48ceb46ce27f826961d5426119a326072a13ab5b,1,1,0,0.5238095238095238
5c216a1e7a735fe71cce95631b0ece2aeeb8a7a7,7,4,3,0.5185185185185185
0024328e54e9b7650be59dffe36ba3423eff82a3,2,1,1,0.5
524ad06461b3489f14f7ed5e875ce2e5b6e9cb5f,191,169,22,0.8483412322274881
f3414dca5991f5e1df9f5cc0d4b14a8d5750f403,11,10,1,0.6451612903225806
f446e24fcffde010334ef527e08d8e9dab21b328,8,5,3,0.5357142857142857
f88e2e041922c55a1056e9e9ee25800b5c3111d8,4,0,4,0.4166666666666667
3e7d502f0b2b2841849f4ae8ed9e2ab1b2893f9b,6,5,1,0.5769230769230769
5e9c9defcc2ba1a3ef6701184c07066823e1d44a,25,11,14,0.4666666666666667
bc870e6d64b18905d8f3075b69dd171768ae41d0,4,0,4,0.4166666666666667
6ea822ce0d7d9f6307c12637f654b6599a74c014,118,85,33,0.6884057971014492
e274d1ddba1d92c8a8e07e703c1014558542505e,1,1,0,0.5238095238095238
5204f44cde943e222427088039482052dabeda10,2,1,1,0.5
38ef968be134a1a84e864805678a22c120ed169e,1,0,1,0.47619047619047616
e1da3e578c8f77dc3ab9be1e203bcf784cc12a5b,1,1,0,0.5238095238095238
8342d2a51098511dcbf410f256d00ef960851a5d,6,5,1,0.5769230769230769
768b3d21b83dc2964e9f60361c15e56b860fe2fa,2,2,0,0.5454545454545454
b11a35b691966ccc7c5a8af9f29db283b9e9234d,1,1,0,0.5238095238095238
a489ddfe5672cd33e38e6ab1fcee4fce7a5eaa03,2,2,0,0.5454545454545454
ccdf584ae825124bcc3c86a677a205e1435559b6,6,6,0,0.6153846153846154
c0e9b719a8be7bd8cb17221f68fdd55849117f25,2,2,0,0.5454545454545454
720e9ca2da8244f4a2c9e84c3867400040e91a89,1,0,1,0.47619047619047616
d365f101ab72ef69bcf2311db6785efe75d87c67,2,1,1,0.5
c739bf437c30a4d196d1a860ea4e9c4e0bdee0e9,2,2,0,0.5454545454545454
872105ec4db07baec0ddfd544f47b5a77e35dde6,1,1,0,0.5238095238095238
7e74e4954dc864d40e104f6e3363777443b58a15,1,0,1,0.47619047619047616
779af43424018fb6ccb92897cbb1eb6ffc643d55,13,9,4,0.5757575757575758
cdb5c69a80e6d52ac5bd576367265640c8618faf,3,2,1,0.5217391304347826
cd470723d70d996f29dfbffafc485b15e137cb72,1,1,0,0.5238095238095238
b42954a427fe1dde7cfb84fb9ce7d969418b6af6,9,8,1,0.6206896551724138
ce00b8af1f4755146579f062959c5a58f4080128,14,12,2,0.6470588235294118
a9fb4fede70297ad132a41150a00d91036e7b979,18,18,0,0.7368421052631579
a6686cd00057aff55b1f213fdecb291851719af3,3,3,0,0.5652173913043478
55a4bd3776681ef5826b9c866c25f59e3977a4b4,1,0,1,0.47619047619047616
d82e32661a6e80ef3cc7dd524b0415a158ca9f8e,106,88,18,0.7777777777777778
459358a87c04b9e6bbcaa5361cb47f7e3d46d3fb,162,131,31,0.7747252747252747
033a7d188ca221d0e4eb782a9e29b7941474ae5e,8,7,1,0.6071428571428571
e355621932c3e82b90177ab16cbecdc29997f08d,1,0,1,0.47619047619047616
adbc07392a06a9a17b37f50bcc9df358de3083e0,53,31,22,0.5616438356164384
e655fa2637635bc6ea3534c2fc5a9afffe31fc5e,10,9,1,0.6333333333333333
1440d37def245426cb766a00c34ef82092e40797,1,1,0,0.5238095238095238
c5d1f02281a175013a3e200b1255eabe2c421c97,2,1,1,0.5
39416f66a5a801e5cc7239c1f0ceef0df08eacb4,2,1,1,0.5
522fa633edc69f997fda3d150fab6e67bcb56a0f,1,0,1,0.47619047619047616
9a4826e467c3fdf9b81892efe44af851312ec8d2,31,28,3,0.7450980392156863
ce0d15ac92164cd9c11debe651ae2a5a62b876c3,1,1,0,0.5238095238095238
22be5a5502a9a942873697135b0192b30ec76e7e,1,0,1,0.47619047619047616
b311f72f16e5dfd640851e872d196c8ac6f70816,74,65,9,0.7978723404255319
b27125e72acb28010f089d97dc0b54da84ba31e5,924,466,458,0.5042372881355932
46bd0f77306b11f693246ff980fd29894f0d482e,46,25,21,0.5303030303030303
2eb48a39ab067111f09ea66439c1692aa74c595d,1,0,1,0.47619047619047616
cf30d6876d72c01211c09c3384b127b8ac3a1cb6,1,0,1,0.47619047619047616
de45e2d1c86c61a4cd16fdc15a381f46196b5b1a,3,3,0,0.5652173913043478
18de81c3a8ae22c4b7a74474b489b271a84ca01c,1,1,0,0.5238095238095238
1076eb7ba9c854a037f6de400cf33008a18c5695,17,15,2,0.6756756756756757
2c176598b92eacbe5e51e07e0e080f515957235b,4,2,2,0.5
dffbf021337d4bddd0a081f419239c185654a5d2,2,0,2,0.45454545454545453
686068642b58b2f5548bd392508792f4773459aa,27,20,7,0.6382978723404256
9109c3f3e48fdd9b1c6c98e7aa471dc617ab5f47,257,204,53,0.7725631768953068
e612db1940cc1dfa82eab699d4958f28b450095b,102,92,10,0.8360655737704918
d80f9f8be1d217cca6b32582d02c52091674620d,13,13,0,0.696969696969697
322e3598f2f3820acee4833b68ec64b77054b5d1,8,8,0,0.6428571428571429
1435b5d7673b26e00d27f1bd1f1e48f564ce6a5a,25,17,8,0.6
73e296356e12c979f009debabd70b6ae7bb1cc5e,11,10,1,0.6451612903225806
0572a46d7f438c252c17806f8c442357a10519e9,47,36,11,0.6865671641791045
b2b70d8dba121aed5ee3e52b11fcf8a38b91c5ba,1,1,0,0.5238095238095238
7336534e03b11465c7717ed4044800a611a6f4bc,2,2,0,0.5454545454545454
3ab65ec46fe95698c8c37769ad2b23d2cef490a7,2,2,0,0.5454545454545454
a44eb25080db115596b82a9ec8d8c0e2acab14eb,1,1,0,0.5238095238095238
c5272cd503a12eac3c0303e38998efe59d9dabf6,1,1,0,0.5238095238095238
5d11d038eb6f26c17db710b8d7af699e2333ce30,1,1,0,0.5238095238095238
500c38fc437924f7c6088e3e4f3262a0228ac2be,1,1,0,0.5238095238095238
5323b162a0fe52fb33240b2b0d45fe868ac5d0cf,3,2,1,0.5217391304347826
7be158740ba840e252939d5a99c3685f1357ace4,2,0,2,0.45454545454545453
760ecfcd8d5d706156ec69cf5b8deef77388fe6e,11,9,2,0.6129032258064516
ee220dc9d2b55ac81e0cc6cccd3bf719234605c4,36,20,16,0.5357142857142857
02bb52141514bd8f9c31f2b7163f297e085672b2,60,41,19,0.6375
82c5a856662097553012df96c668205ca7c4131f,8,6,2,0.5714285714285714
8432fc141ac05ba62d3141d2581a4317f5e7dc50,1,0,1,0.47619047619047616
7186760389659962e7b0acbb580d91d6b576abc3,12,8,4,0.5625
00db760939d3eb1588f62a2b7527643cf70139ae,2,1,1,0.5
a8f6b7d994563acaa6be7b562a8e4fee600fd589,9,8,1,0.6206896551724138
9641c9897c3e4de67e9dc8917cbf90138d2e7fe8,12,5,7,0.46875
0e8e1b5ef75e8d134936e1590fd166645e86fbbd,5,1,4,0.44
3c2ded270cbcecd6244e5d3d8343d749df322e9a,6,4,2,0.5384615384615384
5f2edf0f023b004c968745653816901e6e1a04b1,1,0,1,0.47619047619047616
d69a5c023feb292f13a5ecda6d8179be49537997,2,2,0,0.5454545454545454
400b645f67fc15f8627f66a323e97ca2dd3a9016,2,2,0,0.5454545454545454
6e8a93317c8fe82590c1c81430602c05df0b9d6a,1,0,1,0.47619047619047616
184be9aeaaedb45b82cf5f5e738b70082eb1731d,1,0,1,0.47619047619047616
12dc881e25dd8dc13fde0e3098a398842fbaea78,1,0,1,0.47619047619047616
279711f64442f4af2f300ac5b1d47698db36768f,3,2,1,0.5217391304347826
5c118c84113fa250ffcb32d5f3dbc89c80952a86,140,122,18,0.825
9ff9da04ed6ab23c1b250518f70347f2027bf87c,42,4,38,0.22580645161290322
eeddfe64c5e0b6f3806ee31dca73ece191f65b44,1,0,1,0.47619047619047616
64bcd7303cffbe5e58f8742ac4276c31dcd01284,1,1,0,0.5238095238095238
e93ee755964a8a383cbcd0109c2856d355e01d6f,3,0,3,0.43478260869565216
986c10056c62d1b5b459e41c59fd356edd1f1df3,2,2,0,0.5454545454545454
4cb2e98e46e68e0fb97c61dd4c973b3507e1f79d,55,10,45,0.26666666666666666
5eacf30dfa18abed14c51c26adf4d82870f0703a,3,2,1,0.5217391304347826
d92e903a89e1597b979d06a8a96e2c15bca11f15,11,9,2,0.6129032258064516
b79e371a817c1ffc5566cff5d6bb31e768fe3773,1,1,0,0.5238095238095238
4ef4fd9f0865889fbd746f538e711320af4be554,1,1,0,0.5238095238095238
d806a7f53bd8d94eef3a5ece34adea38da4d295a,1,1,0,0.5238095238095238
c2eb0f834d1c47b419b4263a7507a8bd96a4b9ee,10,5,5,0.5
effa73250b758449924ffe0a5bb0f69633327877,1,1,0,0.5238095238095238
9f34b1f88fb0ab77bdbfd773392c11a1dbf720db,4,3,1,0.5416666666666666
41b894b8571d494a127077975a2c284f0756a7ae,327,210,117,0.6340057636887608
2216b2361986effd30d975f4622154688e894177,20,17,3,0.675
daf9e67a9a6e530b4cb4a8609e423db13b676734,1,1,0,0.5238095238095238
f80a4f3ec515ba94c557b80f334139eceb03ff81,8,7,1,0.6071428571428571
a4874b86932263381cf141833eb23e8dbec1c9da,6,3,3,0.5
2c764a1101206822dc0f21978eddc0fe29c19c54,4,4,0,0.5833333333333334
ad96d9922c3c69b836b37b5776a80e71e919a829,1,0,1,0.47619047619047616
491cf1c2ccdc44fccd61fe06647910abba07a069,1,1,0,0.5238095238095238
4064b464c6279cf5e3f255d48509cb233824abfc,2,2,0,0.5454545454545454
d0b24d9aab71f2641af50f4091aa9a7f3f4d20a2,1,0,1,0.47619047619047616
fdf685ebb988adb3cd609c57ddcb79c04a04aa1e,6,5,1,0.5769230769230769
3e0e4e9aa3c3daa0af994ef34dd156a65def0ba4,3,2,1,0.5217391304347826
f96d658a3be543818e3fad99ce4a95f88e1621d5,7,5,2,0.5555555555555556
0b253fb7ba3dd8783aba3a45cb42b81729963596,60,38,22,0.6
d65c920bcfd41f533e3a4597f1b1c2aa5d5a2bad,1,1,0,0.5238095238095238
9d1ed83754894025f27dbf3adddf22de4165e763,1,1,0,0.5238095238095238
16ee3415f8aa65b7cb53e60e38b58416762d47e1,1,1,0,0.5238095238095238
e6bd09e2a9a6c9bd683fb2a2c2006d1eca7e663a,2,1,1,0.5
b7882e17bfda7f72b6b085f2dcbd34525ce52325,4,0,4,0.4166666666666667
2aad195164970080a1f73a40a21e9807b75b9342,1,0,1,0.47619047619047616
1aca273146f8b29c49adaf4d7897eb9757c747fa,3,2,1,0.5217391304347826
a5789ff20209984896d06443296d494d3815178c,43,22,21,0.5079365079365079
32ba43050f813dd703e2e64b94a795b4c3f9b7f5,2,2,0,0.5454545454545454
405b7a006174bb13a10d5d39319f7c5712e6555b,1,1,0,0.5238095238095238
e1bddff1164197a78b1fd222d291f6140fcce8ea,1,1,0,0.5238095238095238
46d21d22cdaea44f082ed07065942f56c9e3cc12,1,1,0,0.5238095238095238
9b76052c440b4eb7c2f452b0545b49221f52a63b,1,0,1,0.47619047619047616
c13a44165d4bcf7aa35fbdb9e83c8ba13cfb19fb,3,1,2,0.4782608695652174
f43cd7aa58c3474b5b095fdf735e9aa2cfb6874f,1,1,0,0.5238095238095238
531b5bb7d2c262d4eec633f1e9a854c5ce2f8dbf,3,3,0,0.5652173913043478
171ed869575c1c70d44ac4a7069f9e225ed8c805,2,1,1,0.5
c9ae50277817a9fb62c7b4030b037091ecd9b77c,1,1,0,0.5238095238095238
915f77502759940c6d4243adacf473393d2a1149,1,1,0,0.5238095238095238
b4300f247c26db811d0551c37fac8050e15e2629,1,0,1,0.47619047619047616
715f32bd6b8228f5f3e454942f9421a57f37651f,3,3,0,0.5652173913043478
58ee906cf0822221661c53e004aea56d4a825dfb,1,0,1,0.47619047619047616
6c2b7246cb6b787f90f293eff0b47157935c996d,93,51,42,0.5398230088495575
d0de2e16dfc20b742f1802103efa11b4269a3eb5,11,10,1,0.6451612903225806
7014ef7d695ea6da10e6b2dd39ef25e5e6472a18,1,0,1,0.47619047619047616
59182c8ec2cf3e3a8c729c8cdc46224afd011144,5,5,0,0.6
ac379e3376467b227a4cd0b65a14e806ee9df4f3,1,1,0,0.5238095238095238
b9be2ba50f8570a1168aacf362f0bc5d1f653f1a,8,7,1,0.6071428571428571
65651f3489479402aa3cfb088879a71e5748895b,6,1,5,0.4230769230769231
0a973c349a9afb17135af8cfdd756ad63a7e51db,2,2,0,0.5454545454545454
a85070e52a83aa976d6f3abbcc26c49801469785,2,2,0,0.5454545454545454
d1c239b0d5b936777ffb5a13f9e270b79d477346,2,2,0,0.5454545454545454
2c7709477fbdebfc6bb44c717ace32dfcfe72875,1,1,0,0.5238095238095238
dd76eb4c0f5959314fdef5844780d5adcaef6cb4,5,2,3,0.48
ff0f557f127a935260296e545ec15b3490a64edb,10,5,5,0.5
3d8726447dc3a25994600d9e3ddebdf914dec944,10,6,4,0.5333333333333333
b6f5ef83019694f7ddaee2ec126fea45e10a958b,2,0,2,0.45454545454545453
dec49cc5c91273408d5c601664b3bc8717dcdd08,3,3,0,0.5652173913043478
eca63056313cc3711cebd786d98122083aeabdc3,1,1,0,0.5238095238095238
27a5ee741043dd11b8b2edcd82d946a70a5f14dc,2,2,0,0.5454545454545454
d0e842ec9343a41a249a36feecc9cef4abe8d2c7,1,1,0,0.5238095238095238
3af09208ae3b9dd7dae3c6568b3b6f204c223915,3,1,2,0.4782608695652174
0c68d1564c09ace6941e873de86928deaa1a8e9e,59,12,47,0.27848101265822783
d332e70265ce9bd22081f2666e2cb8b8df437bce,2,2,0,0.5454545454545454
9f97d03ab72c5f3fbf44e710e59a37f45d0755df,1,0,1,0.47619047619047616
a480d00579dc9b5fd1db2c1c19ae3168e88bc505,1,1,0,0.5238095238095238
39091f778261afbcf8e1b802e43187670071ea95,1,1,0,0.5238095238095238
8209647ef3084546dac4ae8aea108b1a9dfb76c6,1,1,0,0.5238095238095238
faa0279fab55477dd8b304e5dc103d7f63653f67,321,244,77,0.7448680351906158
a49f45de70b4d6bc6982e9919163e8507fea5264,5,4,1,0.56
05f7442610d14e60e7b75ba426556af5b076fbcf,2,1,1,0.5
158c03b4bcb2ed89f663060eca686362c9921104,109,81,28,0.7054263565891473
d53e9c5e8acec178c9816854bee92e00d1d28a9f,1,1,0,0.5238095238095238
b4463bcf07faa007837630cc90a6e20882f8f27f,89,83,6,0.8532110091743119
2f119f2119cf272ed50a3bbd74c20492ff82aa21,3,3,0,0.5652173913043478
0fb6be44fbf602fb8711fe4802908de470df9927,1,1,0,0.5238095238095238
d559f90146c6cc0b814afd611405614f069b8a51,1,1,0,0.5238095238095238
6aa38b911a894c8c69f17af1f86b81ded970ab13,1,0,1,0.47619047619047616
e9690cca1ebc051d9da2129e549ef5809b114586,52,32,20,0.5833333333333334
5d4549f9632f6fe020a912dd4323471d723254b4,1,0,1,0.47619047619047616
01778af8e683565fdf58cd34a6d888108f6766d5,1,0,1,0.47619047619047616
be8ccc6682e63df14ef39c9ea782f0eeea9886d2,21,17,4,0.6585365853658537
410dc2311d6d52fe50a781a5a17962c67c70e46a,12,8,4,0.5625
67e5d51ea660ebecaf00139eaef285e27fc64c03,4,4,0,0.5833333333333334
2c4e6e0950ad32d1b76c9ee663b4541f43ddbb38,8,8,0,0.6428571428571429
f52edc2f8f3f973d6c729e6aedcf2cc599b15f93,9,8,1,0.6206896551724138
c8a581b3dc9b667c8b9c4e0aef732ea9d8981aaf,2,0,2,0.45454545454545453
348c23e6b9ce5ee141a5fbdabd754779b3ba4b98,4,2,2,0.5
ea92c9026641a8aceb9ddf52f6ab247a022e156b,4,4,0,0.5833333333333334
6d9424c4d1ae738f8c8635040cabeb5e0c2d8fa8,1,1,0,0.5238095238095238
b0dbb301184ea3f554d22c6984cb79641399d57b,1,1,0,0.5238095238095238
6f9221710b6c8ed3a533375c133e50a9fc291a3c,1,1,0,0.5238095238095238
1f4ed0f63ecc3b7394a523e0ef52dc432da6958b,5,1,4,0.44
0acafb92150028ac1df36d7b8d9f7e29ffa2c0a8,11,10,1,0.6451612903225806
fb7231443e11a338f54e5584dd9ad0aa3a46c409,2,0,2,0.45454545454545453
ec638dccc2c442cf7f9536a89d14340de8d800aa,3,3,0,0.5652173913043478
e5a17c013135febdaa7b3b11f4000997744aa6e7,21,16,5,0.6341463414634146
abe00f2bdba20efb487771fde6140363181d9f6e,47,28,19,0.5671641791044776
0c7c61d2f65f109dfb924d7f3af91be193a86f93,7,6,1,0.5925925925925926
cbe0f909c39ef215983f1ba1519724822a0a46a5,1,0,1,0.47619047619047616
3f90b42d7611d0a66b1572cf986079f16aaacc30,3,2,1,0.5217391304347826
c9069af859391f2b06b74065e6b52c3c8eccf5e2,3,3,0,0.5652173913043478
28df26864c178ab7a07eda68f858ed49d8d044dd,11,11,0,0.6774193548387096
fb7245ca4e78dc4249fd1a0a0bacf499d7736219,2,2,0,0.5454545454545454
ae022d2d469eff344da1babbe7921b152c3b5c08,6,2,4,0.46153846153846156
459e30a36cbc55ce14ac6bbe70e21ab9e4f27584,90,80,10,0.8181818181818182
b75b9c46d1c915f3534e1067c4872c7266dc8aa6,1,1,0,0.5238095238095238
ec8e3a15c53c5c3d93c1bb768c8fb0635ee4ebd9,1,1,0,0.5238095238095238
e57ce18f86875b2fd9fbf7d3c01f99f27fba661e,1,1,0,0.5238095238095238
987e66e06580cc6ee8921b8220504f1719f6235c,269,210,59,0.7612456747404844
b1b7d8d5105c21ac6d86b6b41b34cf80788f62cc,5,3,2,0.52
7aff06730a72c27d468802028b3107cdd46c72dc,12,10,2,0.625
803d8c735d4be3ede41e8b1aa07ecdcd9f44f9fa,4,4,0,0.5833333333333334
d09f4412e64d92dfe97945adc7e3275ead4c3208,28,23,5,0.6875
fb6be252a6aeeaeff1cb3647d3d32bbe69c9de49,1,1,0,0.5238095238095238
c2a5412926b839fbc33da46fb7d521653b6e4138,2,2,0,0.5454545454545454
88e0f03844eb25073f089ced8d1935cd5351cb5a,2,0,2,0.45454545454545453
9887ae2f9c7d8e8b7d448f224f31360b38001a98,2,0,2,0.45454545454545453
3d222a824ebde222fdb1fafea1bf028974553943,4,4,0,0.5833333333333334
05615c725d55f8db2ee3c0cb2f53c5dcacf034cd,1,1,0,0.5238095238095238
246782914b14ad6cf955d8e98d4b555dcaeaa658,5,5,0,0.6
0b96ea61a1fa414e1ba5d709ff6aeae201c3f80e,35,27,8,0.6727272727272727
a7676d77e47ea11b7e6af1c7200a331d64669e43,11,10,1,0.6451612903225806
19a1547e15dcd447c58ee0b353283d563d01da79,8,8,0,0.6428571428571429
c85bae47dd6f9302628be1601d32bafa42fb124e,1,1,0,0.5238095238095238
ab0c60cd71cd6cee6d49c540933e510048ceb5c6,1,1,0,0.5238095238095238
23582170a90f9a1b092e68bf594036c8561cf563,106,73,33,0.6587301587301587
d70e79f9f45d02b0fb775feb85633d4d03efddf9,1,1,0,0.5238095238095238
ef0087078af6c931267d9dc3f57dc78b63a48897,3,2,1,0.5217391304347826
7dde704bcc5c15fe1c3e90eb5e9af8c7a9e970bd,2,2,0,0.5454545454545454
4a096abb733ecfa40744794a18494c069d46ca7a,225,210,15,0.8979591836734694
5b4216acda42e42a2a8ca889ab9f5cb6263d6d4b,1,0,1,0.47619047619047616
fa0cd856a22255bac656985d7ff804d67308a92c,18,13,5,0.6052631578947368
f88fd01dee1627866323b0d1180b7c291136e3a6,7,3,4,0.48148148148148145
e106fdebdfe608c2d8bca3fb29fa6ef7aae177c2,1,1,0,0.5238095238095238
9aec658f4c30c39dcb63724ffd73ae2149a01a79,1,1,0,0.5238095238095238
8eb99381733e8ffab2430713cc86450bfbf575a7,2,0,2,0.45454545454545453
eb8993a4f42f211a331ee6b91ebb2b036ad4aceb,5,4,1,0.56
56a5f0c04b6d5a0dafde9a91e9eddf1cc4ca7bab,1,0,1,0.47619047619047616
5b0062f7ae363085676d0b62a7089b8e4275dc01,1,1,0,0.5238095238095238
f637b3ecb340eb92b23e943a762e1dbd9a2610e8,1,1,0,0.5238095238095238
4062ae0b800051f110f6e9a6411a7391d8876e3b,4,3,1,0.5416666666666666
c1514c7a8dbfe050b7fa9de87c719799926f78a7,1,1,0,0.5238095238095238
c9f4ee48bb07341f3e3dabcbf318af493efa0a1c,1,0,1,0.47619047619047616
588b254f62b916434c3fbf47647ab56fb5c7b631,1,1,0,0.5238095238095238
f70fe35112cb32833a31084e164726e82917ba21,1,0,1,0.47619047619047616
69eb692f594d41031d66a7f445c51736038654c7,2,2,0,0.5454545454545454
45dff17eb1784bb7a6969e94cd2062fb7bda519a,214,179,35,0.8076923076923077
e42197cbe0f0725251891c8b9b47ebe1c3d275b1,275,245,30,0.864406779661017
63fefc9eb4d5602e577b37681e6918eff6cf5fc8,2,2,0,0.5454545454545454
cf8e82a38467c31a366d975e16b8c3d681f32cbb,5,5,0,0.6
6621517ee68569a42c9daf82410b7ca12ab6d338,2,2,0,0.5454545454545454
e9161406f9dac51227928575efab947c9da8d31f,1,1,0,0.5238095238095238
13b3f4fda27f2d6e102368a1e1fe010232fd27f9,1,1,0,0.5238095238095238
462d7008c69b4771b2cd4ba666a7f3d1356ec100,1,0,1,0.47619047619047616
66b4e7e65ccffe972d1a4e204c4e362a9a2f0f79,10,7,3,0.5666666666666667
1f6e9a8c433234f961482069ad57b16ae5b278e5,2,1,1,0.5
fd8b9f55ff9867e163016fa68ba5a2be5edd1c4b,9,2,7,0.41379310344827586
88fd4abc002df04878d1349decce28c253a14867,1,0,1,0.47619047619047616
3b7aac17d92af06fa5363a8594d9f097e39b0cbb,56,49,7,0.7763157894736842
af53ae288f1581697c38a30b4b1d64671c2051ff,1,1,0,0.5238095238095238
99aeb766b4dcbf2bf808ba21b5beb064849516b9,64,55,9,0.7738095238095238
d97b15a3c5bbde1f876e5e0eda5d22ff24f537a2,21,13,8,0.5609756097560976
83922b769c28f3346c4eaa5383f8b433d2f1b9d0,4,0,4,0.4166666666666667
ac3f82fa9d1ac1a4fc3148b5db9aba67a5336d0d,1,0,1,0.47619047619047616
bdf22a7a7d9b08848f38b845aa5f58199e42fb42,6,2,4,0.46153846153846156
d1d6bd468ac16316d1e442c5b6c0ebc530f970d3,8,1,7,0.39285714285714285
f742aa1768c00e1a8e786595caddd97a9f372fb6,1,0,1,0.47619047619047616
a6953fd9a952d2455f8ab2a5857890b2f0c7da7a,1,1,0,0.5238095238095238
8a0f99b56db382c9c03dfcf5fdc1b3e340e36713,1,1,0,0.5238095238095238
52178770155fa1ed43fe92c298296e3245133cea,3,3,0,0.5652173913043478
1b6cbf769f41211d23b4884118da0f0196d39e49,1,1,0,0.5238095238095238
2affa8e0327331127a3b178cba775df95863ebf9,1,1,0,0.5238095238095238
1c3638cb3a448b496adb4f105d351696b2ae4379,2,1,1,0.5
9a4fa78e2f649dcc57d0d6010fc4eca09bea2478,1,1,0,0.5238095238095238
30b28965f3e89bed1b4ab59c1ab915cc5990d220,100,29,71,0.325
3b0f0a34127f965a22467cc816885f52409bff5f,23,19,4,0.6744186046511628
917f7d18c8e8c6eef1227c615133a51d3aa74180,1,1,0,0.5238095238095238
4b74a29a03f787ae84f8aa8b89546ab9f8b01092,1,0,1,0.47619047619047616
c36f5a76cad8fa143c219e2d6c21769b560b6b94,6,5,1,0.5769230769230769
8b49c368e92de10ad8d547e56d55de5ced1207a8,137,47,90,0.3630573248407643
3322154ec038391a468976410d392a678b32c32c,7,7,0,0.6296296296296297
c26cc8fa749f51e59333192e21a931c9b76c3f18,1,1,0,0.5238095238095238
4e5de2f7ce6b34cad21b3911cbe7b76cc05ec21c,4,2,2,0.5
2bdddca6194dbc0674ff3b14606386bd7671acdb,1,1,0,0.5238095238095238
aef46a407b9f124692fe611729c615b61b1e053e,23,20,3,0.6976744186046512
bb735d777aa1c272b10720be99db183e47c600d7,2,2,0,0.5454545454545454
8a8fc43e3127c38a345427eb51213233943262f4,1,1,0,0.5238095238095238
0879787d1f38dd511cc0f8e4187fbf20146a5eb8,2,1,1,0.5
d83aed6f7f4798e27eb72ff5d4137673a87dc920,1,1,0,0.5238095238095238
7b11173f22f928e3c91e3d2d9a97bc5fc812c16b,4,3,1,0.5416666666666666
0b2fb9d7ff4df4fff4ba2e716e32221d40a1d1f4,56,42,14,0.6842105263157895
56e65f022dc2cc8afbdf0e1b71cd6cc8af8607d9,19,16,3,0.6666666666666666
89c6d673cd6d756fa94cf57fb92cfaa1b2477f89,2,0,2,0.45454545454545453
0fe2840dcbfee2f9a5b08361fcb7f06909c8b3f6,1,1,0,0.5238095238095238
925917b1ebbb0532c00f497fe7865a90952b39fd,24,19,5,0.6590909090909091
64c2d809559524ee7e4eceaf6a8afeb6a37f8e21,1,0,1,0.47619047619047616
7a4ab794ba09d3bc341e6b0bfe2ac25919268109,2,2,0,0.5454545454545454
918720e83d7278f700f7ae10543b5f8c3eecd126,30,7,23,0.34
