undergrad_uni,undergrad_uni_tier
Vit Pune,2
Aligarh Muslim University,2
NATIONAL INSTITUTE OF SCIENCE AND TECHNOLOGY,2
City Engineering College,3
Sri Venkateswara Institute of Science and Technology,3
DSC,3
Vivekanand Education Society's Institute Of Technology,2
H.K.B.K. college of engineering,3
Acme Engineering College,3
Flora Institute of technology,3
Nadimpalli Satyanarayana Raju Institute of Technology ,3
RAMDEOBABA COLLEGE OF ENGINEERING AND MANAGEMENT ,2
National University Of Sciences And Technology,2
Bhabha College of Engineering,3
"kantipur Engineering College, Dhapakhel",3
AIT Chickmagalore,3
purdue university northwest,2
"Center for Management Studies, Jain university",2
P.S.G coll,2
S R Engineering College,3
B.V.B college of Engineering and technology,2
Mewar University,3
Priyadarshini Bhagwati college of Engineering ,3
Gayatri vidya parishad college of engineering,2
JB INSTITUTE OF ENGINEERING AND TECHNOLOGY,3
K. V. Pendharkar College,3
jamia Hamdard,2
some university ,3
Sri Venkateshwara College of Engineering,3
KL UNIVERSITY,2
Swarna Bharathi Institute Of Science And Technology,3
Ambrose Alli University ,3
L.D College of Engineering,2
NDMVP,3
Gurunanak institutions of technical campus,3
"Institute Of Engineering & Technology , Lucknow",2
Sabarmati university,3
"NDMVP KBT College of Engineering, Nashik",2
kamla raheja vidyanidhi institute of architecture,2
Srinidhi,2
st.vincent pallotti college of engg. and tech,3
long island university,2
University of Mumbai,2
College Of Engineering Munnar,2
JSPM's Bhivrabai Sawant Institute of Technology and Research,3
Indira Gandhi Delhi Technical University for Women ,2
S.I.E.S Graduate School of Technology,2
IIM Indore,1
Vignan's University,2
"Rizvi College Of Engineering, Bandra",3
PESIT Bangalore South campus ,2
JNTU College of Engineering,2
Khulna University of Engineering & Technology,2
Anurag group of institutions,3
s k somaiya,2
Annamacharya Institute of Technology,3
G.N KHALSA college,3
S.P.B. Patel Engineering College,3
"Ramakrishna Mission Residential College, Narendrapur",2
University of Alabama at Birmingham,2
KAIST,1
Pune Vidhyarthi Griha's COET,3
"Shri Ram Murti Smarak College of Engineering and Technology, Barielly",3
Velalar college of engineering and technology,3
M.V.S.R engineering college,3
Bharati Vidyapeeth College of Engineering,2
national university of mongolia,2
national institute of technology raipur,2
GCOE Amravati ,2
"AP Shah Institute Of Technology, Thane",3
Venus ,3
lahore  university of management sciences,2
Ajeenkya d y Patil School of engineering pune,3
Pvg' S College Of Engineering,3
reva institute of technology and management,3
KLE Dr MS Sheshgiri College Of Engineering And Technology,3
Bhagalpur College of Engineering Bhagalpur,3
Delhi University ,2
"Sinhgad College Of Engineering, Vadgaon, Pune",3
RAIT,2
Gandhinagar Institute of Technology,3
Stamford University Bangladesh,3
P Indra Reddy Memorial Engineering College,3
UNIVERSITY of California Berkeley,1
Sinhagad Institute of Technology and Science,3
Kelkar College,3
ASET,3
Aditya engineering college ,3
ABCD,3
"Dr. Baliram College Of Architecture, Bandra ",3
Kamineni Institute Of Medical Sciences,3
Trident Academy of Technology,3
st xaviers college of engineering mahim,3
Marathwada Mitra Mandal's College Of Engineering,3
"vardhaman college of engineering, hyderabad",3
"ims , ghaziabad",3
"SJCE, Mysore",2
Marymount University ,3
Sri Venkatesa Perumal College Of Engineering & Technology SVPCET,3
"Faculty of Engineering Shoubra, Benha University",2
"Ramjas College, Delhi University",2
jntu vizianagaram,2
SDJ International College,3
"Universal College Of Engineering & Research, Sasewadi",3
"Leelavati Awhad Institute of Technology , Badlapur",3
Medical University,3
IIIT hyderabad,1
Bundelkhand university,3
Dayananda Sagar College Of Engineering,2
sri venkateswara college of engineering,2
"Presidency college, Bangalore",3
"bits
",1
indian institute of information technology Tiruchirapalli,2
"jntuhcej,karimnagar",2
skncoe vadgoan,3
Cusat,2
national taiwan tsing hua university,1
Datta Meghe College Of Engineering,3
"Institute of Chemical Technology , Matunga",1
ACS College Of Engineering,3
Yogananda institute of technology and science,3
seshachala institute of technology,3
sanskrithi school of engineering ,3
Global Institute of Technology,3
JRE group of institutions,3
Surabhi Group of Institution,3
St. Peter's engineering college,3
Thakur College Of Science And Commerce ,2
University of Calcutta,2
Nalla Malla Reddy Engineering College,3
Dr. Baliram Hiray College of Architecture,3
University of chicago,1
Sharif University of Technology,1
DY Patil College of Architecture,3
Lukhdhirji Engineering College,3
Institute of Management and Career Courses,3
MIRACLE EDUCATIONAL SOCIETY GROUP OF INSTITUTIONS ,3
SR Engineering College,3
kc college,2
"GHRCE, Nagpur ",2
Bharati vidyapeeth university college of engineering,2
Andhra university college of engineering,2
little flower degree college,3
Pakistan Institute of Engineering and Applied Sciences,1
l.j institute of technology,2
Maharashtra Institute Of Technology,2
"Government College of Engineering, Nagpur ",2
MANIPAL UNIVERSITY,2
JB Institute of Engineering and Technology,3
jnn institute of engineering ,3
G.S.Moze College Of Engineering,3
University of Massachusetts Amherst,2
Sri Venkatesa Perumal College of Engineering and Technology ,3
g.pulla reddy colege of pharmacy,3
St Marys Engineering College,3
Talla Padmavathi College Of Pharmacy,3
"Jaya Prakash Narayan College of Engineering, Mahbubnagar",3
"JECRC University, Jaipur",3
Ramniranjan Jhunjhunwala College,3
"Indian Institute of Technology Mandi, Himachal Pradesh",1
DIT School of engineering,3
Anand INstitute of Higher Technology,3
Dhanalakshmi Srinivasan Engineering College ,3
Nagarjuna College Of Engineering And Technology,3
The Oxford College Of Engineering,3
Samskruthi college of pharmacy,3
isl engineering college,3
Malla Reddy Engineering College,3
Ddit,3
unitedworld institute of design,3
American University of Sharjah,2
kits ra,3
NKOCET,3
NIT Rourkela,2
OEC,3
New York University,1
HR College of Commerce and Economics,3
BABU BANARASI DAS UNIVERSITY,3
KIIT Bhubaneswar,3
Veltech Dr. RR & SR R&D Institute of Technology,3
B N M Institute of Technology,3
St. Thomas College Of Engg. ,3
Dayalbagh Educational Institute,3
Ned university of engineering & technology,2
FR CONCEICAO RODRIGUES College of Engineering,3
VEER SURENDRA SAI UNIVERSITY OF TECHNOLOGY,2
"KJ Somaiya College Of Engineering, Vidyavihar, Mumbai",2
Sitrc,3
Sri Venkateshwara college of engineering ,3
Prasad V. Potluri Siddhartha Institute of Technology,3
PDEU,2
Indo Global College of Engineering ,3
veer Surendra Sai University Of Technology,2
"Terna Engineering College, Nerul, Mumbai",2
"B.V.Bhoomaraddi College of Engineering And Technology,",2
S J C institute of technology,3
FEDERAL UNIVERSITY OF AGRICULTURE ABEOKUTA,2
JNNCE,2
Shri Balaji Institute of Technology & Mgmt.,3
g h raisoni college of engineering and management Amravati,3
Ajay Kumar Garg Engineering College,3
Heritage institute of technology,3
Govt Dental College And Hospital ,3
gitam school of technology,3
madurai kamaraj university,3
"Indian Institute of Information Technology, Kalyani",2
Trichandra Multiple Campus,3
khwopa engineering college,3
Manipal Jaipur,2
IIMT college of engineering,3
Marg Institute of Design and Architecture Swarnabhoomi,3
"BITS Pilani, Dubai Campus",2
B.V.Bhoomaraddi college of engg ,3
vignana bharathi engineering college,3
NEW HORIZON COLLEGE OF ENGINEERING ,3
Aurora's Technological and Research Institute,3
visvodaya engineering college ,3
saividya institute of technology,3
smt singhgad,3
St.Xavier's College,2
Gujarat Institute Of Technical Studies,3
maharaja sayajirao university,2
"government college of engineering,aurangabad
",2
cmr college of pharmacy,3
Global academy Of Technology,3
Dr. D Y Patil College of Engineering ,3
Hindustan institute of technology and sciences,3
Noble Degree College,3
Auburn University,2
Michael Okpara University of Agriculture Umudike,3
vfstr,3
Pdvvpf medical college,3
Dr G R Damodaran college ,3
vr siddhartha engineering college,3
Softvision College of Biotechnology,3
sandip foundation,3
"School of pharmacy, DAVV",2
Manav rachna college of engineering ,3
GRD College of science,3
BYK College of commerce ,3
Velammal Engineering College,3
Delhi Metropolitan Education,3
"Calcutta Institute of Technology, Uluberia",3
Avanthi degree and pg college,3
St. Peters University,3
"DY Patil Institute Of Engineering, Akurdi",3
Vignans Lara Institute Of Technology And Science,3
"Govt. College Of Engineering, Jalgaon",2
Sree Dattha Group Of Institutions,3
AMC engineering college,3
MAKAUT,3
"School of Engineering and Technology, Navrachana University",3
"RAJSHAHI UNIVERSITY OF ENGINEERING & TECHNOLOGY , BANGLADESH",2
maharashtra institute of technology aurangaba,3
Vignana Bharathi Institute Of Technology,3
Methodist college of engineering,3
Smt. Rajashree Mulak college of engineering for women,3
Bvrit,3
University Institute Of Information Technology,3
GL Bajaj institute of technology & Management,3
Velammal Institute of Technology,3
NITK Surathkal,2
Visvesvaraya Technological University ,3
St.Xaviers College ,2
Instituto Tecnológico y de Estudios Superiores de Monterrey,2
Siem,3
JNTUA,3
JADAVPUR UNIVERSITY,2
rajarambapu institute of technology ,3
JCD College of Engineering,3
Jawharlal Nehru Technological University,3
acharaya nagarjuna university,3
IIIT DHARWAD,2
ATME COLLEGE of ENGG,3
"GURU GOBIND SINGH COLLEGE OF ENGINEERING AND RESEARCH CENTRE, NASHIK",3
Tamil Nadu College of Engineering,3
XYIT,3
"Matrusri Engineering college hydera, Hind, Hindupur",3
"Kirori Mal College, University of Delhi",2
St Mary's yosufguda ,3
nkt college,3
Deerwalk Institute of Technology,3
RAJAMAHENDRI INSTITUTE OF ENGINEERING AND TECHNOLOGY,3
sri sukhmani institute of technology,3
North East Frontier Technical University,3
"Dwarkadas J Sanghvi College of Engineering, Mumbai",3
Rao Bahaddur Y Mahabaleshwarappa Engg College,3
State University of New York at Binghamton,2
L.D ,3
mallareddy institute of technology and science,3
Rajagiri School of Engineering and Technology,3
BITS Pilani- Goa,1
Swami vivekananda society,3
Anand Agricultural university,3
IBMR IPS Academy Indore India ,3
Usha Mittal Institute of Technology ,3
National Taipei university of technology,2
"College of Technology, Haldwani, Haldwani",3
United College Of Engineering And Management,3
college of vocational studies ,3
Maharishi Dayanand Saraswati university ,3
SRI KRISHNADEVARAYA ENGINEERING COLLEGE,3
Islington College,3
sahyadri science college,3
IIIT,2
Technocrats Institute of Technology [Excellence],3
Mahindra University ,2
c v raman college of engineering,3
vignan institute of technology And science,3
University of Wollongong in Dubai,2
Adichunchanagiri Institute Of Technology,3
Jayawantrao Sawant College of Engineering,3
G H Raisoni College of Engineering,3
"Indian Institute of Information Technology Design & Manufacturing, Kancheepuram",2
"Cochin university of science and technology, Kochi",2
Calcutta university,2
"Sam Higginbottom Institute of Agriculture, Technology and Sciences",2
Birla Institute of Technology Mesra ,2
K K Wagh Institute of Engineering Education and Research,3
Narula Institute Of Technology,3
university of toronto,1
TCET,3
B.P poddar institute of management and technology,3
Vaishnavi Institute Of Technology,3
Bharati Vidyapeeth college of engineering ,3
Oriental College of Technology,3
sphoorthy Engineering college ,3
Priyadarshini Degree and PG College,3
National Institute of Fashion Technology,2
"muthayammal engineering college , Namakkal",3
"K K WAGH INSTITUTE OF ENGINEERING EDUCATION AND RESEARCH, NASIK",3
University of Maryland college Park,2
Narayana Engineering College,3
CMR college of engineering and technology,3
"maharaja agrasen institute of technology, new delhi",3
Pupil saveetha eco school,3
"goverment college of engineering, amravati",3
mumbai,3
vidya vikas institute of enginering and technology,3
St.Peter's College of Engineering and Technology,3
Foreign Trade University,2
Sri Shankaracharya College of Engineering and Technology ,3
Alard College Of Engineering And Management,3
Karunya University,3
"PES Modern College of Arts, Commerce and Science, Shivaji nagar",3
GITAM DEEMED TO BE UNIVERSITY,2
PSG institute of  technology and applied research,3
Symbiosis Center for Information Technology,2
Mop vaishnav college for women ,3
RRS College Of Engineering And Technology,3
Giani Zail Singh PTU Campus,3
Dr. Mahalingam College of Engineering and Technology,3
malla reddy college of engineering and technology,3
Thiyagarajar College of engineering ,3
Sri Sivasubramaniya Nadar College Of Engineering,3
Siddharth degree college,3
SVS Group Of Institutions,3
"Bennett University, Greater Noida",2
Jain Institute Of Technology,3
bhoj reddy engineering college for women,3
Malla Reddy Institute Of Technology,3
College of Engineering & Technology,3
Jagruti degree and pg college,3
Adithya institute of technology,3
garden city college,3
SAL Institute of Technology & Engineering Research,3
UIT-RGPV,3
srm institute of science of technology ,2
St.anns College Of Engineering And Technology,3
JBIT,3
Dr. B.C. Roy Engineering College,3
"Rajalakshmi Engineering College , Thandalam",3
"College of Engineering and Technology, Bhubaneswar",3
Ramnrain Ruia College,2
"Bharati Vidyapeeth's College of Engineering, New Delhi",3
George Washington Univeristy,2
University of North Texas health science center,2
University of Southern California ,1
"Indian Institute of Technology, Bombay",1
Vivekananda Institute Of Technology And Science,3
upes,3
Jawaharlal Nehru Technological University College of Engineering Jagtial,3
Shri Ramdeobaba College of Engineering,3
Atharva College of Enginnering,3
Sir J.J. College Of Architecture,2
VJTI,2
Priyadarshini Institute of Science and Technology for Women ,3
"Federal University of Technology, Minna ",2
S.G.S.I.T.S,2
Manav bharti university,3
"FTE, The maharaja sayajirao University ",2
NSIT,2
"Institute of Engineering and technology, Ahmedabad",3
Arya Institute of Engineering & Technology,3
National Taiwan University of Science and Technology,2
anantha Lakshmi institute of technology and sciences ,3
Kakatiya institute of technology and science,3
Gouthami degree college,3
padmabhushan vasantdada patil college of engg,3
"VIvekanand institute of technology, mumbai",3
Nalla Narasimha Reddy Education Society’s Group of Institutions,3
Birla Institute of Applied Sciences,3
Vishwakarma Institute Of Information Technology,2
St. Joseph's college of engineering,3
Union Christian College,3
Rvr&jc college of engineering,2
"Bhilai Institute of Technology, Raipur",2
Vardhaman College Of Engineering,2
CMR Institute of Technology,2
Dr.M.G.R Educational and Research Institute,3
St. Mary's College of engineering and technology ,3
Sal,3
Dr. KNMIET,3
College Of Engineering Trivandrum,2
Rutgers,2
 Pad.Dr D. Y Patil College of engg.and Technology PIMPRI PUNE-18,2
"Christ University, Bengaluru ",2
Vishwanatha Rao Deshpande Rural Institute Of Technology,3
rajalaskhmi engineering college,2
abc College Of Engineering,3
Audishankara College of Engineering and Technology,3
"Sri Sairam Engineering College , West Tambaram",3
"sinhagad  engineering college, Pune",2
aaaa,3
veer narmad south Gujarat University,3
Dwarkadas. J.Sanghvi college of engineering,2
NBKR Institute of Science and Technology,3
"K.J.Somaiya College of Engineering,Vidyavihar,Mumbai,Maharashtra",2
Kasireddy Narayan Reddy College Of Engineering And Research,3
Ramachandra College of engineering,3
Gurunanak Institute Of Technology,3
Techno India NJR Institute of Technology,3
Gogte institute of technology,2
S.R.K.R Engineering college,2
siddaganga womens college,3
kgce,3
SRM Institute of Science and Technology ,2
IIT Guwahati,1
Indian Institute of Technology Dharwad,1
National Taiwan University,1
Govt. Holkar Science College,3
Apj Abdul Kalam university indore ,3
Vaagdevi College of Pharmacy,3
St Josephs College Of Engineering,3
COLLEGE OF VETERINARY SCIENCE,3
Shivani Engineering College,3
aditya silver oak engineering collage,3
ANAMBRA STATE UNIVERSITY,3
Amity business school,2
Tsec ,2
"Theem College Of Engineering, Boisar",3
IGDTU,2
MVJ College of Engineering,3
"Gargi College, University of Delhi",2
vnr vjiet,2
Chaitanya Bharati Institute of Technology,2
vnrvjiet,2
Hindu College,1
"Maharaja institute of technology,thandavpura",3
DY Patil International University,3
Kyung Hee University,1
"PDEA College Of Engineering, Manjiri",3
ssn college of engineering,2
"Indraprastha college for women, Dellhi University",2
Sai Tirumala NVR Engineering College,3
St Columba’s School,3
gh raisoni college of engineering nagpur,3
SIET,3
ravindra college of engineering for women,3
Acropolis Institute of Technology & Research,3
"College of Technology,G. B.P.U.A & T",2
Sardar Patel College of Technology,3
Chitkara University,2
G. H. Patel College of Engineering,2
"BPUT,Rourkela",2
G B PANT ENGINEERING COLLEGE,2
NIT Surathkal,1
University of Louisiana,2
Malla Reddy College of engineering & technology,3
Kammavari Sangham Institute of Technology,3
"Kakatiya University College of engineering and technology,warangal",2
UC Santa Cruz,1
Govt.Model Engineering College,2
Institute of technical education and Research,2
bvcoe,3
Babu banarsi das institute of technology ghaziabad,3
"MIT Academy Of Engineering, Alandi",2
jaypee institute of information technology,2
cvr,2
Itm University Gwalior,3
"BVRIT Hyderabad College of Engineering for Women, Hyderabad",2
Narayana etechno school,3
MSRIT ,2
Acharya Bangalore b school,3
Manoharbhai Institue Of Engineering And Technology ,3
baba jaswant singh dental college,3
"Watumull Institute Of Electronics Engineering And Computer Technology, Worli, Mumbai",3
Rajiv Gandhi university of Knowledge Technologies-Nuzvid,2
"K.J.Somaiya College of Engineering and Information Technology,Sion",2
V R Siddartha engineering college,2
"International Institute of Information Technology, Hyderabad",1
Pinnamaneni Siddardha College of Medical Sciences,3
cvr college of engineering ,3
BMS Institute Of Technology,3
Sal college of Engineering ,3
Charotar Institute Of Technology,3
Anurag College Of Engineering,3
"bellary institute of technology and management,bellary",3
srinidhi institute of technology,3
punjab engineering college,2
GIT ,3
MIT Kothrud,3
Lipscomb University,3
Isfahan university of technology,2
NMIMS Balwant Sheth School of Architecture,2
K G Reddy college of Engineering and Technology,3
Vtu,3
University of Westminster,2
"University of engineering and management, Kolkata",3
Ashoka Institute Of Engineering And Technology,3
sggsie and t,2
American International University-Bangladesh,3
St. Wilfred's Institute of Architecture,3
"Govt. engineering college, Bikaner",3
Malini Kishore Sanghvi College Of Commerce And Economics,3
Dr. BR Ambedkar National Institute of Technology Jalandhar,2
Central University of Karnataka,3
V.E.S. Institute Of Technology,3
Gujarat power engineering and research institute,3
Ambedkar University,3
Vaagdevi degree & pg college,3
M.V.Jayaraman College Of Engineering,3
L D college of engineering,2
Dhanekula Institute of engineering and technology,3
ACPM den,3
"BVRIT Hyderabad College of Engineering , Medak.",3
"Dr. Ambedkar Institute of Technology near jnana bharati campus , BDA outer Ring Road , Mallathahalli, Bangalore ",3
K.S.Rangasamy College of Technology,3
Indian institute of technology guwahati,1
Alpha College of Engineering & Technology,3
"College of Engineering and Technology , Bhubaneswar",2
"Lakshmi Narain College of Technology, Indore",3
"Loyola-ICAM College of Engineering & Technology , Nungambakkam",3
"Padmashree Dr.D.Y.Patil Institute of Engineering and reserch,Pune",3
Vidya Prasarak Mandal Maharshi Parshuram college of engineering ,3
Rajiv Gandhi Institute Of Technology,3
FCRIT,3
Roots Collegium,3
Easter Michigan University,3
chaitanya degree college,3
"Pace Junior Science College, Borivali",3
dj sanghvi,2
"anil neerukonda institute of technology and sciences, Visakhapatnam",3
"RGUKT, Nuzvid",2
Shree Kheteshwar Mahavidyalaya,3
Jaypee Institute Of Information Technology,2
Aurobindo Institute Of Engineering And Technology,3
"Veermata Jijabai Technological Institute , Matunga, Mumbai",2
NIST,3
XYZ,3
G H Patel College Of Engineering And Technology ,2
Graphic Era University,3
PES Modern College Of Engineering,3
Wright state university,3
Birla Vishvakarma Mahavidyalaya,2
Maharaja Agrasen Institute of Technology ,2
"SCET, Surat",2
L.J.I.E.T.,3
National Institute Of Technology Silchar ,2
Narasaraopeta Engineering College,3
University Institute of Information Technology,3
JBAS college for women,2
D. G. Ruparel college,2
"Pillai College Of Engineering, New Panvel",3
kit's college of engineering,3
Dr K.N.Modi Institute of Engineering & Technology ,3
Muffakham Jah College of Engineering and Technology,2
GEC Rajkot,2
FAMT,3
"Auro University, Surat",3
"st. Xaviers college,Mumbai",2
SEA College Of Engineering And Technology,3
Presidency College,2
SWARAJ INDIA,3
Universal college of engineering ,3
University of Texas Arlington ,2
sandip institute of engineering and management nashik,3
NMIMS Navi Mumbai,2
University of the Philippines Diliman,2
teegalakrishnareddy engineering college,3
adani institute of infrastructure engineering,3
Sal Engineering & Technical Institute,3
Bharatiya Institute of Engineering & Technology,3
Nanjing University of Posts and Telecommunications ,2
Marian Engineering College,3
Netaji Subhash Eng,3
Proudadevaraya Institute Of Technology,3
Kakatiya institute of technology and science warangal,2
"government college of engineering, karad",2
"Jawaharlal Nehru Architecture and Fine Arts University, Hyderabad",2
Simpkins,3
kj somaiya ,2
"Graphic Era University, Dehradun, Dehradun",3
"VIT University, Amaravati ",2
jawaharlal darda institute of engineering and technology ,3
BABU BANARASI DAS COLLEGE,3
united college of engineering and research ,3
Government Engineering College Thrissur,2
Bharati Vidyapeeth University College of Engineering,3
atal bihari vajpayee indian institute of information technolgy and managment ,2
Thanthai Periyar Govt Institute of Technology,3
raghu institute of technology,3
SV engineering college for women,3
Bhavans college,3
TKR College Of Engineering And Technology,3
"Government Engineering College, Bhavnagar",3
Mvgr college of engineering,3
DECCAN COLLEGE OF ENGINEERING AND TECHNOLOGY,3
NRI INSTITUTE OF TECHNOLOGY,3
GNDU Regional Campus,3
Rajeev institute of technology ,3
NIT Manipur,2
ITM Gurgaon,3
MOP VAISHNAV,3
ML DAHANUKAR COLLEGE OF COMMERCE,3
sree Chaitanya college of engineering,3
"Shri Shankaracharya Institute of Professional Management And Technology, Raipur",3
Padmashree Dr.D.Y.Patil Institute of Engineering and Technology,3
Krishna University,3
"School Of Computer Science, DAVV",3
"M.V.J college of engineering  
",3
jre school of engineering,3
NIT Andhra Pradesh,2
Apeejay Stya University,3
"Sardar Patel College Of Engineering, , Andheri",2
whatsapp,3
Sir Padampat Singhania University,3
alpha college of engineering and technology,3
griet,2
"City, University of London",2
AP Shah Institute of Technology,3
Western New England University,3
The Parvatibai Chowgule College of Arts and Science,3
M.B.M. ENGINEERING COLLEGE,2
BMS INSTITUTE OF TECHNOLOGY ,3
"Pune Institute of Computer Technology, Pune",2
CHARUSAT,3
Nri Institute Of Technology,3
JSS Science and Technology University [formerly Sri Jayachamarajendra College of Engineering],2
RKDF Institute of Science & Technology,3
Aayojan School of Architecture and Design,3
Dr D Y Patil College of Engineering Akurdi,2
Sri Siddhartha Institute of Technology,3
GMR institute of technology ,3
"dharamsinh desai university, Nadiad",2
"Government Engineering College,Bartonhill",2
Dehradun Institute of Technology,3
Meghnad Saha institution of technology,3
A D Patel Institute of Technology,2
Annasaheb Dange College Of Engg,3
"Prince Shri Venkateshwara Padmavathy Engineering College , Ponmar, Chennai",3
GCET,3
JNTUH college of engineering Hyderabad,2
vrsiddhartha engineering college,2
BVB college of engineering hubli,2
University of Delaware,2
Hanoi university of science and technology,2
"Government Engineering College, hassan",2
Sri srinivasa degree college,3
University College of Engineering Jntuk Narasaraopet,2
VRSEC,2
Indian Institute of Engineering Science and Technology,2
Awadh Girls  College,3
Thadomal Shahani Enginerring college,2
"College Of Engineering and Technology,Bubaneswar",2
"Loyola Institute Of Technology And Management, Guntur",3
"Vidya Vikas Institute of Engineering and Technology, Mysooru",3
G. Pulla Reddy Engineering college,2
adhiyamaan college of engineering,3
Father Conceicao Rodrigues Institute of Technology,2
vkr ,3
"northern india engineering college,ggsipu",2
university of iowa,2
gla university,3
North Carolina University,2
"TKIET, warananagar",3
St Peters Engineering College ,3
Indian Institute of Information Technology Pune,2
NIE Inst. Of Technology,3
Royal College of Science and Commerce,3
University of Ghana ,2
VDF COLLEGE OF ENGINEERING,3
BGS Institute Of Techonology,3
st.josephs degree and pg college,3
"Coimbatore Institute of Technology, Coimbatore",2
Stanley College of engineering and technology for women ,3
R V R and J C College of Engineering,2
Federal university of Agriculture Abeokuta ,2
"Institute of Engineering , Thapathali Campus",2
MNIT Jaipur,2
Maharaj Vijayram ,3
VMR Institute Of Technology And Management Sciences,3
Netaji Subhash Institute of Technology,2
Vidyalankar school of information technology ,3
Kamala Institute Of Technology,3
KLE Institute Of Technology,3
Amrita Vidyalayam ,3
University of Derby,2
NMIMS,2
Federal University Oye-Ekiti ,2
G. Narayanamma institute of technology and science,3
poornima university,3
Kettering University ,2
"Panimalar Institute of Technology, Chennai, tamilnadu",3
Amal Jyothi,3
"G.Narayanamma Institute of Technology and Science, Hyderabad",3
"Sree Sastha Institute of Engineering & Technology , Chembarambakkam",3
Dr DY Patil Biotechnology and Bioinformatics Institute,3
Gokula Krishna College of Engineering,3
Vishwakarma Gov. Engineering college,2
Columbia Institute of engineering and Technology,3
Uttar Pradesh Technical University,2
Kamavari sangam school of engineering and management,3
"Vel Tech University , Chennai",3
University of Dayton,2
Regional Institute of Education,3
Government Engineering College  sec28 gandhinagar,2
"Birla Vishwakarma Mahavidyalaya Engineering College, Vallabh Vidhya Nagar, Anand",2
Acharya N. G. Ranga Agricultural University,2
City College of New York,2
MIT-ADT University,3
NIT Meghalaya,2
NIET,3
Sgsits,2
"Rajiv Gandhi university of Knowledge Technologies, Kadapa",2
Government College of Technology,2
KC College,3
K. L. N. College Of Engineering ,3
P.d.e.a's College Of Engg.,3
Sal college of engineering,3
GLA University,3
Guru Nanak College,3
"matrusri engineering college
",3
Islamiah Institute Of Technology,3
IIT Mandi,1
Rajiv gandhi institute of technology,3
"Jaya College of Engineering , Thiruninravur, Avadi",3
"YCCE, Nagpur, India",2
Ahmedabad Institute of Technology,3
JUIT,2
Sharda University,3
AISSMS IOIT ,3
Chandigarh Engineering College,3
Asia university ,3
SJB Institute Of Technology,3
bvrit,3
jntu hyderabad,2
"Rajiv Gandhi university of Knowledge Technologies, Ongole ",3
"Vidya Vikas Education Trust's Technical Campus , Kaman",3
"Krishna Institute of Engg and Tech, Ghaziab, Ghaziabad",3
Kumaraguru college of technology,3
Dr.dy patil college of engineering and innovation,3
Nbnssoe,3
not listed,3
"Indus University, Ahmedabad",3
M.E.S PILLAI COLLAGE INSTITUTE OF INFORMATION TECHNILOGY,3
jntuk univeraity college of engineering vizianagaram,2
The National,3
Ajay Kumar Garg Enginn,3
JNTUK,2
University of Cincinnati,2
Matrusri Engineering College,3
University Of Engineering And Management ,3
"Maharaja Institute of Technology, Mysore",3
Maharashtra institute of technology academy of engineering,3
k.j. somaiya college of science and commerce,3
Madhav Institute of Technology & Science,3
amravati university,3
"University of Colorado, Denver",2
gniem,3
yfvbinc,3
SVS College Of Engineering,3
DTU,2
fu jen catholic univerisity,3
Christ (Deemed to be University) School of Engineering and Technology ,3
college of engineering & Technology,3
Rashtriya Raksha University,3
"Chaitanya Bharati Institute of Technology, Hyderabad",3
"VPM’s R.Z.Shah College of Arts, Science, Commerce ",3
Sambhram Institute Of Technology,3
Babaria Institute Of Technology,3
"VKR, VNB & AGK COLLEGE OF ENGINEERING",3
daulat ram college ,3
national institue of engineering,3
Andhra University College of Engineering for Women ,3
College of Engineering and Technology Bikaner,3
Ramkrishna institute of computer edu and appl sci,3
R.M.K. Engineering College,3
St Joseph's College Of Engineering,3
Vel Tech,3
Anantrao Pawar College of Architecture ,3
Avantika University,3
S B Jain institute of Technology,3
Hansraj College ,2
Sarvajanik college of engineering and technology,3
University of Nebraska-Lincoln,2
Acharya Institute of technology ,3
M S Ramaiah university of Applied Sciences,3
Laxmi Devi Institute of Engineering & Technology,3
MIT College of Engineering,3
"SIDDHARTHA MEDICAL COLLEGE,VIJAYAWADA",2
Rajshahi University of Engineering & Technology,2
bit mesra,2
ababab,3
IPS,3
"kongu engineering college Perundurai, Erode",3
SRM university,2
Carlson School of Management,2
MITS,3
University at Buffalo,2
Mohanlal ,3
Christ University,2
Drs Sudha & Nageswara Rao Siddhartha Institute of Dental Sciences,3
OBAFEMI AWOLOWO UNIVERSITY,2
SAL INSTITUTE OF TECHNOLOGY AND ENGINEERING RESEARCH,3
Sri Indu Institute Of Technology And Science ,3
Gitam Institue of Technology,2
Babasaheb naik college of engineering pusad,3
Bhagwan Mahaveer Institute of Engineering and Technology,3
Amity University Dubai,3
dev samaj college for women,3
G.B Pant,2
Tier1,3
Sona College of Technology,3
Sultan Ul uloom college of Pharmacy ,3
MCT Rajiv Gandhi Institute of Technology,3
niper,2
St.Claret College,3
spbpatel engineering college,3
Sreyas Institute Of Engineering Technology,3
Dr D Y Patil college ambi Pune,3
University of ibadan,2
"SRM University Delhi-NCR, Sonepat",2
Bengal College of Engineering and Technology,3
"A.I.S.S.M.S Polytechnic,pune",3
vadodara design academy,3
sinhgad institute of technology lonavala,3
Obafemi Awolowo University,2
Holy Mary Institute Of Technology,3
S.A Engineer,3
Jai Narain College of Technology,3
university of wyoming,2
UVPCE,3
Brainware Group of Institutions,3
K.J. College of Engineering and Management Research,3
university of calcutta,2
MVJ College Of Engineering,3
Alpine Institute of Technology,3
"institute of engineering ,paschimanchal campus",3
telangana university,3
"Sir Vishveshvarya Institute of Technology, Sinnar",3
Maharshi Dayanand Saraswati University,3
IES COLLEGE OF ARCHITECTURE,3
guru nanak dev university,2
"Vasireddy Venkatatadri Institute of Technology, Guntur ",3
Vivekananda Group Of Institutions,3
"Easwari Engineering College, SRM Ramapuram Campus",3
NIT Raipur,2
kl university,2
Sreekavitha Engineering College,3
K.K.wagh Institute of Engineering Education and Research,3
CMRIT,2
trinity college of engineering and research punee,3
sri venkateswara university college of engineering,2
SUAS,3
Shri Arihant College Of Professional Education,3
"Pune Vidyarthi Griha's College Of Engineering And Technology, Pune",3
Sphoorthy Engineering College ,3
"Modern Education Society's College Of Engineering , Pune",3
Johns Hopkins University,1
East Point College of Engineering and Technology,3
Pennsylvania State University,2
Universidad de Costa Rica,2
"College Of Technology, Pantnagar",2
Priyadar,3
Padmashree Dr. D.y Patil School Of Biotechnology And Bioinformatics,3
Amirta school of Engineering,2
Shri G.S. Institute of Technology and Science,2
Indian Institute of Technology - IIT,1
andhra university,2
University of Mississippi,2
"B.N.Bandodkar college of science,thane",3
"Ahsanullah University of Science and Technology, Tejgaon",2
VIT Vellore,2
SRM University AP,2
Shri Guru Gobind Singhji,2
"Indira Gandhi Institute of Technology, Sarang",2
Jain University,2
"Navrachana university, Vadodara",3
Iowa State University,2
A P Shah College Of Engineering ,3
Kadi Sarva Vidhyalaya,3
PVG's College of Engineering & Technology,3
Bal Krishna Institute of Technology,3
IIIT Delhi,2
"Indian Institute of Information Technology, Vadodara",2
Indian institute of management and commerce ,3
SRCOEM,2
Info Institute of engineering,3
College of Technology and engineering,3
indira gandhi college,3
"University of Rajshahi, Bangladesh",3
Deccan College,3
Chandaben Mohanbhai Patel Homoeopathic Medical College,3
Amity University ,2
City Womens College Of Engineering And Technology,3
B V Bhoomaraddi College of Engineering and Technology ,3
University of Missouri St.Louis,2
Anuman-e-islam M.H.Saboo siddik college of engineering,3
Institute of hotel management catering technology and applied nutrition,3
Hampshire college,2
nair Hospital Dental College ,3
Dwarkadas Jivanlal Sanghvi College of Engineering ,2
vidyavardhini college of engineering and technology,3
north maharashtra university,3
mallareddy pharmacy college,3
Sir Parshurambhau College pune,3
Dr. Bhanuben Nanavati College of Architecture,3
Rutgers University,2
mic college of technology,3
Jaipur Engineering College & Research Centre,3
K J SOMAIYA COLLEGE OF ENGINEERING,2
Bharat Institute Of Engineering And Technology,3
Potti Sri Ramulu,3
Goverment Engineering College Thrissur,2
Sou. Sushila Danchand Ghodawat Charitable Trust's Sanjay Ghodawat Group of Institutions,3
Amity School Of Engineering And Technology ,2
J.S.P.M,3
University of London ,1
"University of Mumbai, Mumbai",2
Rishi MS Institute Of Engineering And Technology For Women,3
Government Engineering College ,2
Sai Vidya Institute Of Technology,3
Lady amritbai daga college,3
"SANJAY BHOKARE GROUP OF INSTITUTES,SANGLI",3
Sir M Visvesvaraya Institute of Technology ,2
RVR Institute Of Engineering And Technology,2
A.D.Patel Institute of Technology ,3
uttar pradesh technical university,2
CV Raman College Of Engineering,2
tier3,3
Jaipur Institute of Technology - Group of Institutions,3
JNEC Aurangabad,3
"SEAS, Ahmedabad University",2
Anna University of Technology,2
FATHER AGNEL COLLEGE OF ENGINEERING,3
Amity School of Engineering ,2
"K.C COLLEGE OF ENGINEERING , THANE",3
orissa Engineering college,3
Bangladesh University of Engineering and Technology,2
VNR VJIET,2
"Bharti Vidyapeeth college , Pune",3
MAR ATHANASIUS COLLEGE OF ENGINEERING,3
"University College Of Engineering,Osmania University,Hyderabad",2
jawaharlal Nehru technological University,2
Samrat Ashok Technological Institute,3
P.E.S Modern college of engineering,3
Mithibai College,2
"Panimalar Institute of Technology, Chennai",3
d y patil school of engineering,3
"matrusri engineering college, Hyderabad ",3
"Oduduwa University, Ile-Ife",3
"Singhad Institute Of Technology,Lonavala",3
medicaps ,3
National institute of Engineering,2
University of British Columbia,1
Nit kurukshetra ,2
Padmabhushan Vasantdada Patil Pratishthan's College Of Engineering,3
Manipal School of Architecture and Planning,2
YTIET,3
SDMIT,3
"Shree LR Tiwari College Of Engineering, Mira Road",3
Ramaiah college of arts science and commerce,3
shri vaishnav institute of science and technology,3
Great Lakes Institute of Management,2
"Shri guru govind singh college of engineering, nanded",2
Rajiv Gandhi University of knowledge Technologies-Srikakulam,2
"St.Peters Engineering College, Hyderabad",3
St. Vincent Pallotti College Of Engineering And Technology,3
RMK College of En,3
"college of technology pantnagar, Nainital",2
cms degree college,3
"Government College of Engineering and Ceramic Technology, Kolkata",2
kluniversity,2
"Sardar Patel Institute Of Technology , Andheri, Mumbai",2
vignan foundation for science technology and research,2
delhi college of engineering,2
Sri krishna college of Engineering and technology,3
padmbhushan Vasantraodada Patil institute of technology sangli,3
Atharva College of Engineering ,3
saraswathi vidya bhavans college of pharmacy,3
Mayo International School,3
MOOKAMBIGAI COLLEGE OF ENGINEERING,3
UET Lahore,2
Malla reddy pharmacy college ,3
Islamic University of Technology (IUT),2
Ideal Institute of Technology,3
"IIIT,Bhubaneswar",2
"Aryabhatta College, DU",2
ms Ramaiah Institute of Technology,2
Indian Institute of Technology Indore,1
"CMR Engineering College, Hyderabad",3
Sadar Patel Institute of Technology ,2
DY patil school of biotechnology and bioinformatics,3
kits,3
"walchand institute of technology, solapur",2
Tegala krishna reddy college of engineering,3
D.Y. Patil School Of Engineering Academy,3
K. RAMAKRISHNAN COLLEGE OF TECHNOLOGY,3
NCCU,2
Prakasam Engineering College,3
RKGIT GHAZIABAD,3
IIT Madras (IITM),1
Calcutta Institute of Engineering and Management,3
Shaheed sukhdev college of business studies,2
Vandana Convent Scholl,3
"BVCOE, New Delhi",2
Harvard University,1
KJ Somaiya College Of Engineering,2
"college of engineering, pune",2
Bangladesh University of Professionals,2
G.L.A. University,3
"Dayananda Sagar College Of Engineering, Bengaluru",2
Mahindra École Centrale,2
Institution of Electronics and Telecommunication Engineers,3
NIT Srinagar,2
Priyadarshini college of ,3
jntuh college of engineering manthani,2
"Gujarat Technological University, Ahmedabad",2
INDIAN INSTITUTE OF ENGINEERING SCIENCE AND TECHNOLOGY,2
St. Joseph's College Of Engineering,3
institue of aeronatical engineering,3
"Bhilai Institute Of Technology,Durg",2
VNRVJIET,2
 K L University,2
Indira college of commerce and science,3
Bangalore Institute Of Technology,2
ICFAI ,2
Vignan s Engineering College,3
A.D.patel institute of technology,2
Usha rama college of engineering and technology ,3
"CMR College of engineering and technology, Hyderabad",3
"oklahoma state university, Stillwater ",2
Jiaying university,3
Tribhuvan University,2
Mongolian university of Science and Technology,2
London management academy,3
"Saveetha Engineering College , Thandalam",3
Dr. Bhimrao Ambedkar University,3
"Kolhapur Institute of Technology, Kolhapur",3
"GV Acharya Institute Of Engineering And Technology, Shelu",3
BHILAI INSTITUTE OF TECHNOLOGY,2
New York Film Academy Los Angeles,3
Fast nuces karachi,2
swami devi dyal inistute of engineering and technology,3
Bhaskar Engineering College,3
Jain University school of graduate studies,3
Sri Manakula Vinayagar Medical College and Hospital,3
"Vignan's Foundation for Science, Technology & Research",2
Government College Of Engineering Amravati ,2
"kakatiya institute of technology and sciences, warangal",2
"Bharati Vidyapeeth's Group of Institutes, Mulshi",3
Shadan College Of Engineering And Technology,3
ANNASAHEB CHUDDAMAN PATIL COLLEGE OF ENGG.,3
Nitte Meenakshi Institute Of Technology,2
k C College of engineering,3
GRIET,2
Berea College,2
alliance collegeof engineering,3
Ateneo de Manila University,2
VYWS Dental College & Hospital,3
"Indian Institute of Information Technology, Chittoor, Sri City",2
Model Institute Of Engineering And Technology,3
Satavahana University,3
"Canara engineering college, benjanapadavu",3
"National Institute Of Technology, Puducherry",2
Shri ramdeovbaba college of enginnering,2
Rizvi College of Arts Science and Commerce,3
DIMAT,3
Maeer's MITSOM College,2
Methodist College of Engg,3
Bhilai Institute Of Technology,2
k.j. somaiya college of engineering,2
Shivaji University,2
Brown University,1
Jawaharlal Nehru Technological University Kakinada -The University College of Engineering Vizianagaram,2
mlritm,3
Chinese culture university,3
Anil nerrukonda institute of technology and sciences,3
Bengaluru city university,3
Malla Reddy College Of Engineering And Technology,3
biet,3
PSG Institute of Technology and Applied Research,2
Regency institute of technology,3
JNTU,2
Toc H institute of Science,3
Sri Sathya Sai Institute of Higher Learning,2
SRMIST,2
hindu college of engineering,3
"Pune Institute Of Computer Technology, Dhanakavdi",2
St. Xavier's College,2
IIT Bombay,1
Iilm college of engineering and technology,3
Guru Jambheshwar University of Science ,2
Malla Reddy College Of Engineering,3
Madras Veterinary College,2
nsit,2
School of Engineering and Applied science,3
Jamia Millia Islamia,2
siva sivani ,3
School of Engineering and Applied Science,3
P K technical campus pune ,3
University of Burdwan,3
"Neil Gogte Institute of Technology , Hyderabad",3
ABES engineering college,3
Noble engineering college,3
Jit,3
Geethanjali,3
"vignan foundation for science technology and research, Guntur",2
Dayananda Sagar University,2
faculty of technology and engineering msu,2
:),3
Amity university mumbai,3
institute of dental sciences Jammu,3
Lingayas University,3
"Padmashree Dr. D. Y. Patil University, Department of Biotechnology and Bioinformatics",2
Stevens Institute of Technology,1
Raj Kumar Goel Institute of Technology,3
M.S Ramaiah Institute Of Technology,2
"Alagappa College of Technology , Anna University Campus, Guindy",2
Lancaster University,1
DAVV IET,2
MJP Rohilkhand University,3
max institute of pharmaceutical sciences ,3
PESIT ,2
"National Institute of Engineering, Mysuru",2
"N.K.Orchid college of engg,solapur",3
Nmims,2
SBIT,3
Karpagam college of Engineering,3
Veermata Jijabai Technological Institute,2
Global Academy Of Technology,3
Iqra University,3
Babasaheb Gawde Institute of Technology,3
Maratha Mandals Engineering College,3
Institute of Infrastructure Technology Research and Management,3
Vidya Jyoti institute of technology ,3
Ghulam Ishaq Khan Institute of Engineering Sciences and Technology,2
G. H. Raisoni College of Engineering,3
Vishwatmak Om Gurudev College of Engineering,3
P.E.S. College of engineering,3
Rajeev Inst. Of Technology???????????????????????,3
Sri Venkateswara College of Engineering,2
"CET, ",2
Rajarshi Shahu College Of Engineering,3
Nitte Meenakshi Institute Of Technology Bangalore,2
IIITDM,2
Amrita sai institute of science and technology,3
Islamic Azad University,2
MIst,3
Dr. BAMU,3
kuppam engineering college,3
Sjit,3
New Shores International College,3
J.N. College of Technology,3
SJB INSTITUTE OF TECHNOLOGY,3
Hooghly Engineering & Technology College,3
vjti,2
B.N.M Institute of Technology,2
sir.m.visvesvaraya institute of technology ,2
iare,3
Ikgptu,3
HMR INSTITUTE OF TECHNOLOGY AND MANAGEMENT,3
GUANGXI MEDICAL UNIVERSITY ,2
Symbiosis Institute Of Technology  PUNE,2
KITS,3
Hindustan college of Science and Technology,3
Alagappa Chettiar college of engineering and technology,2
"National Institute of Technology , Warangal",2
NBN Sinhgad Technical Institutes Campus,3
"Cluster Innovation Centre, University of Delhi",2
Jyothishmathi Institute Of Technological Sciences,3
"Aurora's engineering college, Bhonagir",3
lakehead university,2
Universidad Nacional de Ingenieria,2
"Veermata Jijabai Technological Institute , Matunga",2
"Swami Vivekanand Institute of Technology,",3
jspm college,3
geetanjali  college of engineering and technology,3
jntuhces,3
National Chengchi University,2
gujarat tech,3
College Of Engineering Pune,2
National Institute of Technology Andhra Pradesh ,2
"CMRIT , KANDLAKOYA , ",3
A.D patel university of technology,3
"iips,davv",3
Indur Institute Of Engineering And Technology,3
Dr Ambedkar College,3
division of biological and life sciences,3
Vishwakarma Institute of Information Technology,3
Vidya Bharathi Institute Of Technology,3
KG Reddy College Of Engineering And Technology,3
HJD institute,3
haryana college of technology and management,3
Tier 3 college in Mumbai ,3
NIT Calicut,2
SRI RAMAKRISHNA INSTITUTE OF TECHNOLOGY,3
parul institute engineering ,3
Vidya Pratishthans college of engineering,3
Birzeit,2
indian institute of technology hyderabad,1
"PES Institute of Technology, Bangalore",2
Amrita Viswa Vidya Peetham,2
Presidency University ,2
Symbiosis School for Liberal Arts,2
Camellia School Of Engineering And Technology,3
panjab university,2
Varadha Reddy College Of Engineering,3
Sri Venkateshwara College of Architecture,3
MVGR,3
Ganpat University,3
Dav,3
sardar patel university ,3
"BMS college of engineering, Bangalore -560019",2
Himt college,3
"Indian institute Of Technology ,Roorkee",1
NIT Puducherry,2
"PVPIT, Budhgaon, Sangli",3
St. Ann’s College of Engineering and Technology ,3
Charan Singh University,3
University of Utah,2
tirumala engineering college,3
Pulchowk Engineering College,2
"Bharati Vidyapeeth College of Engineering,navi  Mumbai",3
Manmohan Memorial Institute Of Health Science,3
"Institute of Engineering and Management Kolkata, Kolkata",3
azad institute of engineering and management ,3
Vignan institute of pharmaceutical sciences,3
Aditya college of engineering and technology,3
"Fr.Agnel,Vashi",3
Trinity College of Engineering and Research ,3
Career Institute of technology and management ,3
"IISER Bhopal, Bhopal",2
Sdm College of engineering and technology,3
Alberta University,2
National University of Singapore ,1
VJTI matunga,2
"American International University,Bangladesh",3
"USICT,GGSIPU",2
sri guru granth sahib world university fatehgarh sahib,3
Dr.D.Y Patil School Of Engineering lohegoan Pune,3
"PSGVPM'S S.I.PATIL SCIENCE, COMM.,AND ARTS COLLEGE OF SHAHADA ",3
Indian institute of information technology Manipur,2
"Rajiv Gandhi Institute Of Technology , Versova",3
KIT college of engineering kolhapur,3
northern Illinois university,3
VIT University,2
Kings College Of Engineering,3
PCCOE,3
Chaitanya Bharathi Institute of Technology,2
Shri Shankaracharya Institute of Professional Management And Technology,3
JNFAU,3
Gayatri Vidya Parishad College of Engineering,3
"Sri Sai Ram Institute of Technology, Anna University ",3
university of illinois at urbana champaign,1
g.h raisoni college of engineering and management,3
"St Xaviers College,Kolkata",2
gtu,3
Bundelkhand Institute Of Engineering And Technology,3
P A College of Engineering,3
Krishna Institute of Engineering & Technology,3
Natubhai v patel college of pure and applied science ,3
"Indian Institute of Information Technology, Ranchi",2
G.D. Pol Foundations Y.M.T Homeopathic Medical College & Hospital,3
Auroras Scientific And Technological Institute,3
Mahatma Gandhi Institute of Technology ,3
SSNEC,3
Saintgits Col,3
KIIT University,2
Solapur University,3
Indian institute of information technology Pune,2
Shivajirao S. Jondhle College of Pharmacy ,3
Vashishtha degree College,3
JNTUACEP ,2
R.V ,2
IET DAVV,2
sreyas institute of engineering and technology,3
L. D. Coll,2
Maharaja Surajmal Institute of Technology,3
"BITS Pilani, Pilani Campus",1
Southern New Hampshire University,3
Saintgits College Of Engineering,3
"National Institute of Fashion Technology, Mumbai",2
"Xavier Institute Of Engineering, Mahim",3
NIT Goa,2
Mother Teresa Institute Of Science And Technology,3
narasaraopeta engineering college,3
Babu jagvijan ram government degree college ,3
GVPCOE,3
Louisiana State University,2
Dr. Vishwanath Karad MIT World Peace University,3
kitrc,3
Vnr Vignana Jyothi Institute Of Engineering And Technology,3
"College Of Technology, G.B. Pant University of Agriculture and Technology, Pantnagar",2
Aurora Degree College,3
Emeralds degree college ,3
"Illinois Institute of Technology,icago",2
Sri Ramakrishna Engineering College,3
SKR ENGINEERING COLLEGE ,3
K M Shah Dental College and Hospital,3
university of california,2
Bhagwan Mahavir Institute of Engineering and Technology,3
Adikavi Nannaya university ,3
"Narayana Engineering College,gudur",3
"College Of Engineering , Pune",2
KJ Somaiya,2
k.j somaiya institute of engineering and information technology,2
Government College of Engineering and Leather Technology,3
BVM,3
"UCoE, Punjabi University",3
Smt Kashibai Navale College of Engineering,3
University of Georgia,2
Institute of Distance and Open Learning,3
Academy of Architecture,3
Sri Venkateshwara Engineering College For Women,3
M.H.Saboo Siddik College of Engineering,3
Siddartha institute of engineering and technology,3
C. K. Pithawala College Of Engineering And Technology,3
Indian Institute of Petroleum and Energy ,2
College of Engineering Chenganur,3
UTD,2
Ajay Kumar Garg engineering college,3
NATIONAL POWER TRAINING INSTITUTE,3
Amrapali institute,3
Universidad de Cuenca,2
Bharat Institute of Engineering & Technology,3
Sri sai college of dental surgery,3
Maharaj Vijayaram Gajapathi Raj College of Engineering ,3
Udhna Academy College of Computer Application & Information Technology,3
University of Engineering and Technology ,3
Madras christian  college,2
k j somaiya college of management studies,2
vtu,3
Institute Of Aeronautical Engineering,3
"Rajiv Gandhi university of Knowledge Technologies, Srikakulam",3
REVA institute,3
APJ Abdul Kalam Technological University ,3
Kits college of engineering ,3
Siddhartha Institute Of Engineering And Technology,3
j b institute of engineering and technology,3
"PES Institute Of Technology , Bengaluru",2
Enugu State University of Science and Technology,3
AD Patel Institute Of Technology ,3
"babaria institute of technology, Vadodara",3
"BIRSA INSTITUTE OF TECHNOLOGY ,SINDRI",2
Welingkar Institute of Management Studies,2
RVR &JCCE,3
Guntur Engineering College,3
PEC University of Technology,2
"government college of engineering, Jalgaon",3
Andhra Loyola college,2
Cleveland State University,3
cmr colege of engineering and technology,3
"M S Ramaiah Institute of Technology, Bangalore, Bengaluru",2
Sasi institute of technology and engineering,3
Vivekananda Education Society's Institute of Technology,3
"Ramdevbaba college of engineering and management, Nagpur",3
"Kalinga Institute Of industrial Technology, Bhubaneswar",2
SASTRA Deemed to be University,2
Osmaniya university,2
"SITS,narhe",3
indian institute of aeronautical engineering and technology,3
BMS College Of Engineering,2
Lok Jagruti Institute of Engineering and Technology,3
Graphic Era Hill University,3
"Veermata Jijabai Technological Institute , Mumbai",2
"Nri Institute of Technology, Agiripalli",3
Agriculture and Forestry University,3
"parul institute of engineering and technology , Vadodara",3
SIT,3
University of Detroit mercy,3
Indus university,3
GTU,3
Stella Maris College,2
University of Michigan ,1
"University of Engineering and Technology, Lahore",2
RMK college of engineering and technology,3
IIIT Guwahati,2
University Visvesvaraya College of Engineering ,2
"Dr Dy Patil college of engineering and Technology Pimpri,Pune",3
Laxmi Niwas Institute Of Information Technology,2
asn women's engineering college,3
Malwa institute of technology Indore,3
"institute of aeronautical engineering,dundigal",3
MET Bhujbal Knowledge City,3
M S ramaiah Institute of technology ,2
NIT Kurukshetra,2
Saraswati Institute of Engineering & Technology,3
Nasr,3
some college,3
Bengal Institute of Technology,3
LBSITW,3
Sathaye College,3
datta Meghe College Of Engineering,3
Saintgits College of Engineering ,3
VR Siddhartha engineering college,2
Mukesh Patel,2
CVSR College of Technology,3
Gyan Ganga Institute of Technology,3
CSVTU,3
Karunya institute of technology and sciences,3
Nishitha Degree College,3
Regional College of Management,3
Sree Vidyanikethan Degree College,3
SJM Institute Of Technology,3
University of Engineering and Technology Peshawar,2
Vidyalankar institute of technology ,3
Government College Of Engineering Aurangabad,2
"Datta Meghe College Of Engineering, Airoli",3
vignan university,3
St.Peter's Institute Of Pharmaceutical Sciences,3
"Baba farid university, FARIDKOT.",3
gec,3
Rajalalshmi Engineering College ,2
galgotias college of engineering and technology,3
NRI Institute of Information Science & Technology,3
Lakshmi Narain College of Technology & Science,3
"M S Ramaiah Institute of Technology, Bangalore",2
ASN Degree College,3
Dr. B.R. Ambedkar National Institute of Technology Jailandhar,2
PSNA college of engineering and technology,3
Ghulam Ishaq Khan Institute of Engineering Sciences and Technology ,2
"Vishwakarma Institute Of Technology , Bibwewadi, Pune",2
lingayas institute of management and technology ,3
vishnu college of engg for women,3
fetr,3
rajeev ghandhi memorial college,3
Cummins College,2
"gyan ganga institute of technology and sciences, Jabalpur",3
iiit kota,2
Chalapathi engineering College,3
acharya institute of technology,3
KJ somaiya college of arts and commerce,2
University College of Engineering Kakinada,2
Mahatma Phule Krishi Vidyapeeth,3
Acharya and B.M. Reddy College of Pharmacy,3
"Sinhgad Academy Of Engineering, Kondhwa",3
university of rajasthan,2
Gla university,3
"College Of Technology,GBPUAT University",2
Dr. Baliram College Of Architecture,3
Accurate Institute Of Management And Technology,3
Bharathidasan University,2
school of nashik,3
Universidad pontificia bolivariana,2
Anuradha Engineering College,3
Akshaya Institute Of Technology,3
government engineering college hassan,2
Saraswati college of engineering and technology,3
saint Mary's College ,3
"Dilkap Research Institute Of Engineering and Management Studies, Neral",3
Erciyes University ,2
Bashkir State University,2
GEC Valsad,2
"MKSSS's Cummins College Of Engineering For Women, Karvenagar, Pune",2
Karnavati School Of Dentistry,3
PES College Of Engineering,2
Silver Oak College of Engineering and Technology ,3
sk somaiya,2
k.c.college,3
SVKM MITHIBAI COLLEGE,2
University of Essex ,1
"D. Y. Patil College of Engineering,Akurdi,Pune",3
Vaagdevi  college of engineering ,3
Visva Bharati,2
Ashoka Center For Business And Computer Studies,3
DRK College Of Engineering And Technology,3
Ragivgandhi University of knowledge Technologies ,2
university institute of technology barkatullah university,2
Darshan Institute of Engineering ,3
Koneru Lakshmaiah college of engineering,2
Aeronautical Society of India,3
Jawaharlal Nehru Institute Of Technology,3
West Bengal University Of Technology,2
CMR Institute Of Technology,2
Vishwa Vishwani  Institute of Systems and Management ,3
KONKAN GYANPEETH COLLEGE OF ENGINEERING,3
"Vishwaniketan's Institute of Management Entrepreneurship and Engineering Technology , Khalapur",3
kallam Haranadha Reddy Institute of Technology,3
SVKM's Dr Bhanuben Nanavati College of Pharmacy,3
sri manakula vinayagar engineering college,3
Rashtreeya vidyala college of engineering,2
Adhiyamaan College of Engineering,3
wbut,2
Cardiff University,1
KNSIT,3
johnson and wales,3
"Indian Institute of Technology, Indore",1
The British College,3
Xavier University Bhubaneswar,2
OU,2
GIET ENGINEERING COLLEGE,3
"Dr. D. Y. Patil School Of Engineering, Charholi, lohegaon, pune.",3
Ojaswini Institute of Management & Technology,3
Biju patnaik university of technology,2
shri jagathguru chandrashekarnatha mahaswamiji institute of technology,3
Maharishi Markandeshwar Engineering College,3
Accurate Institut,3
Coimbatore Institute of Technology,2
Pbr Vits,3
Mahatma Gandhi Mission's College of Engineering and Technology,3
Pune Vidyarthi Griha's College Of Engineering And Technology,3
"Sinhgad Institute Of Technology, lonavala",3
amiraj college of engineering and technology,3
SRM UNIVERSITY AP,2
"Vidhya Vardhaka College Of Engineering, maysore",3
Seth Jai Prakash Mukund Lal Institute Of Technology And Management,3
Iiit bhubaneswar,2
National Institute of Technology Calicut,1
"Siddharth Institutes Of Engineering And Technology, Puttur",3
DY Patil University School of Biotechnology and Bioinformatics,3
DMCE,3
scsvmv univercit,3
"Institute of Technology, Guru Ghasidas Vishwavidyalaya",2
"gharda foundation. gharda Institute of Technology,lavel tal-khed",3
JNTUH,2
Maharaja Agresen Institute of Technology,2
Mit Pune,2
SREC,3
Chang Gung University,2
BML Munjal University,2
Priyadarshini institute of architecture and design studies,3
"national institute of fashion technology , bangalore",2
BMS INTITUTE OF TECHNOLOGY AND MANAGEMENT,2
"GH Raisoni College Of Engineering & Management, Wagholi",3
IIT BHU Varanasi,1
MPTME,3
Delhi university ,1
Bharat College,3
Loyola college autonomous ,2
Bvrit ,3
a r college of pharmacy,3
College Of Engineering Roorkee,3
Jaypee institute of information technology,2
Federal Institute Of Science And Technology,3
Sri vasavi engineering college,3
 R V College of Engineering,2
BRAC University,2
SRM Easwari Engineering College,3
Srikalahasteeswara Institute of Technology,3
SD Jain international college ,3
"Delhi Public School , RK Puram",3
Government college of engineering chandrapur,3
Iec college of engineering and technology ,3
Sri Chaitanya Junior College,3
Cvsr College Of Engineering,3
Amrita School Of Engineering,2
JSPM Rajarshi Shahu College Of Engineering,3
C V R College Of Engineering,3
Maharaja  Institute 0f Technology Mysore,3
Sree vidhyanikethan engineering college ,3
Tatyasaheb kore institute of engineering and technology,3
priyadarshini institute of en,3
JMIT,3
Walchand College Of Engineering Sangli,2
AISSMS IOIT PUNE,3
Texas a and m kingsville ,3
Vidya Vikas Institute Of Engineering And Technology,3
IIT Bhilai,1
"sinhgad college of science,vadgaon,pune",3
"Dr.D.Y.Patil College Of Engineering, Ambi, Pune",3
P.R. PATIL COLLEGE OF ENGINEERING AND TECHNOLOGY,3
"bharti vidyapeeth college of engineering , kharghar",3
GD Goenka university,3
KPR Institute of Engineering and technology,3
skcet,3
cvr college of engineering,3
uit rgpv,3
mallareddy institute of technology ,3
SSDGCT's Sanjay Ghodawat Institutions,3
University of southern California,1
"Indian Institute Of Information Technology, Design and Manufacturing, Kurnool, Andhra Pradesh",2
University of California Los Angeles ,1
SSASIT ,3
"Velammal College of Engineering and Technology, Madurai",3
Vidyalankar Institute Of Technology,3
"Sanjeevan Engineering And Technology Institute, Panhala ",3
Swami Shraddhanand College,3
"Jawaharlal Nehru National College Of Engineering,  Shimoga",3
oist,1
sinhagad A,3
Univeristy of Calicut,3
Jnafau ,3
"Padmashree Dr. D.Y. Patil institute of engineering and technology, Pune",3
Nalla Narasimha Reddy Education Society's Group of Institutions,3
Reva Institute Of Technology & Management,3
"University of California, Davis",2
Hindustan University - Hindustan Institute of Science ,3
P S G V P COLLAGE OF PHARMACY ,3
Sacred heart university,3
University School of Information and Communication Technology,3
HMRITM,3
Bharati Vidyapeeth University,3
Velammal Engineering College ,3
Potti sriramulu college of engineering and technology,3
Vivekananda Education Society's Institute of Technology ,3
Gtbit,3
Jss Academy Of Technical Education ,3
L d collge of engineering,3
national institute of electronics and information technology aurangabad,3
Sreenidhi Institute of Science and Technology,3
SGGSIET,3
"gitam university, Visakhapatnam",3
IIIT Sri City,2
Indian school of mines dhanbad,1
Sims college of pharmacy,3
RNS Institute Of Technology,3
Watumull Institute ,3
Dr. Mahalingam college of Engineering & Technology,3
K.I.E.T Ghaziabad,3
East West Institute Of Technology,3
Methodist College of Engineering and Technology,3
Shahbad Gormit College,3
Viva institute of technology,3
Virginia Polytechnic Institute and State University,2
JEPPIAARINSTITUTEOFTECCHNOLOGY,3
Sri eshwar college of engineering ,3
Boston University,1
Himalayan University,3
Kakatiya Institute Of Technology And Science,3
University of North Carolina at Greensb ,3
Ashokrao mane Group of institution vathar,3
"College of Engineering & Management,Kolaghat",3
vivekanandha collge of engineering,3
L.D. College of,3
Gandhi Engineering College,3
Robert Morris University,3
"Pillai institute of information technology,engineering,Media studies ",3
G. H. Patel College of Engineering and Technology,3
"Gokhale Education Society,R.H.Sapat COE",3
k.k.wagh institute of engineering education and research,3
Birendra Multiple college,3
L. S. Raheja School of Architecture,3
Indian Institute of Technology  Jodhpur,1
Yashwant Rao Chavan Maharashtra Open University,3
"College of Engineering - Guindy , Anna Univers",2
"Shah & Anchor Kutchhi Engineering College, Chembur",3
"Graduate School of Business, Indore",3
Dwarkadas J. Sanghavi College Of Engineering,2
Avinashilingam  University,3
Sphoorthy Engineering College,3
Vr Siddhartha Engg College,2
GDC DAVV,3
sri chandrasekharendra saraswathi,3
BNM Institute Of Technology,3
VIDYALANKAR INSTITUTE OF TECHNOLOGY,3
Manmohan Memorial Institute of Health Sciences,3
JBR architecture college,3
bangalore university,3
Raghu Institute of Technology,3
"ssjcet,asangaon",3
saint marys,3
St.Joseph Dental college,3
"Meenakshi College of Engineering , KK Nagar",3
UNIVERSITY OF HOUSTON,2
"College of Engineering, Kidangoor",3
"Jawaharlal Nehru Technological University, Kakinada",2
NorthsouthUniversity,2
Jawaharlal Nehru Technological University Anantapur College of Engineering,2
CEPT University,2
MGM college of engineering nanded,3
Ganeshi lal bajaj institute of technology,3
Shri Mata Vaishno Devi University,3
Bangalore Technological Institute,3
The Hong Kong University of Science and Technology,1
National Institute of Technology Tiruchirappalli ,2
Velagapudi Ramakrishna Siddartha Engineering College,2
D. J. Sanghvi College of Engineering,2
Jacobs University Bremen,2
SRM Univerisity AP,2
KLS Gogte Institute of technology,3
Lokamanya Tilak college of engineering,3
ANGRAU,3
Gangamai college of engineering,3
JAIN COLLEGE OF ENGINEERING BELGAUM,3
"GH Raisoni Institute Of Engineering And Technology, Wagholi",3
RVR & JC College of Engineering,2
Technocrats Institute of Technology,3
IIITDM Jabalpur,2
"RMK Engineering College , Kavaraipettai",3
National Institute of Technology,2
St Mary’s icse ,3
Dr. Bhanuben Nanavati College of Architecture ,3
St. Thomas' College Of Engineering And Technology,3
terna engg college,3
HR college of conmerce,3
University of Toronto,1
Info Institute of Engineering,3
Gnanamani College of Technology,3
istar collage,3
"University College of Engineering, JNTU Kakinada",3
Jawahar Institute of Technology & Management,3
"Sinhgad Academy of Engineering,Kondhawa",3
balaji Institute of technology and science,3
VTU,3
Babu jagjeevan ram degree college ,3
Chaitanya degree and Pg college,3
Sree vidyanikethan engineering college ,3
Georgia State University,2
"Indian Institute of Information Technology, Design and Manufacturing Kurnool",2
That Average College,3
aditya bangalore institute of pharmacay and education research,3
Affiliated to GTU,3
Indira College Of Engineering & Management,3
chaithanya Engineering College ,3
IMU KOLKATA,2
kamla Nehru Institute of technology,2
IIT Jodhpur,1
Tunghai University,2
"Army Institute Of Technology, Pune",2
St Peter's engineering college,3
"UNIVERSITY COLLEGE OF ENGINEERING,BIT CAMPUS",2
"NIE Institute of Technology,Mysore",2
New Horizon College Of Engineering,3
"Institute of Engineering and Technology, Indore",2
University of San Francisco ,2
Padmabhushan Vasantdada Patil Pratishthans college of engineering,3
Tamkang University,2
Adhichunchanagiri Institute of Technology,3
University of Lagos,2
"Maharaja Agrasen Institute of Technology , New Delhi",2
"DECCAN COLLEGE OF ENGINEERING AND TECHNOLOGY, Hyderabad",3
G.N Khalsa College,3
Nutan Maharashtra Institute Of Engineering & Technology,3
Aditya Pharmaceutical Science & Research Institutions,3
Ilahia college of engineering,3
Institution of Engineers India,3
Indian Institute of Technology Dhanbad,1
Vijay Rural Enginreering College,3
institute of technology bilaspur,3
Saffrony Institute of Technology,3
Pokhara University,3
BADRUKA COLLEGE,3
"Vignan Institute Of Technology And Science, Nalgonda",3
Institute of Engineering & Technology,3
Amity University Kolkata,3
Bansal College of Engineering,3
K.J.Somaiya College Of Engineering ,3
vaageswari engineering college,3
KNUST,2
Government Engineering College Ajmer,3
"Bhagwan Mahavir College of Engineering and Technology, Surat",3
Pvp Siddartha Institute Of Technology,3
KURUKSHETRA university,3
Truba Institute of Engg. & Information Technology,3
Acropolis technical campus,3
Sri venkateswara college of engineering,3
"Bijupattnaik University Of Technology, Rourkela",3
A.G Patil Institute of Technology,3
"KKWIEER, Nashik",3
Charotar University Of Science And Technology ,3
GLS University,3
"College of Agriculture, Dhule",3
"Guru Nanak Dev Engineering College, Ludhiana,",3
Ahmedabad University ,3
Shivnadar University,2
A J Institute Of Engineering And Technology,3
Government SKSJT Institute Of Technology,3
dayanand sagar college of engineering ,3
BMIET,3
"C.G.Patel Institue of technology,",3
Marri Laxman Reddy  Institute Of Technology  Hyderabad,3
AC Patil College of Engineering,3
Minia University,3
NIT Uttarakhand,2
Medi-Caps Institute of Science & Technology,3
"RGUKT, Basar",3
Sister Nivedita University,3
Govt.sksjti,3
BABA BANDA SINGH BAHADUR ENGINEERING COLLEGE,3
KLE,3
Kathmandu Engineering College,3
Uvce,3
"Koneru Lakshmaiah Education Foundation, Guntur",3
"Rajendra Mane College Of Engineering & Technology, Ambav Deorukh",3
gujarat technological university,3
Khammam Institute Of Technology And Sciences,3
"GITAM University , Hyderabad",3
venus international college of technology,3
Thapar University,2
"SRM Univerisity AP, Guntur",2
Dr.Ambedkar Institute of technology,3
sriram engineering college,3
Dwarkadas Jivanlal Sanghvi College of Engineering,3
St Stephen's College,1
Center for Management Studies-Jain university ,3
MES Abasaheb Garware College of Science,3
Bangalore University,3
sreenidhi institute of science and technology,3
chebrolu engineering college,3
TRR College Of Engineering,3
SGTB Khalsa College,1
"Dr D Y Patil Institutes Of Technology,pimpri,pune",3
"Heritage Institute of Technology, Kolkata ",3
Sree Vidyanikethan Engineering college,3
MANIT Bhopal,2
Northern India Engineering College,3
Shri Shankaracharya Institute of Professional Management and Technology,3
JSPM's Rajarshi Shahu College of Engineering,3
JNAFAU,3
KLUNIVERSITY ,2
Bennett University,2
Siliguri Institute of Technology,3
"Viva Institute Of Technology, Virar",3
Universidad de las Fuerzas Armadas ESPE,2
City Premier College,3
Padjadjaran University,2
Banglore Institute Of Technology,3
Smt. Chandibai Himmatmal Mansukhani College,3
Gitam university,2
M. H. Saboo Siddik College Of Engineering ,3
Noorul Islam Centre for Higher Education,3
"Rajiv Gandhi College Of Engineering And Research,Nagpur ",3
"Indian Institute of Information Technology, Pune",2
IIIT Pune,2
Aditya College of Architecture,3
Shree LR Tiwari College Of Engineering,3
University of California riverside ,2
Thakur college of engineering and technology.,3
indian institute of carpet technology ,3
Thia,3
Sri Jagadguru Balagangadharanatha Institute of Technology,3
St. Joseph's Institute Of Technology,3
Shri vishnu college of pharmacy,3
Indian Institute of Information Technology Sri City,2
Odisha University of Technology and Research,3
Rowan University,3
Usha Pravin Gandhi College Of Management SVKM,3
Guru Nanak Institutions Technical Campus,3
Xidian University,2
Mukesh Patel School Of Technology Management And Engineering ,2
velagapudi ramakrishna ,2
M A College of Engineering Kothamangalam,2
badruka institute of management studies,3
Nie Mysore ,2
Baba Instiutte of Technology and Sciences,3
"G.V .Aachrya College of engineering and  technology ,shelu -karjat",3
"Watumull Institute Of Electronics Engineering And Computer Technology, Worli",3
DBIT,2
vnr vignana jyothi institute of engineering and technology,2
Lovely Professional University,2
"JNTUA college of engineering,Pulivendula,kadapa",2
Delhi Public School Bangalore South,3
VVIET,3
San Jose State University,2
"Uicet, Panjab University, Chandigarh",2
Khader Memorial College Of Engineering And Technology,3
jorhat institute of science & technology,2
NIT Warangal,2
huic,3
"Southern Illinois University, edwardsville",3
Malwa Institute of Science & Technology,3
kent state of university,3
Gayatri college of Engineering(,2
Swami Vivekanand Institute of Technology,3
SACS MAVMM engineering college,3
saurashtra university ,3
ABC Uni,3
"Govt Dental College And Hospital , Amritsar",3
Dhaneshwar Rath Institute of Engineering and Management Studies,3
Indore Institute of Science & Technology-II,3
birla viswakarma mahavidalaya,2
JECRC Univeresity,2
Mar Athanasious,2
Govt. Dental College & Hospital,3
University College Of Engg Punjabi Uni,2
Lakshmi Narain College of Technology,2
Jawaharlal Nehru Engineering College,3
dwarkadas.j sanghvi college of engineering,2
GMRIT,2
vidyavardhini college of engineering,3
G.H.Raisoni college of engineering  Pune,2
JSPM's Rajarshi Shahu College of engineering tathwade pune ,2
"DKTES Textile and Engineering Institute, Ichalkaranji",3
"sri venkateswara college of engineering, chennai ,sriperumbudur, Chennai",2
Govt. Model Engineering College,2
"Dr. S & S. S. Ghandhy Government Engineering College, Surat",2
anonymous,3
Dr Bhanuben Nanavati College Of Pharmacy,3
sir jj college,2
"Fr. Conceicao Rodrigues College Of Engineering  , Mumbai",2
babxc,3
"ICFAI UNIVERSITY, Hyderabad",2
BVC Engineering College,3
ISM Dhanbad,1
Ramireddy Subbaramireddy Engineering college,3
Govt college of Technology Coimbato...,2
Prasad V Potluri Siddhartha Institute of Technology,3
St Joseph's Degree & Pg College,3
Kj Somaiya college of science and commerce,2
Rajiv Gandhi college of engineering research and technology chandrapur,3
Swami Ramananda Tirtha Institute Of Science And Technology,3
"BMS College of engineering
",2
Udaya School of Engineering,3
L.J. Institute of Engineering and Technology,3
anil neeru,3
University Of Engineering And Technology Peshawar,2
RGUKT,2
"Jai Hind College, Mumbai",2
Vasantrao Naik Marathwada Agricultural University ,2
"Covenant University, Ota",2
kongunadu engineering college,3
Sggs,2
Alok PG science college,3
Jadavpur University ,1
St. Peters Engineering College,3
the Hashemite university ,2
"R.A. Podar College of Commerce and Economics, Mumbai",2
Gecg,2
Don Bosco Institute of Technology,3
"Jawaharlal Nehru Engineering college ,Aurangabad",3
IIT Kharagpur,1
Jalpaiguri Government Engineering College,2
SRI KONDA LAXMAN TELANGANA STATE HORTICULTURE UNIVERSITY,2
Narasaraopeta institute of pharmaceutical sciences ,3
NATIONAL INSTITUTE OF TECHNOLOGY PUDUCHERRY ,2
Kurukshetra University,2
Rajiv Gandhi university of Knowledge Technologies- Kadapa ,2
SASTRA Deemed university,2
Abasaheb garware College,2
CVR College of Engineering,3
manjara charitable trust rajiv gandhi institute of technology,3
SRM UNIVERSITY,2
"Medicaps University, Indore",3
Covenant University,2
"Marathwada Mitra Mandal's College Of Engineering , Pune",3
Sandip University ,3
 Padmashree Dr DY Patil School of Physiotherapy,3
AMU,2
DDIT,2
St Martin's engineering college,3
SUNY BUFFALO,2
University Institute Of Technology,3
Guangxi Medical University ,2
AECS MAARUTI DENTAL COLLEGE,3
Delhi institute of engineering and technology,3
Dr Rajesh ramdasji kambe dental college akola,3
M.S. Ramaiah University of Applied Sciences,2
GNDEC,2
Osmania University,2
"Graphic Era University, Dehradun",2
"College of Veterinary and Animal Husbandry, Rajendranagar",2
ADDIS ABABA INSTITUTE OF TECHNOLOGY,2
thadomal shahani engineering college,2
"Sree Sastha College of Engineering , Chembarambakkam",3
MS Engineering College,3
Calicut University Institute of Engineering and Technology,2
Alvas Inst. Of Engg. And Technology,3
Vignan S Institute Of Technology And Aeronautical Engineering,3
"SIES College Of Arts Science & Commerce, Nerul",2
Temp,3
Jim’s medical college ,3
IITT college of engineering,3
Chandubhai s patel institute of technology,2
pda college of engineering,2
C.K.Pithawala College Of Engineering & Technology,3
"National Institute of Engineering, Mysore",2
"University of Engineering and Technology, Taxila",2
SGGSIE&T,2
"Fr. conceicao rodAGNEL INSTITUTE OF TECHNOLOGY, Mumbai",3
Rajiv Gandhi Proudyogiki Vishwavidyalaya,2
Netaji Institute Of Engineering And Technology,3
G.narayanamma institute of engineering,2
vignan University ,2
JNTU Kakinada ,2
"HMRITM, New Delhi",3
IDEA VIDYAVARDHAN'S,3
K.S Institute of Technology,3
Maharaja agarsen institute of technology,2
Farmingdale state college,3
Bharati Vidyapeeth Deemed University.,2
pccoer,3
"Kendriya Vidyalaya, CRPF, Bangalore",3
Dayananda Sagar Academy Of Technology And Mgmt.,3
Dr.Bhanuben Nanavati College of Architecture,2
AMC engineering collage bangalore,3
Priyadarshini indira gandhi college of engineering,3
The National Institute of Engineering ,2
Kathmandu University,2
"St. John College Of Engineering & Technology, Palghar",3
Universal Technical College,3
Sri Venkateswara Institute Of Science And Information Technology,3
"PERI Institute of Technology , Manivakkam",3
Lalbhai Dalpatbhai College of Engineering,2
Jawaharlal Nehru Architecture and Fine Arts University,3
Vadodara Institute of Engineering,3
Jansons,3
Shri Vaishnav Institute of Technology & Science,3
"Government Degree College For Women, Begumpet, Hyderabad",3
"Madras Institute of Technology campus, Anna University",2
"mgm college of engineering kamothe, Navi Mumbai",3
"Ambedkar institute of advance communication technologies and research, New Delhi",3
Govt. Engineering College,3
Maharaja Sayajirao University,2
Indira Gandhi National Open University,3
Gitam University,2
"CVR College Of Engineering, Hyderabad",3
PILLAI INSTTITUTE OF TECHNOLOGY,3
Dr dy patil college of physiotherapy,3
VSSUT,2
Bhoj Reddy Engineering College For Women,3
Maastricht University,2
joginapally B.R engineering college,3
MET IOP,3
Federal University of Pernambuco,2
Bharati vidyapeeth college of architecture,3
New Prince Shri Bhavani College of Engg & Tech,3
Smt. CHM College,3
"pad. Dr. d y patil clg of engg. mgt and research,akurdi",3
Srinivas Institute Of Technology,3
"Padmasri Dr BV Raju Institute Of Technology, Narsapur",3
bharath institute of higher education and research,3
Ballari Institute of technology and management,3
Government dental college and hospital hyderabad,3
University of Bristol,1
"MGM,s jawaharlal nehru engineering college, Aurangabad ",3
"SIES Graduate School Of Technology, Nerul",2
centannial,3
Calcutta Institute of Technology,3
"Marathwada Mitra Mandal's Institute Of Technology , Lohgaon",3
International Institute of Information Technology;Bengaluru,1
swarnandhra college of engineering and technology,3
"Veer Surendra Sai University of Technology, Burla",2
Dwarkadas J Sanghvi College of Engineering,2
Marri Laxman Reddy Institute Of Technology,3
Mahatma Gandhi University ,2
Bharati Vidyapeeth College of Architecture ,3
Mahatma Gandhi Mission's college of Engineering.,3
Kazakh-British Technical University,2
Vishwakarma University,3
"Middlesex University, Dubai",3
"shivaji university, kolhapur",3
D.J. Sanghvi College of Engineering,2
Zakir Hussain College Of Engineering and technology,2
gujarat ayurveda university,3
VJIT,3
Sri Sairam Institute of Technology,3
IIT Hyderabad,1
Bharati Vidyapeeth’s College of Engineering,3
Manipal University Jaipur ,3
Zeal College of engineering,3
Santa Clara University,2
sinhgad institute smt kashibai nvle college of engg pune,3
heriot-watt university,2
velagapu,3
"CU SHAH college of pharmacy, SNDT UNIVERSITY",3
G. H. Raisoni College of Engineering ,3
imsec,3
kls vishwanathrao deshapande rural institute of technologist,3
DELHI TECHNICAL CAMPUS,3
kkwagh college,3
Sri Vasavi Institute Of Engineering And Technology,3
Jain College Of Engineering,3
"Sri Venkateswara College Of Engineering , Chennai",2
Kalaignar Karunanidhi Institute of Technology,3
Rajasthan university,3
Amrita school of biotechnology ,2
"Gayatri vidya parishad college of engineering (A), Visakhapatnam",2
Sal Institute of Technology and Engineering Research ,3
"Rasiklal M Dhariwal Sinhgad Technical Institutes Campus, Warje",3
KNIT sultanpur,2
St Peter's college of engineering and technology,3
"Bharati Vidyapeeth's college of engineering, Kolhapur",3
"Shri Ramdeobaba College of Engineering and Management, Nagpur",2
"Vidya Vikas Institute of Engineering and Technology, Mysooru, Mysuru",3
HL Institute of Commerce,3
Sri Krishna College of Technology ,3
PVG COET,3
Shri Ram Institute of Technology,3
SRKNEC,2
"KJ College Of Engineering & Management Research, Pisoli",3
Institute of Engineering and Management Kolkata,2
"jntuv, Vizianagaram",2
Indian Institute of Information Technology Chittoor ,2
Professional institute of Technology,3
GITAM University ,2
"AMAL JYOTHI COLLEGE OF ENGINEERING, KANJIRAPALLY",3
"The National Institute of Engineering, Mysooru",2
SNBP Jr. College,3
"GRIET, Hyderabad",2
IILM institute of Engineering,3
"All India Shri Shivaji Memorial Society's College Of Engineering, Pune",3
psg institute of technology,2
SVKM,3
ses goi foe,3
NUCES-FAST Lahore,2
Mandsaur Institute of Technology,3
biju patnaik university of technology,3
m.s university,2
Northcap University,3
Dwarkadas Jamnadas Sanghvi College of Engineering,2
"Swami vivekanand Institute of Technology,",3
Late G.N Sapkal College Of Engineering ,3
Vignans Institute of Engineering for Womens,3
Rao And Naidu Engineering College ,3
g.pullaiah college of engineering and technology,3
Jyothy Institute Of Technology,3
"Vasantdada Patil Institute of Technology, Bavdhan",3
Geetanjali Institute of Technical Studies,3
MVSREC,2
dr dy patil biotechnology and bioinformatics institute,3
NATIONAL INSTITUTE OF FOUNDRY ,2
SANKETHIKA INSTITUTE OF TECHNOLOGY AND MANAGEMENT,3
"Pillai's Institute Of Information Technology , New Panvel",3
JNTU pulivendula,2
Government College University Lahore,2
"VITS, Karimnagar",3
East Point College Of Engg. For Women,3
Bas ek college,3
Chadalawada ramanamma engineering college,3
Indian Institute of Information Technology Design & Manufacturing Kurnool,2
kakatiya institute of Technology & Science,2
"pravara rural engineering college,loni",3
cankaya university,3
"college of engineering,adoor",3
"jntu college of engineering,anantapuramu",2
Vel Tech High Tech Dr. Rangarajan Dr. Sakunthala Engineering College,3
svist,3
sri venkateshwara university,2
A.P.I.E.D,3
Indus University,3
University of Minnesota Duluth,2
Ladoke Akintola University of Technology,2
"RV College Of Engineering , Bengaluru",2
"Dr DY Patil College Of Engineering, Ambi, Pune",3
Prathyusha Institute Of Technology and Management,3
Indira National School,3
"KLE Technological University, Hubli, Karnataka",2
MET Institute of Engineering,3
MIT College Of Engineering And Technology,2
Government Women Engineering College Ajmer Rajasthan,2
R.V.R. & J.C. COLLEGE OF ENGINEERING,2
Sir Visvesvaraya Institute of Technology,2
"Government Engineering Collage, Bhuj",2
AMR Institute Of Technology,3
Mepco Schlenk Engineering College,2
Shri vaishnav institute of management,3
muffakham Jah college of engineering,2
"Bhanuben nanavati college of pharmacy,mumbai",3
Sarvjanik College of Engineering and Technology,2
Pandeet Deendayal Petroleum University ,2
Rungta College,3
sscet bhilai,3
"College of Technology, Pantnagar",2
Velammal in,3
CentraleSupélec,1
r v college of architecture,2
Sree Chitra Thirunal College Of Engineering,2
Shri Madhwa Vadiraja Institute of Technology and Management,3
"The Indian School , Ghubra",3
"School Of Engineering And Technology, Ahmedabad University",2
Marine Engineering & Research Institute,2
St Thomas College of Engineering and Technology,3
vivekananda Institute of professional studies ,2
BV RAJU INSTITUTE OF TECHNOLOGY,2
St Josephs college of engineering and technology ,3
B.S Abdur Rahman University ,2
"government college of engineering, amravati",2
Audisankara Coll,3
Mahatma Gandhi Engineering College nanded,3
college of art ,2
"Faculty of Engineering and Technology, GKV",2
Kakinada Institute of Technology and Science,3
Chandrawati  Group of Institutions - Faculty of Engineering,3
gnits,2
Manipal Academy of Higher Education,2
Sri Balaji Dental College,3
"Institute of Law, Nirma University",2
CTAE,2
L. J. Institute of Engineering and Technology,3
PDPU,2
"Govt college of engg, Amravati",2
Malla Reddy Engineering College for Women,3
St.mary's engineering college SMECD,3
Manav bharati university,3
DY Patil Institute nerul,2
tier 2,3
Samskruti College Of Engineering And Technology,3
Scope College of Engineering,3
VNR Vignan Jyothi,2
Maharani Girls Engineering College ,3
NMIMS Mukesh Patel School of Technology Management & Engineering,2
 College of Engineering Thalassery,2
C.K.pithawala College,3
university college of engineering jntuk viziangaram,2
Sri Ramachandra University,2
David Eccles School of Business,2
IFHE UNIVERSITY,2
Anantrao Pawar College Of Engineering & Research,3
Gopalan College Of Engineering Management,3
Durgapur Institute of Advanced Technology & Management,3
Hansraj college University of Delhi,1
KNRUHS ,2
sambalpur university institute of information technology,3
Western Region Campus,3
Vidhyapeeth Institute of Science & Technology,3
charusat University,2
University Of Mumbai ,2
Shri Guru Gobind Singhji Institute of Engineering and Technology,2
jkc college ,3
Illinois state university ,2
St.joseph's degree & pg college,3
Pragati Engineering College,3
Kommuri Pratap Reddy Institute Of Technology,3
Rnsit,2
godavari institute of engineering and technology autonomous ,3
Malls Reddy Institute of Dental Sciences,3
rgmcet,3
fabtech technical campus college of engineering and research sangola ,3
Jansons Institute of Technology,3
B S Abdur Rahman University,2
Aurora's Technological and research institute ,3
shs,3
Dharmsinh Desai University,2
vidhyavardhaka college of Engineering,3
Lalbhai Dalpathbhai College of Engineering,2
"smt.kashibai navale college of engineering,pine-41",3
"Netaji Subhas Institute of Technology, New Delhi",1
Jawaharlal Nehru University,1
Shri Vaishnav Vidyapeeth Vishwavidyalaya,3
jawaharlal Nehru architecture and fine arts university,2
Arunai Engineering college,3
Dr NTRUHS,2
University of central Missouri,3
Rashtrasant Tukadoji Maharaj Nagpur University,2
University of Canterbury,2
manubhai Patel dental college ,3
SLN College Of Engineering,3
Bangalore Institute of technology,2
Wesleyan University,1
MIT World Peace University,3
"devi ah, Indore",2
Parul Institute Of Technology,3
Prakasam engineering college ,3
narayana college of Physiotherapy ,3
Michigan Technological University,2
vignans lara institute of technology,3
Kammavari Sangam School of engineering and management,3
shri shankaracharya college of Engineering and Technology Bhilai,3
"Amrita University, Bengaluru",2
mallareddy institute of dental scienses,3
muffakham jah college of engineering and technology,3
kiit University ,2
YCCE,3
UNiversity of calgary,2
University of Virginia,1
Bansal Institute of Science & Technology,3
"National Institute of  Technology, Rourkella",2
"Acharaya Institute Of Technology, Bengaluru, Bengaluru",3
sheila raheja school of research,3
"Gogte Institute of Technology, Belagavi",3
Symbiosis International,2
"Siddhartha Institute Of Engineering And Technology, puttur",3
Sandip Institute Of Technology and Research Centre,3
ITM University,3
Government Engineering College Gandhinagar,2
University of Florida,1
Dayananada Sagar college of engineering ,3
s v university,2
Periyar Maniammai University,3
school of engineering and applied sciences - AU,3
Nirmala Memorial College of Science and Commerce,3
University of Allahabad,2
ABV-IIITM,2
svu college of engineering,2
Bharath Institute of Engineering and technology,3
NSRIT college of engineering,3
Sir MVIT,3
kathmandu Engineering College,3
Dr. MGR Educational and Research Institute ,3
University of Massachusetts Lowell,2
Mallareddy College Of Engineering,3
M.L.Dahanukar College of Commerce and Economics,3
Reva Institute Of Technology ,3
pune university,2
jawaharlal nehru technological university hyderabad,2
DRK Institute Of Science And Technology,3
"Indian Institute Of Information Technology, Kota",2
anna,3
Faculty of technology and engineering,3
Loyola ICAM College of Engineering and Technlogy,3
"Walchand College of Engineering,Sangli",2
"Khwopa college of engineering, TU",3
G Pulla Reddy Engineering College,3
Gec Bhavnagar,2
Sri Krishna College Of Engineering & Technology,3
sipna college of engineering and t,3
central university of rajasthan,2
mohammed haji saboo siddik college of engineering,3
SLC's Institute Of Engineering And Technology,3
Institute of Management and Entrepreneurship Development,3
Veltech Multitech DR.RR & DR.SR Engineering College,3
"St. Thomas' College Of Engineering And Technology, Kolkata, West Bengal",3
Sanjay Ghodawat university,3
Rishiraj Institute Of Technology ,3
ygg,3
ifim business school,3
divine child,3
maharishi dayanand,3
"LDCE, Ahmedabad",2
"SREE VIDYANIKTHEN ENGINEERING COLLEGE, TIRUPATHI",3
MAHATMA JYOTIBA PHULE ROHILKHAND UNIVERSITY,3
ramachandra college of engineering,3
Vel Tech Multi Tech,3
"mgm college of engineering, kamothe",3
West Yangon Technological University,3
M.L.Dahanukar college of commerce,3
"Velagapudi Ramakrishna Siddhartha Engineering College, Vijayawada",2
Sri Chandrasekarendra Saraswathi Viswa Maha Vidyalaya,3
bowling Green State University,2
Avinash college of commerce ,3
"sri chaitanya, vijayawada",3
BIT Sindri,2
Ahmedabad dental college,3
Priyadarshini Institute of Engineering and Technology,3
RYMEC,3
abc institute,3
R. V. R & J. C College of Engineering,2
VIDYALANKAR,3
GPREC,3
Abdulkalam Institute Of Technological Sciences,3
Biju Pattnaik University of Technology ,2
Sardar Patel Institute of Technology,2
pittsburg state university,2
Gannon University,2
XYZ Engg,3
"St Joseph College of Engineering, Sriperumbudur",3
Sri Krishna Institute Of Technology,3
GM Institute Of Techonology,3
Shaikh College Of Engineering?And Technology,3
Sri Sivasubramaniya Nadar College of Engineering,2
Ghousia College Of Engineering,3
DVR College Of Engineering And Technology,3
"M S Engineering College, Bengaluru",3
"Laxmi narain college of engineering,bhopal",3
Medicap Institute of Technology & Management,3
DR. NTRUHS,3
Punjab College of Engineering ,3
Stony brook university,2
XIE,3
Universidade Federal do Rio Grande do Sul,2
University of Central Punjab,3
mit adt,3
KETs V.G.Vaze College,3
Pillai College of Engineering,3
"BITS Pilani, KK Birla Goa Campus",1
Gyanmanjari institute of technology,3
ramdeobaba college of engineering and management,2
Bellary Engineering College,3
M. H. Saboo Sid,3
Sumathi Reddy Institute Of Technology For Women,3
"V. G. Vaze college, Mulund",3
Hong Kong Polytechnic University,1
VSB ENGINEERING COLLEGE,3
Sri Venkateshwara University College Of Engineering,2
Northern Illinois University,3
University school of Information and Communication Technology,2
"Guru Jambheshwar University of Science and technology , Hisar",2
Integral University,3
Universidad Industrial de Santander,2
"Institute of Management Technology, Ghaziabad",2
"DCRUST, Murthal",2
"TKR College Of Engineering And Technology, Hyderabad",3
CEG,2
Sandip Institute of Engineering and Management ,3
"SKN Sinhgad Institute Of Technology & Science, Kusgaon",3
Columbia University,1
Gsl Dental college,3
Fr. Conceicao Rodrigues College Of Engineering,3
Bannari Amman Institute of Technology,3
IIT Tirupati,1
SBB College of Physiotherapy,3
chennai institute of technology,3
aktu,2
Anna University ,2
Shri Ramdeobaba College of Engineering and Management,2
Panipat institute of engineering and technology ,3
Kanpur Institute Of Technology,3
greater noida institute of technology,3
Chaitanya Bharathi institute of technology,2
"TSSM's, PVPIT college",3
"Pillai HOC College of Engineering and Technology, Rasayani",3
Sir mvit,2
Vaagdevi College Of Engineering,3
vviet,3
"PSG Institute of Technology and Applied Research, Coimbatore",2
Pailan College of Management and Technology,3
Dr.Lankapalli Bullayya college ,3
"Cummins College Of Engineering For Women,Pune ",2
All India Shri Shivaji Memorial Society's Institute Of Information Technology,2
vignan's institution of information technology ,3
Sri Guru Gobind Singh College of Commerce,2
amrutvahini college of engineering,3
"Academy of technology,aedconagar",3
RCET Bhilai,3
IEC,3
Chanakya Technical Campus,3
Rajiv Gandhi University of health sciences,2
kle,2
Anand pharmacy college ,3
auroras engineering college,3
sree nidhi institute of science and technology,2
MCKV INSTITUTE OF ENGINEERING,3
NITTE School of Architecture and Planning,2
CR REDDY COLLEGE OF ENGINEERING,3
gayatri vidya parishad technical campus school of engineering,2
Saraswati college of Engineering ,3
CSK HPKV Palampur,2
Pune Vidyarthi Griha,3
"BITS Pilani, Dbai Campus",2
JSpm RS,3
University of Alberta,1
Holy Mary Institute of Technology and Science,3
Dms svh college,3
"Indian Institute of information Technology, jabalpur",2
Board of Telangana ,3
Gujarat Power Engineering And Research Institute,3
krishna engineering college ghaziiabad,3
Maharishi international residential school,3
St.Joseph's College Of Engineering,2
kurukshera university,2
Amrita Vishwa Vidyapeetham ,2
College of Engineering Bhubaneswar,2
Bharatiya Vidya Bhavan's Sardar Patel Institute of Technology,2
Bhashyam public school,3
VVCE,2
"Indian Institute of information Technology , Dharwad",2
"D. Y. Patil, Mumbai",2
G B Pant Government Engineering College ,2
"Suman Ramesh Tulsiani Technical Campus - Faculty Of Engineering, Kamshet",3
"Brahmdevdada Mane Institute of Technology, Solapur",3
Universidad de las Americas,2
department of technology ,3
Universidad Rafael Urdaneta,3
Vellore Institute of Technology  - Chennai,2
"Indian Institute of Science Education and Research, Kolkata",1
University college of engineering jntu kakinda,2
"D.Y.Patil college of engineering kolhapur,kolhapur",3
prasad v potluri siddhartha institute of technology,3
Vidhyavardhini college of engineering and technology,3
RGCER,3
nv patel science college,3
"Sreenidhi Institute Of Science And Technology, Hyderabad",2
Gitam college of engineering and technology,2
bharat college of engineering badalapur,3
R. A. Podar College of Commerce and Economics,2
St.Thomas' College of Engineering and Technology,3
Kathford International College,3
"Kokan gyanpeeth college of Engennering, Karjat",3
Dr Babasaheb Ambedkar Technological University Lonere,2
JSPM BHIVRABAI SAWANT EDUCATION SOCIETY,3
PES Institute Of Technology,2
kakathiya university,2
The University of Manchester,1
Arvindbhai Patel Institute of Environmental Design,3
"JSS Science and Technology University, Mysuru",2
"Arignar Anna Institute of Science & Technology , Sriperumbudur",3
gvpcew,3
"university college for women, osmania university ",2
Institute of Technology and Marine Engineering,3
T John Institute Of Technology,3
Vaagdevi engineering college,3
"GIDC Engineering,abrama",3
KKR AND KSR INSTITUTE OF TECHNOLOGY AND SCIENCES,3
Institute of Business Administration,3
Gharda Institute Of Technology,3
"new york institute of technology, Vancouver",2
kakatiya universtiy,2
"The national institute of engineering, Mysuru",2
Venkteshwar Institute of Technology,3
institute of chemical technology,1
"Indian Institute of Information Technology, Dharwad",2
Anish,3
ITM VOCATIONAL UNIVERSITY,3
Vishveshvaraya Technological University,2
Aditya Engineering College,3
Maharishi Arvind International Institute of Technology,3
"University of Pune, MIT",2
"Swami Vivekanand College of Engineering, Indore",3
Vidyavardhaka college of engineering,3
Webster,3
"Amity University, Noida",2
modern dental college,3
SBRR Mahajana First Grade College,3
De La Salle University,2
Rashtriya college,3
anil neerukonda institute of technology and sciences,3
SNIST,3
st. josephs degree and pg college,3
Sinhagad Academy Of Engineering,3
Manav Rachna University,2
K K Wagh Institute of Engineering and Research ,3
mkk,3
Impact school of Architecture,3
Mahatma Gandhi Engineering College,3
M S Ramaiah Institute of Technology,2
guru tegh bahadur institute of technology,3
"Centre For Converging Technologies, University Of Rajasthan",3
SKN college of engineering vadgaon,3
utkal university,3
ITS Engineering College ,3
mallareddy engineering college for women,3
RVITM,3
people education society,3
"Finolex Academy Of Management And Technology, Ratnagiri",3
"International Institute of Information Technology , Pune",2
sarojini inst of technology,3
Punjab institute of Technology,3
Ashoka Center for Business and Computer Studies,3
"Yadavrao Tasgaonkar Institute Of Engineering & Technology , Bhivpuri",3
btech college ,3
NSS C,3
Vallurupalli Nageswara Rao Vignana Jyothi Institute of Engineering and Technology,2
"Fr. C. Rodrigues Institute Of Technology, Vashi",3
RMCET,3
qiscet,3
gayatri vidya parishad school of engineering,3
pillais college of architecture,3
Daiict ,2
UVCE,3
"Thakur college of engineering and technology., Mumbai",3
GB Pant University of Agriculture and Technology,2
g Pullaiah College of Engineering and Technology ,3
Sri Venkateshwara College Of Engineering,3
bhopal school of social sciences,3
B. K. Birla Institute of Engineering & Technology,3
International Institute Of Information Technology Bangalore,2
father Rodriguez institute of technology,3
Tongji University,1
Thapar Institute ,2
Sridevi women's engineering college,3
College Of Engineering And Technology,3
CMR College of Engineering ,3
National Institute if Technology Andhra Pradesh,2
ms Ramaiah,2
Government College of Engineering and Ceramic Technology,3
Jawahar Lal Nehru technological University Hyderabad,2
M.O.P Vaishnav College for Women,3
National Institute of Science & Technology,3
Aalim Muhammed Salegh College of Engineering,3
Rayalaseema university,3
DRK INSTITUTE OF SCIENCE AND TECHNOLOGY ,3
KIET Group of Institutions,3
"Indian Institute of Information Technology, Surat",2
Islamic University Of Technology,3
Shri Madhwa Vadiraja Institute Of Technology?,3
G.H.Patel College of Engineerin and Technology,2
"Siddhant College Of Engineering, Maval",3
Shiv Nadar Univeristy,2
BITS PILANI DUBAI CAMPUS,2
"Narsee Monjee Institute of Management Studies ,",2
MVGR college ,3
"Institute of Engineering and Technology,Devi Ahiliya Vishwavidyala",2
Shree M. & N. Virani Science College,3
"Mody Institute of technology and Science, Lakshmangarh",3
ITM Universe,3
MNNIT Allahabad,2
Michigan State University,2
blank,3
sibar institute of dental sciences,3
Dr. D Y Patil College of Architecture,3
Galgotia's university,3
Jain University ,3
Sir M. Visvesvaraya Institute Of Technology,2
Dr. A.P.J. ABDUL KALAM UNIVERSITY,2
wilmington university,3
Government College of Tec,3
Veltech university,3
Rise Prakasam Group Of Institutions ,3
r a podar college of commerce and economics,3
Singhad College Of Enginnering,3
Lovely professional University ,3
"Government Dental College, Amritsar",3
shri vishnu engineering college for women ,3
"NIIT, Alwar",3
madan mohan malaviya engieering college,2
University of Maryland Baltimore County,2
"Apex International Institute of Technology, Kota",3
"Dr D.Y. Patil College of Engineering,Pune",3
rgpv,3
"Modern Education Society's College of Engineering, Savitribai Phule Pune University",3
Holy Mary Institute Of Technology And Science,3
UBC,1
Hyderabad Institute Of Technology And Management,3
" VPM'S B N Bandodkar College of Science,Thane",3
Brindavan College Of Engg,3
st.peters university,3
"NATIONAL POWER TRAINING INSTITUTE, Nagpur",3
Indraprastha Institute of information technology,2
Smt.Kashibai Navle College Of Engineering,3
CEPT ,2
"Vishwakarma Institute Of Technology , Bibwewadi",2
Indian Institute of Information Technology Nagpur,2
Shri Ram College of Commerce,1
Amrita School of Engineering,2
Korea University of Technology and Education,2
king mongkut's institute of technology ladkrabang,2
Rajiv Gandhi Institute of Medical Sciences,3
vidyasagar school,3
D Y Patil Institute of Engineering and Technology,3
Vignan Institute Of Engineering For women,3
Rajalakshmi institute of technology,3
Guru Nanak Dev University,2
Vishwa Vishwani Institute of Sytems and Management,3
Jssateb,2
Father Conceicao Rodrigues College of Engineering,2
rajiv Gandhi college of engineering and technology,3
Ganpat university,3
IMS Engineering College,3
G V Acharya institute of engineering and technology ,3
Vaageswari College Of Engineering,3
Institute Of Technical Education And Research,2
University College of Engineering Osmania University,2
"Rajaram shinde college of engineering,pedhambe",3
iiit trichy,2
"HNB Garhwal Central University, Srinagar Garhwal",2
Sri Sairam Engineering College ,3
Sri Sai Ram Engineering College,3
Maharshi Dayanand University,2
Stanley College Of Engineering & Technology For Women,3
Indian Institute of Technology,1
"St.joseph engineering college,vamanjoor",3
ABc,3
"Lahore University of Management Sciences, LUMS",2
Atharva College of Engineering,3
koneru Lakshmaiah education foundation,2
University of California - Santa Barbara,1
National institute of engineering ,2
vidyalankar school of information technology,3
sksvmacet laxmeshwar,3
abc,3
Dwarkadas J. Sanghvi College of Engineering,2
Vishwakarma institute of information and technology,2
Future Institute Of Engineering and Management,3
Nanjing University of aeronautics and astronautics,2
Columbia University in the city of New York,1
Daffodil International University,3
Narasaraopet Engineering College,3
Assam Science and Technology University,3
Neil Gifts Institute of Technology,3
"Government Engineering College, Ajmer",3
Nanyang Technological University,1
University of Texas Dallas,2
IIIT Bangalore,2
Nationa Institute of Technology Agartala,2
Radha Raman Institute of Technology & Science,3
"Dr. D. Y. Patil Institute of Engineering Management and Research, Akurdi",3
Vishnu Sree Institute Of Technology,3
MVN University,3
st.john college of engineering and technolo,3
"Sri Jayachamarajendra College Of Engineering, Mysore",2
Modern Education Society's College Of Engineering,3
karpagam institute of technology ,3
Bangalore Institute of technology ,2
Sri Venkateshwara College Of Engineering  t,2
Sandeep Foundation,3
Rmk Engeneering college ,2
PSIT,3
Asansol Engineering college,3
"Visvesvaraya Technological University, Belagaavi",3
central michigan ,3
vignan's lara institute of science and techonology,3
Padmabhushan Vasantdada Patil Pratishthan's College of Engineering,3
Mahatma Gandhi Institute of Technology,2
OSGU,3
"NBN Sinhgad School Of Engineering, Pune",3
Anurag Engineering College,3
Netaji Subhas institute of technology,2
Teegala krishna reddy college of pharmacy,3
Bnmit,2
Visvesvaraya Technological University,3
GB Pant University of Agriculture and Technoliogy,2
"Av College of Arts,Science and Commerce",3
"K J Somaiya Institute of Engineering and Information Technology, Mumbai",2
B R Harne college of engineering and technology,3
"Marathawada Mitra Mandal's college of commerce, pune",3
Meenakshi Sundararajan Engineering College,3
"Sri Venkateshwara College Of Engineering,  sriperumbudur, Chennai, Tamil Nadu ",2
"Indian Institute of information Technology, Design and Manufacturing, Jabalpur",2
"Renaissance University, Indore",3
Institute of engineering and technology DAVV,3
Birla Vishwakrma Mahavidyala,3
KLE College of Business Administration,3
BMS college of engineering,2
Univeristy of Pune,2
NIT,2
Charusat ,3
"SRM University , Chennai",2
Jodhpur Institute of Engineering & Technology,3
Chaitanya Engineering College,3
Priyadarshini College Of Engineering And Technology ,3
Amity global business school,3
SDM College Of Engineering And Technology,2
University of Nigeria Nsukka ,2
Veer Narmad South Gujarat University,3
"Indian Institute of Information Technology, Sri City",2
University of Missouri-Kansas city,2
"AKTU, LUCKNOW",2
Sri Venkateswara University College of  Engineering,2
GH PATEL COLLEGE OF ENGINEERING ,3
Rustam Ji Institute of Technology,3
Sardar Vallabhbhai National Institute of Technology ,2
MES College of Engineering Kuttippuram,3
zakir husain college of engineering and technology,2
College of Biomedical Engineering and Applied Sciences,3
Pandit Deendayal Energy University,2
Jaypee University of Engineering and Technology,3
MIT COE ,2
bharath inst of science and tech,3
MET  Bh,3
Anna university ,2
Sri Jayachamarajendra College Of Engineering,2
abc school,3
SCMS School Of Technology and Management,3
Geethanjali College Of Engineering And Technology,3
"Nitte Mahalinga Adyanthaya Memorial Institute of Technology, Nitte",2
AMBALIKA INSTITUTE OF MANAGEMENT AND TECHNOLOGY,3
"BMS College Of Engineering, Bengaluru",2
nmims mpstme,2
"Dr. D.Y. Patil Institute of Engineering, Management and Research",3
"MES College Of Engineering,Pune",3
"andhra university college of engineering, Visakhapatnam",2
Bits edu campus,3
Vnr Vjiet,2
soochow university,2
Symbiosis College Of Arts And Commerce,2
P A Aziz College of Engineering and Technology,3
Instituto Politecnico Nacional,2
United Institute of Technology,3
Global College of Technology,3
Bharath institute of higher education,3
university of chittagong,3
School of Engineering and Technology ,3
UPTU,2
ABC college,3
Pad Dr D Y Patil Institute of Engineering Management and Research ,3
Smt MMK College Of Commerce And Economics,3
vishwakrma government engineering college,2
sona college of technology,3
Bipin Tripathi kumaun Institute of technology,3
Kalinga University,3
"Amrita School of Engineering, Bangalore",2
"St.johns college of enginnering,palghar",3
ITMO University,2
Vidya Vardhaka College Of Enginering,3
International Institute of Information Technology Naya Raipur,2
RGPV ,2
FLAME University,2
"College Of Engineering, Pune",2
chirala engineering college,3
rgit,3
IGDTUW,2
Dvr & Dr. Hs MIC College of Technology,3
"Bharti Vidyapeeth College of Engineering, Pune",3
SIDDHARTHA DEGREE AND PG COLLEGE,3
Cross River University Of Technology,3
Chennai Institute of Technology,3
"Indian Institute of information Technology Guwahati , Guwahati",2
St Xavier's College,2
dronacharya college of engineering,3
Nalanda Institute of engineering & technology,3
ssit,3
"Audisankara Institute of Technology, ASIT",3
APIIT SD INDIA,3
Marathwada mitramandal's college of engineering Pune,3
Techno International Newtown,3
Fr Conceicao Ro,3
st francis college for women,3
Aditya engineering college,3
kgce karjat,3
Aot,3
Sir C R Reddy College Of Engineering,3
"Maharashtra Institute Of Technology , Kothrud",2
D.G.Ruparel College ,3
sagarmatha Engineering college,3
Andra University ,2
Loyola,2
Nepal College of Information Technology,3
V R Siddhartha Engineering College,2
Clemson University,2
Dr. DY Patil Institute of Technology ,3
podar,3
"Sri Venkateswara College, University of Delhi",2
"university college of technology, OU",2
"K. K. WAGH COLLEGE OF ENGINEERING, NASHIK",3
Universal College Of Engineering And Technology ,3
University of Waterloo,1
Sarabhai Institute of Science and Technology,3
Anna university,2
"JSS Academy of Technical Education, Noida",3
jss college of pharmacy,3
"narayana engineering college,nellore",3
Indira Gandhi Delhi Technical University for Women,2
Mit,2
Symbiosis International University ,2
"St Joseph Engineering College, Mangalore",3
Model Engineering College,3
Gauhati university,3
Kamala institute of technology and science,3
Private ,3
Shri Guru Gobind Singhji Institute of Engineering and Technology ,2
L d college of engineering,2
International Institute of Information Technology,2
Saveetha School Of Engineering,3
Birla Institute Of Technology Mesra,2
Gsksjti,3
University of California Merced,2
G.H Raisoni College of Engineering,3
Prist University,3
Lucknow University,3
Mittal Institute of Technology,3
Nimra College of Engineering and Technology,3
Babu Banarasi Das National Institute of Technology & Management,3
giet college of engineering,3
"PGRRCDE, Osmania University ",3
SRM Institute of Science & Technology,2
KNS Institute Of Technology,3
University College of Engineering  ,3
P.A College of Engineering and Technology,3
Vignan's Institute of Engineering for Women,3
madan  mohan malaviya engineering college,2
Kalinga Institute Of Industrial Technology,2
sri chundi Ranganayakulu engineering college,3
MBM Engineering College,2
"Rajeev Gandhi Memorial College of Engineering and Technology,Nandyal",3
Jyoti Nivas College,3
GNDU,3
BVBCET,2
K.J.Somaiya Institute Of Engineering & Information Technology,3
Sinhgad Institute of Pharmacy,3
ksit,3
Indus institute of technology and engineering,3
California state university,2
PSR Engineering College ,3
"Holy Angles, Mogappari ",3
Mgm college of engineering and technolgy,3
Walchand Institute of Technology ,3
gudlavalleru Engineering College,3
University of Cape Coast,2
A.D.patel Institute Of Technology,3
"University of California, Irvine",1
jahnavi degree college,3
"National Institue of Technology , Durgapur",2
Gitam university ,2
"Institute of Engineering, Tribhuwan University",2
lady anusuiya singhania educational institution,3
Vivekananda Education society's Institute of Technology,3
Universidad Iberoamericana,2
DAVIET,3
MAHATMA GANDHI INSTITUTE OF TECHNOLOGY,3
ICFAI BUSINESS SCHOOL,2
University of Petroleum and Energy Studies,2
St.Xavier's Catholic College of Engineering,3
Duke,1
Walchand Institute Of Technology,3
"School of Engineering and Applied Science, Ahmedabad University",2
K C College Of Engineering,3
Royal Institute Of Technology And Science,3
RD NATIONAL COLLEGE ,3
cmr college of enginnering and,3
Fr CRCE,3
"velammal institute of technology, Thiruvallur",3
K.j. Somaiya Institute Of Engineering And Information Technology,3
Shri Ramdeobaba college of engineering and management.,3
"VASIREDDY VENKATADRI INSTITUTE OF TECHNOLOGY, Guntur",3
vr Siddhartha,3
"ICFAI university, hyderabd",2
institiute of aeronautical engineering,3
bharti vidyapeeth navi mumbai,3
Vemana Institute Of Technology,3
IIIT Bhubaneswar,2
"Dr. J. J. Magdum College Of Engineering, Jaysingpur",3
sarvajanik collage of engineering and technology,3
Narayana engineering college,3
"Navsahyadri Education Society's Group Of Institutions, Naigaon",3
"KJEI's Trinity Academy Of Engineering, Yewalewadi",3
Truba College of Engineering & Technology,3
andhra university college of engineering for women,2
United College of Engineering and Research,3
BNM INSTITUTE OF TECHNOLOGY,3
university of north carolina,2
Obafemi Awolowo University ,2
Nitte Mahalinga Adhyanthaya Memorial Institute of Technology,3
Guru Gobind Singh Indraprastha University,2
VIKAS COLLEGE OF ENGINEERING AND TECHNOLOGY,3
Sardar Patel Institute of Technology ,2
Dr.B.D.Jatti homeopathic medical College,3
international institute of information technology,2
visveswaraya tech univ,3
Mount Carmel college ,3
K.S.I.T,3
Kjsieit,2
west godavari institute of science and engineering,3
MS Ramaiah Institute Of Techniology,2
Mulund College Of Commerce,3
National Institute of Science and Technology,3
MIT academy of engineering,3
Arizona State University,2
Vasavi College Of Engineering ,2
siesgst,3
nss,3
"Don Bosco Institute of Technology, Bengaluru",3
HVPM,3
Thakur school of Architecture and planning ,3
Anurag Group Of Institutions,3
Dr.D.Y Patil College of Engineering,3
sankalchad patel college of engineering,3
Annasaheb Chhudaman Patil college of engineering,3
Guru Gobind Singh Indraprastha University ,2
SVECW,3
Rajasthan technical university,3
LBS INSTITUTE OF TECHNOLOGY FOR WOMEN,3
California State University,2
galgotias ,3
JNTU KAKINADA UNIVERSITY,3
 S R Autonomous University,3
Drexel University,2
Model engineering college,2
"VASIREDDY VENKATADRI INSTITUTE OF TECHNOL, Guntur ",3
Narsaraopeta Institute of technology ,3
institute of engineering and management,3
Hasmukh goswami college of engineering,3
vitam engineering college,3
RKDF College of Engineering,3
Vfstr,3
B.M.S Institute Of Technology & Management,3
Karpaga Vinayaga Institute of Medical Sciences and Research Centre,3
"SCMS School Of Engineering and Technology,Karukutty, Ernakulam",3
KIIT College of Engineering ,2
"IIIT,Kota",2
college of technology pantnagar,2
"KJ Somaiya College Of Engineering, Vidyavihar",2
KUCET,2
Seshadripuram Composite PU College,3
"Jawaharlal Nehru National College of Engineering,shimoga,karnataka",3
PARALA MAHARAJA ENGINEERING COLLEGE ,2
"Sinhgad college of Pharmacy, Vadgaon",3
malla reddy institute of dental sciences ,3
"Vidyalankar Institute Of Technology , Wadala",3
Pondicherry Engineering College,2
vishwatmak om gurudev college of  engineering,3
siddaganga Institute of Technology,2
auroras degree and pg college ,3
Punjabi University,2
"Narsee Monjee Institute of Management Studies, ASMSOC, Mumbai",2
Vidya Jyothi Institute Of Technology,3
KL International School,3
Vastukala Academy School of Architecture,3
D N Patel clg of engg shahada dist nandurbar,3
Shri Atal Bihari Vajpayee Govt Arts and Commerce College,3
"malla reddy institute of pharmacuetical sciences, Hyderabad",3
NMIT ,2
Don Bosco College Of engineering ,3
"NMIMS Mukesh Patel School of Technology and Management, Vile Parle",2
MMCOE,3
St Francis Institute Of Technology,3
silicon institute of technology,3
Mallareddy Engineering college ,3
"S.R.M University, Kattankulathur, Chennai -603203, Kancheepuram-Dt. ",2
Madhuben and Bhanubhai Institute of Communication And Technology,3
Ragiv Gandhi institute of technology,3
"V. V. P.Engineering college,Rajkot",3
University ,3
Budge Budge Institute Of Technology,3
LTCOE,3
"amrutvahini college of engineering,sangamner",3
The Heritage Academy ,3
"gangadhar meher university, sambalpur",2
SPIT,2
N.D.M.V.PSamaj college of engineering nashik,3
GAYATRI VIDYA PARISHAD COLLEGE OF ENGINEERING  ),2
National Institute of Design ,1
Dr. Jivraj Mehta Institute of Technology,3
The Chinese University of Hong Kong ,1
L. D. College of Engineering ,2
FATHER AGNEL INSTITUTE OF TECHNOLOGY,3
shah and anchor kutchhi college of engineering,3
University of Pune,2
TUM,1
National Institute Of Technology  puducherry,2
Kwame Nkrumah University of Science and Technology,2
MVSR ENGINEERING COLLEGE,3
College of Engineering,3
"IFHE, ICFAI",3
"government engineering college, gandhinagar",3
east west institute of technology,3
"Dr. D. Y. Patil School of Engineering Academy, Pune",3
Kasturba Gandhi Degree & PG college for Women,3
Sandip Institute Of Engineering And Management ,3
Malla Reddy college of Engineering and Technology ,3
shree swami atmanand saraswati institute of technology,3
Pune Institute of Computer Technology,2
Manmohan Memorial Institute Of Health Science and,3
Vivekanand education societys college of pharmacy,3
Anurag group of Institutions,3
Holy Mary Institute Of Technolgy And Science,3
"SMK Fomra Institute of Technology, Kelambakkam, OMR",3
Malaviya National Institute of Technology Jaipur,2
St. John College of Engineering and Technology,3
KIT College of Eng,3
Andhra Loyola Institute Of Engineering And Technology,3
"University College of Engineering,Kariavattom",3
Adelphi University,2
Vimal Jyoti college of engineering,3
Nirma University,2
Karmaveer kakasaheb wagh college of engineering,3
World College of Technology and Management,3
Mehran university of engineering and technology ,2
The University of Southern Mississippi,2
Shadan College Of Pharmacy,3
Dr.ThimThimmaiah institute of technology,3
"D.Y. Patil COP, Akurdi",3
"Sri Indu Institute Of Technology And Engineering , Hyderabad",3
Jai Radha Raman,3
ssvps bapusheb shivajirao deore coe,3
Mahakal Institute of Technology,3
R L jalappa institute of technology,3
SASTRA UNIVERSITY,2
Vidhyalankar School of Information Technology ,3
Lal Bahadhur Shastri College of Engineering Kasaragod,3
National Institute of Engineering,2
University of neveda,2
PSG College of Arts & Science ,2
SFIT,3
sitams,3
NMAM Institute Of Techonology,2
RKDF university,3
ICLES M.J College,3
AKG,3
Mansarover Institute of Science & Technilogy,3
MS University,2
devineni venkata ramana and dr.himashekhar mic college of technology,3
Fordham University,2
St Xaviers College,2
Manav Rachna College of engineering,2
"Indian Institute of Engineering Science and Technology, Shibpur",2
GITAM SCHOOL,2
SJC INSTITUTE OF TECHNOLOGY,3
K. C. College of Engineering,3
njit,2
Masterji Degree College,3
Jaipur Engineering College,3
Indian institute of technology Gandhinagar ,1
"Colleg of Technology, G.B.P.U.A.T",2
Institute of Design Environment and architecture,3
St Francis Institute Of Technology ,3
Cambridge Institute Of Technology,3
University Of Kashmir,3
"Dwarkadas J. Sanghvi College of Engineering, Mumbai",2
Gujarat University ,3
R. V. College,2
Government polytechnic miraj,3
Vidyajyothi institute of technology,3
"Institute of Engineering and Management, Kolkata",2
LDRP Institute of Technology and Research,3
"Panimalar Engineering College, Chennai",2
"University of Ghana, Legon",2
"SES Group Of Institutions Faculty Of Engineering, Diksal",3
Pandit Deendayal Petroleum University ,2
Dr. Sudhir Chandra Sur Institute of Technology,3
Lakireddy Balireddy college of engineering,3
Anand Institute of Higher Technology,3
KS Institute Of Technology,3
Manipal University Jaipur,2
dharamsingh desai university,2
Jordan University of Science & Technology,2
Vignans Nirula Institute of Technology and Science for Women,3
"Sanjivani college of engineering, Kopargaon",3
"PEC University of Technology, Chandigarh",2
"Faculty of Science, The Maharaja Sayajirao University, Vadodara",2
Indian Institute of Technology Guwahati,1
GITAM Univeristy,2
S.B.Jain Institute Of technology,3
R.A.I.T,2
Shri Shankaracharya College of Engineering and Technology,3
Vivekanand Education Society Institute of Technology,3
Nnamdi Azikiwe university,2
Echelon Institute of Technology,3
CSU fullerton,2
"CMRIT, Bangalore",2
Gurukula Kangri Vishwavidyalaya,3
st martins engg ,3
"Government Engineering College, Gandhinagar",2
"Bharati Vidyapeeth's College Of Engineering, Pune",2
LNMIIT,2
Sree Dattha Institute Of Engineering And Science,3
RADHA GOVIND ENGINEERING COLLEGE,3
anjuman college of engineering nagpur,3
pad dr dy patil college,2
Ujjain Engineering College,2
"Rajiv Gandhi College of Art, Commerce and Science",3
PARUL INSTITUTE OF ENGINEERING AND TECHNOLOGY,2
Dr. Ambedkar Institute Of Technology,2
Jawaharlal Nehru Technological University Kakinadaa,2
Sinhagad Institute Of management pune,3
"DATTA MEGHE COLLEGE OF ENGINEERING,NAVI MUMBAI",3
nagpur,3
PVG College Of Engineering And Technology,2
vignan University,2
STES SKNCOE,2
ldrp,2
G.H.Raisoni college of engineering ,2
bbdit,3
University of London,1
"Manipal School of Architecture and Planning, MAHE University",2
babaria,3
vishnu institite of pharmaceutival education and research,3
"Institute of Engineering and Technology , Lucknow",2
Ramnarian Ruia college,2
NORTHERN INDIA ENGINEERING COLLEGE,3
"Meerut Institute of Engineering and Technology, Meerut ",3
Sit Tum,2
IIIT Allahabad,2
mcm DAV college for women,3
MIT ,1
"university college of chemical technology, ip university, New Delhi",2
Shanghai Lixin University,3
d y patil college of engineering and technology,2
"Ahmedabad University, Ahmedabad",2
Dharamsinh Desai Institute of Technology,2
NED University of Engineering and Technology,2
kwame nkrumah university of science and technology,2
nortcap,2
Uttaranchal Institute of  Technology,3
Kazakh national medical University ,2
Sanketika engineering college,3
asia Pacific institute of information technology,2
Priyadarshini Institute Of technlogy,3
G.narayanamma institute of enginerring,3
K S Institute of Technology,3
elphinstone college,3
"Institute of technology and management universe,vadodara",3
trident academy of technology,3
gec ,3
North Eastern University,2
St.martin's engineering college ,3
H.R. College of Commerce and Economics,3
SRMS College of Engineering,3
anand engineering college,3
College Of Engineering,3
gurunanak college of pharmacy,3
"saraswati college of engineering, kharghar",3
BSAITM,3
Pmb Gujrati College,3
University of Madras,2
"St. Ann's high school , tarnaka ",3
"Atmiya Institute of Technology and Science, Rajkot",3
"padmabhooshan vasantdada patil institute of technology ,pune",3
Rishi Degree College,3
SR University,3
Woxsen University,3
National Institute Of Technology ,2
Hosei University,2
" ZEAL COLLEGE OF ENGINEERING AND RESEARCH, NHARE, PUNE",3
VR. Siddharth engineering College,3
NC College of Engineering,3
"Madras Institute of Technology , Chromepet",2
Vardhamam College Of Eng,3
ponnaiyah ramajayam institute of science and technology,3
Vidya College of Engineering Meerut,3
IIIT Naya Raipur,2
KLS Gogte Institute of Technology Belgaum ,3
vishwa bharathi college of pharmaceutical sciences,3
Vel Tech Rangarajan Dr.Sagunthala R&D Institute of Science and Technology,3
IIST indore,3
"sjce,mysore",3
School Of Architecture Ips Academy,3
St.John College Of Engineering and Management,3
V.R. SIDDHARTHA ENGINEERING COLLEGE,3
vidyaverdhini college of engineering technology ,3
gandhinagar institute of technology,3
Jyothishmathi Institute of Technology and Science,3
Burdwan Medical College and Hospital,2
A.C.patil,3
"institute of management studies, DAVV",2
Dadi Institute Of Engineering And Technology,3
Kamalnain bajaj Institute of technology,3
adi shankara,3
Methodist college of engineering and technology ,3
dayananda sagar college of engineering,2
"bharat college of engineering, badlapur",3
Sri Gayathri Junior College,3
Pimpri Chinchwad College Of Engineering,2
all india institute of speech and hearing,3
Aims bangalore,3
D Y Patil School Of Biotechnology And Bioinformatics,3
Beihang University,1
"UIET,  KURUKSHETRA UNIVERSITY ",2
Galgotias College Of Engineering and Technology ,3
mamata dental college,3
Inderprastha Engineering College,3
"Shahjalal University of Science and Technology, Sylhet",2
Bhavans College of Science,3
Affiliated to JNTUK,3
"Institute of Engineering & Science, IPS Academy",3
"Maharaja Agrasen Institute of Technology, GGSIPU",2
"Terna Engineering College, Nerul",2
"KIET Group of Institutions, Ghaziabad",3
RMDSSOE,3
G. Narayanamma Institute of Technology and Science,2
Acropolis Institute of Technology and Research ,3
Poornima College of Engineering,3
L.D.R.P-ITR,3
MVSR,2
G.pulla reddy engineering college,2
B. N. Bandodkar College,3
PVP College of Architecture,3
sarvajanik college of physiotherapy ,3
The Ohio State University,1
PES University,2
Msrit,2
Spp Sptm Svkm's Nmims,2
jiit noida,2
dhanalakshmi college of engineering,3
pravra rural engineering college loni,3
Hindustan Inst. of Tech. Sc. ,2
Ajeenkya DY Patil University,3
Bharat Institute Of Technology,3
"Indraprastha Institute of Information Technology, Delhi",1
imperial college of engineering and research,3
"St. Vincent Pallotti College of Engg. and Tech., Nagpur",3
NRI Institute of Technology & Management,3
American International University Bangladesh ,2
KSSEM,3
Shri Ram Murti Smarak College Of Engineering And Technology,3
Amrita School of Engineering Coimbatore,2
"Vishwakarma Institute of Technology, Pune",2
VSM Aerospace Institute of Technology,3
KES Shroff of Commerce and Arts,3
"St Martins Engineering College, Hyderabad",3
Ansal University,3
SNPIT ,3
West bengal university of technology,3
NDMVP KBT College of Engineering,3
"Vishnu institute of technology,bhimavaram",3
East Point College Of Engineering And Technology,3
Capital university of science and technology ,3
St. Gonsalo Garcia College,3
Pvg college of engineering and technology nashik,3
Military Institute of Science And Technology,2
Sri Shakthi Institute of Engineering & Technology,3
"Chebrolu Hanumaiah Institute of Pharmaceutical Sciences

",3
Govt. women engineering college ,3
"indian institute of information technology , guwahati",2
Regent Education and Research Foundation,3
DJSCE,2
Shree Ramdeobaba College of Engineering and Management,2
institute of electronics and telecommunication engineers,3
Bv Raju Institute of technology,2
Mallareddy institute of engineering and technology,3
Sahyadri College Of Engineering & Management,3
Vivekanand Education Institute Of Technology,2
"Amity School of Engineering and Technology , Noida",2
RA Podar College of Commerce & Economics,2
Deenbandhu Chhotu ram university of science and technology,3
"St.Xavier's College, Autonomous",2
"Cummins College of Engineering, Nagpur ",2
karmaveer bhaurao patil,3
chandigarh engineering college,3
maturi venkata subba rao engineering college,2
sarvajanik college of engineering,2
"Rajiv Gandhi university of Knowledge Technologies-Nuzvid, Nuzvid",2
chalapathi institute of engineering and technology,3
somaiya,2
St.Joseph's Institute Of Technology,3
JNTUH College of Engineering Jagitial,2
Noida institute of engineering and technology,3
santhiram engineering college,3
"Alamuri Ratnamala Institute Of Engineering And Technology , Shahapur",3
B. S. Abdur Rahman University,2
"K.L.E Dr. M.S,SHESHGIRI COLLEGE OF ENGINEERING AND TEHNOLOGY UDYAMBAG BELGAUM-590 008",2
"rungta engineering college, raipur",3
N.B.K.R institute of science and technology,3
"Tagore Engineering College , Vandalur",3
Vemu institute of technology ,3
Priyadarshini Institute Of Science And Technology,3
William Carey University ,3
bonam venkatachalamaiah institute of technology and sciences,3
CTES College of Architecture ,3
N K Orchid College of Engineering and Techology,3
Indian School Of Mines,1
"Pillai Institute of Information Technology, New Panvel",3
cbit,3
"Jis college of engineering, Kalyani",3
NIE,3
Prahladrai dalmia lions college,3
"SRM
",2
MIT COE,2
College of Engineering and Technology,3
"Institute of technology and management, gurgaon",3
"Faculty Of Technology And Engineering, The Maharaja Sayajirao University Of Baroda ",2
RK.University ,3
"Prof Ram Meghe College Of Engineering and Management, Badnera, Amravati ",3
Kautilya Institute of Technology & Engineering and School of Management,3
A. C. Patil College of Engineering,3
LNCT,3
IPS College of Technology & Management,3
"National Institute of Technology, T...",2
BVRITN,3
G.H.Raisoni Institute of Engineering and Technology,3
Shree L R Tiwari College Of Engineering,3
Brilliant Institute Of Engineering And Technology,3
SJCE,3
M.G science ,3
"IIITDM, Kurnool",2
Cornell university ,1
sir c r r college of engineering,3
"Government Engineering College, Bharuch",3
"SRR Engineering College, Khammam",3
Local college,3
mother teresa college of pharmacy,3
CITC ,3
vidya vardhaka college of engineering,3
Dayananda Sagar,3
Kharkiv National University of Radio and Electronics,2
south indian education society,3
"D. Y. Patil College of Engineering, Akurdi",3
south east asian collage of engeneering,3
himalayan university,3
Gcet,3
"Madras Institute of Technology , Anna University",2
"Rajiv Gandhi Institute Of Technology , Versova, Mumbai",3
Vignans Institute Of Management And Technology For Women,3
SAL Engineering and Technical Institute,3
Ghanshyamdas saraf college,3
National Cheng Kung University,2
Government College Of Engineering Patan,3
"ISB&M School Of Technology, Nande Village",3
MAIT,3
"Mahindra École Centrale, Hyderabad",2
LDCE Ahemdabad,2
"MLR Institute Of Technology, Hyderabad",3
Rayat institute of engineering and information technology ,3
"Sardar Patel Institute Of Technology , Andheri",2
K.P.B hinduja college,3
Jawaharlal Nehru Technological University,2
KDKCE,3
sinhgad institute of technology ,3
Amity Institute of Biotechnology,2
Bharati Vidyapeeth's College of Engineering,2
Rajiv Gandhi University Of Knowledge And Technologies-Ongole,2
"National Institute of Fashion Technology, New Delhi",2
Georgia Institute of technology ,1
Rajiv Gandhi college of engineering and research ,3
Mithila public school ,3
Narsee Monji Institute of Management Studies,2
KVSR Siddhartha College of Pharmaceutical Sciences,3
Guru Nanak Dev Engineering College,2
HKBK College of Engineering,3
"VIVEKANAND INSTITUTE OF TECHNOLOGY, CHEMBUR",3
University Institute of Engineering and Technology,2
"College of Engineering,Trivandrum",2
"Mahatma Gandhi Missions College of Engineering and Technology, Noida",3
Easwari engineering College,3
"MIT Art, Design and Technology University",3
Smt Manorama Bai Mundle College Of architecture,3
Kumaon Engineering College Dwarahat,2
"College of Engineering, Guindy, Anna University",2
S.A. Engineering College,3
PESIT South Campus,2
Tilak Maharashtra University,3
MJCET,2
"narsee monjee institute of technology management and engineering, vile parle, mumbai",2
Notre Dame University,1
K.L.University,2
"IIIT, Delhi",1
CMR Technical Campus,3
PDM College of Engineering,3
national institute of food technology entrepreneurship and management,2
vishwa vishwani Institute of Systems and management ,3
"vignan institute of technology and science
",3
CMR COLLEGE OF ENGINEERING AND TECHNOLOGY,3
Vignana Bharthi institute of technology,3
navrachana university,3
Brilliant Grammar School Educational Societys Group Of Institutions,3
SSM college of engineering,3
keshav memorial institute of technology,2
Don Bosco Institute Of Technology,3
Jaipur National University,3
Central university of jharkhand,3
KPR Institute of Engineering and Technology,3
K J Somaiya College Of Engineering,2
B.M.S College of Engineering,2
Army Institute of Technology,3
G.L. Bajaj Institute Of Technology And Management,3
Mumbai University,2
Bombay College Of Pharmacy,2
Tirumala Engineering College,3
Vikrama Simhapuri University,3
FISAT,3
JB INSTITUTE OF ENGINERING AND TECHNOLOGY,3
Sri Venkateswara College of Engineering ,3
Bharat institute of engineering and technology,3
IIT Roorkee,1
College of Engineering Tr,3
"Bharti Vidyapeeth College of Engineering for Women, Pune",3
BKPS college of Architecture,2
osmania university,2
Parul University,3
carnegie mellon University,1
K J Somaiya ,2
Global Institute of Management & Technology,3
"Central Institute of Plastic Engineering & Technology , Guindy",2
M V G R COLLEGE OF ENGINEERING,3
"SIES College of Arts, Science, and Commerce",2
SKN Sinhgad Institute Of Technology ,3
Chandigarh College of Engineering and Technology,3
SRM chennai,2
"KJ Somaiya Institute Of Engineering And Information Technology, Sion",2
Iupui,2
Dr. Baliram Hiray College Of Architecture ,3
Rukmadevi Pannalal Laddha Maheshwari College,3
ABC,3
pillais college of engineering navi mumbai,3
G H Raisoni Academy of Engineering and Technology,3
RMD Engineering College,3
National Institute of Technology Rourkela,2
"University of California, San Diego",1
"institute of technology and management, gwalior",3
Shree L.R.Tiwari College,3
sree chitra,2
NIFTEM,2
Sinhgad Institute of Management,3
Amrita Vishwa Vidyapeetham,2
Dr Lankapalli Bullayya college of engineering for women,3
Gokaraju Rangaraju College Of Pharmacy,3
Oman Medical College,3
Islamic University of Science ,3
prasad v potluri siddharth,3
lords college of engg and tech,3
PDPM Indian Insititute of Information Technology Design and Manufacturing,2
University of Edinburgh,1
IIPS,3
FUN College of Engineering,3
"Institute of Engineering and Technology, DAVV",2
Gitam institute of science ,2
K.K.Wagh college of engineering education and Research,3
KLE Technological University,2
"Shivajirao S. Jondhale College Of Engineering, Dombivali",3
MIT Aurangabad,3
ACEM,3
Patel College of Science & Technology,3
Babulal Tarabai Research & Technology,3
MIT-ADT UNIVERSITY,2
Sri Devi Women Engineering College,3
A.M.reddy memorial college of engineering and technology,3
IIT Goa,1
"Government College of Engineering, Aurangabad",2
"Indira Gandhi Institute of Technology,GGSIPU",2
KIIT,2
RGUKT RK Valley,2
"Ideal Institute Of Technology, Wada",3
RV College Of Engineering,2
Gvp College Of Engineering,2
Ln G V Rao Modern degree college,3
Sri Rajiv Gandhi College of dental sciences and hospitals,3
Dr J J Magdum college of engineering ,3
"College of Engineering Trivandrum, Thiruvananthapuram",2
MGM dental college,3
Bharati Vidyapeeth Deemed University College of Engineering,2
University of Louisville ,2
"Smt. Kashibai Navale College Of Engineering, Vadgaon",3
"BIRLA INSTITUTE OF TECHNOLOGY AND SCIENCE, PILANI ",1
Pacific school of engineering,3
"University Of Engineering And Management , Kolkata",3
German University in Cairo,2
PES Insitute Of Technology And Mgmt.,3
"school of commerce, Davv",2
Northwestern Polytechnic University,3
svs institute of dental sciences,3
college of engineering pandharpur ,3
Sri Manakula Vinayagar Engineering college,3
ITM University Gurgaon,2
BLDEAs PG Halakatti College Of Engineering,3
MS Ramaiah Institute of technology ,2
"Rajarajeshwari college of engineering ,Bangalore",3
"Jawaharlal Nehru technological University, Anantapur",2
TIT College,3
MITSOM College,3
"Vidya Pratishthan's College Of Engineering, Baramati",3
National Institute of technology Delhi,2
"National Institute of Technology, Rourkela",2
"College of Engineering, Pune",2
..,3
I.T.S Engineering College,3
"Institute of management studies ,davv ,indore,india",3
CVR College Of Engineering,3
Ethames degree college,3
"smt kashibai navale college of engineering, pune  ",3
Kerala University of health sciences,3
Hemwati Nandan Bahuguna Garhwal University,3
Cks TEJA COLLE,3
"BPIT,rohini",3
"trinity college of engineering and research, pune",3
PK Technical Campus,3
BANGALORE INSTITUTE OF TECHNOLOGY,2
"Bangladesh University of Engineering and Technology, Dhaka",2
Auroras Scientific Technological And Research Academy,3
Sree Chitra thirunal college ,3
Indian institute of technology madras,1
Vignan University,3
"national institute of technology,Goa",2
"Sri Venkateswara Institute of Technology , Anantapur ",3
Malwa Institute of Technology,3
Bharati Vidyapeeth deemed University College of Engineering,2
IIT Madras,1
BTL Institute Of Technology,3
K S Rangasamy college of Technology,3
Nimra Institute of Science and Technology,3
Bir Sreshtha Munshi Abdur Rouf College,3
Sumandeep vidhyapeeth deemed University ,3
Nashik District Maratha Vidya Prasarak  Samaj's Karmaveer Baburao Ganpatrao Thakare,3
l j,3
Geetanjali college of engineering and technology ,3
sirt,3
"PVPIT,PUNE",3
IBS ,3
"College of Agriculture, Nagpur",3
Shreeyash College Of Engineering &Technology,3
Kits warangal,2
Confidential,3
ccoew,3
"Sri Venketeswara College of Engineering, Chennai",3
Anant National University,3
Vignans institute of information technology,3
vit university,2
University of Kalyani,3
"government engineering college, valsad",3
Government Engineering College Aurangabad,3
"Maharashtra university of health sciences, Nashik  ",3
"government engineering college,thrissur",2
Maharana Pratap University of Agriculture and Technology,3
Shahjalal University of Science & Technology,2
Tkm Institute Of Technology,3
St Ann’s college of Engineering & Technology ,3
B V Raju Institute of Technology,2
"Ramrao Adik Institute of Technology , Nerul",3
IIT Dharwad,1
asd,3
IISER Thiruvananthapuram,1
Manakula vinayagar institute of technology,3
v r siddhartha,2
G L Bajaj Institute of Technology and Management,3
JNTUK UCEV,2
RV College Of Architecture,2
SIRT Bhopal,3
K. J. Somaiya Institute of Engineering,3
A.p.shah institue of technology,3
Joginpally B.R Engineering College ,3
Vivekanand Education Society's Institute of Technology,2
Government Engineering College,3
Vivekananda College Of Engineering And Technology,3
Northwest Missouri State University,3
"University institute of engineering and technology, panjab University",2
University Visveswaraya College of Engineering,2
KLN,3
Pvp Siddhartha Institute Of Technology,2
East West University,3
St Mary's Presentation Convent School,3
AMU Engineering,2
Guru Nanak Institute of Technology ,3
Engineering College Bikaner  ,2
st john college of engineering and technology,3
"SGSITS, Indore",2
RCOEM,2
Amrit Science Campus,3
P.V.K.K. Institute of Technology,3
Sanjay Ghodawat Insitutte,3
"K.J. Somaiya College of Engineering, Vidyavihar",2
Maharishi Arvind College of Engineering & Technology,3
Prof Ram Meghe institute of technology and research,3
pillai college of engg,3
visakha institute of engineering and technology ,3
Priyadarshini College of Engineering,3
sikkim manipal university,3
nizam college basheerbagh,2
Indian Institute of Information Technology Trichy,2
Rungta College of engineering and technology,3
Chilkur Balaji Institute Of Technology,3
marwadi education foundation,3
Vignan,3
mohandas college of engineering and technology,3
"M.V.P's K.B.T. College of Engineering, Nashik",3
VNR Vignana Jyothi Institute Of Engg. And Technology,3
Sushila Devi Bansal College of Technology,3
AHMEDABAD Institute of medical sciences,3
Westin College Of Business Management ,3
Sir CR Reddy College for women ,3
Gokaraju Lailavathi Womens Engineering College,3
Gujrat University ,3
"Shah and Anchor kutchhi college of engineering, Mumbai",3
Joginpally BR Engineering College,3
Dr Bhanuben Nanavati College ofArchitecture,3
indraprastha university,2
Federal University of Technology Owerri,2
.....,3
mahindra ecole centrale,2
New York Institute of Technology,2
Girijananda chowdhury institute of management and technology ,3
Gogte Institute of Technology,3
"Late G. n. Sapkal college of engg, Nashik",3
"karmaveer bhaurao college of engg,satara",3
"Lokmanya Tilak College Of Engineering, Koparkhairane",3
Sinhgad academy of engineering,3
Dr.Mahalingam College of Engineering and Technology,3
Vartak college,3
G.V. Acharya Institute Of Engineering ,3
"Bharati Vidyapeeth College Of Engineering,PUNE",3
Dr.NTR University Of Health Sciences,3
"Birla Vishvakarma Mahavidyalaya Engineering College, Anand, Anand",2
Dhanalakshmi College Of Engineering ,3
Shridevi Institute Of Engineering And Technology,3
"Sri Taralabalu Jagadguru Institute of Technology , Ranebennur",3
PVPIT,3
Shree Ramkrishna Institute,3
"Government College Of Engineering, Avasari",3
Vidya vikas institute of engineering and technology,3
saveetha engineering college,3
Kishinchand Chellaram College,3
GANDHINAGAR INSTITUTE OF TECHNOLOGY,3
"R. H. Sapat, Nashik",3
Singapore Management University,1
MEASI academy of architecture,3
"IEM, Kolkata",2
TRR Engineering College,3
institute of technology nirma university,2
"GESCOE,Nashik",3
jntuh ceh,2
"ZHCET, AMU",2
National Institute Of Engineering,2
K.Ramakrishnan College of Technology ,3
government engineering college surat,2
IIIT kottayam,2
mgm college of engineering kamothe,3
 Gandhi Institute Of Technology and Management,2
Christ University ,2
Vidhyavardhinis College Of Engineering And Technology ,3
University of Minnesota ,2
Careers point,3
"St. Xavier's College, Ahmedabad",2
Baruch College,2
"Indian Institute of Technology, Bhubaneshwar , Bhubaneshwar",1
Madan Mohan Malaviya University of Technology,2
"Maharaja Institute Of Tech, Mysore",3
BIT Institute of Technology,2
siddartha institute of science and technology,3
Purbanchal University,3
vir narmad south gujarat university,2
institute of engineering nepal,2
malla reddy institute of management ,3
sri sai ram institute of technology,3
klef,2
Chhotubhai Gopalbhai Patel Institute of Technology Gopalbhai Patel Institute of Technology,3
"Sreyas Institute Of Engineering Technology, Hyderabad",3
IPEC GHAZIABAD,3
MVJCE,3
Maharishi Markandeshwar University,2
SRMCEM,3
"Prof Ram Meghe College Of Engineering And Management, Amravati",3
SRM IST,2
Medicaps Institute of Technology and Management,3
JNTU Kakinada,2
Silveroak College Of Engineering And Technology,3
"Dr. Annasaheb Shinde College of Agricultural Engineering and Technology,MPKV,Rahuri",2
Dr.B.N.college Of Architecture,3
saint louis University,2
SRR Engineering College,3
Choithram International,3
Maamallan Institute Of Technology,3
sjbit,3
University of Mumbai ,2
Chhotubhai Gopalbhai Patel Institute of Technology,3
MEFGI,3
"Rajeev Gandhi College of engineering and technology,Nandyal",3
RISE Krishna Sai Gandhi Group Of Instutions,3
University of Nebraksa,2
Banaras Hindu University,1
st anns college hyderabad,3
"D.Y.Patil College of Engineering, Akurdi, Pune",2
pragathi college of engineering,3
"Vel Tech University , Avadi",3
Swami Vivekanand College of Engineering,3
SV degree college ,3
Vivekanad education society institute of technology ,3
Vivekananda institue of science and  technology,3
LBCE,3
Major S.D Singh Medical College And Hospital,3
Hirasugar Institute Of Technology,3
"Mody University of Science and Technology, Lakshmangarh",3
vaagdevi institute of technolgy and sciences,3
gujarat,3
Sri Chaitanya Degree College,3
visvesvaraya technological university,2
Saanvi Degree College for women,3
"G.H.Raisoni College of Engineering,Nagpur",3
"G.pullareddy engineering college,kurnool",3
Scient Institute Of Technology,3
sri Venkateswara institute of technology ,3
SRM University,2
Nagpur University,3
Brac University,3
"Nagindas Khandwala College, Malad",3
indian institute of technology - Banaras Hindu University,1
International institute of professional studies,3
UTA Arlington ,2
Sinhgad College of Architecture,3
CMR Technical Campus ,3
Asian Institute of Technology,2
Aissms College of Pharmacy ,3
Himalaya College of engineering ,3
K L University,2
Srm ap,3
Brihan Maharashtra College of Commerce,3
Osmania Medical College,2
"ITM UNIVERSE ,VADODARA,GUJARAT",3
BITS Pilani,1
R.M.K Engineering college,3
"SJB Institute Of Technology, Bengaluru",3
NIT Jalandhar,2
Indian Institute of information Technology Guwahati,2
Ajmer Institute of Technology,3
New ljiet,3
University College of engineering Kanchipuram ,3
Punjab,3
st josephs college of arts and science,3
institute of pharmaceutical education and research,3
RGIT ,3
B.S.Abdur rahman university,3
University of Ibadan,2
St John College Of Engineering And Technology,3
National University of Sciences and Technology,2
Hindustan College of Science and Technology,3
"Padmabhooshan vasantdada patil institute of technology, bu",3
YDIT,3
Mody University of Science and Technology,3
Kalasalingam Academy of Research and Education,3
California State University Fullerton,2
Govt engineering college trivandrum,2
Vishwakarma institute of information technology pune,2
GEHU,3
"Sree Chitra Thirunal College Of Engineering, Thiruvananthapuram",2
RK University,3
Rajeev Gandhi Proudyogiki Mahavidylaya,3
"Govt Rajiv Gandhi Institute Of Technology , Versova, Mumbai",2
Jntuh,2
Jntuk Ucev,2
G.Pullareddy engineering college,3
Sri Muthukumaran Institute Of Technology,3
Sri Jagadguru Chandrashekaranatha Swamiji Institute of Technology,3
sakec,2
Swami Vivekananda Institute Of Technology,3
A C Patil College of Engg,3
iiser pune,1
Government Dental College and Institute,2
Balaji Institute Of Engineering And Sciences,3
Punjab Technical University,2
spoorthi degree college ,3
"K J SOmaiya College of Arts and Commerce, VIdyavihar, Mumbai",2
hindu college of pharmacy,3
"Sanjay ghodawat institutes,atigre",3
st aloysious college,2
IIT Kanpur,1
Bharati Vidyapeeth Medical College,2
Vishwakarma Government Engineering College,2
Dr.Bhanuben Nanavati College of Pharmacy,3
Oregon State University,2
SRM Valliammai Engineering College,3
BUET,1
Laxminarayan Institute of Technology ,2
Ramrao Adik Institute of Technology,2
Valliammai Engineering College,3
sindhi college,3
Scsvmv University,3
"SRM University,  AP,  Amaravati",2
"BMS Institute Of Technology, Bengaluru",2
"Federal University of Technology, Akure",2
U. V. PATEL COLLEGE OF ENGINEERING,3
U.V.Patel College Of Engineering,3
Lewis University,2
Savitribai Phule Polytechnic,3
padre conceicao college of engineering,3
"gayathri vidya parishad, Visakhapatnam",3
Atria University ,3
Bhojreddy engineering college for women,3
Panjab University,2
Deenbandhu Chottu Ram University of Science and Technology,3
PESIT,2
SJBIT,3
st andrews college,3
American University of Nigeria,3
Cmrcet ,3
"Government Engineering College, Modasa",3
gist,3
st johns college  palghar,3
University of Essex,2
National Insistute of fashion Technology,2
"Government city college, Nayapul",3
university of texas,2
Rajiv gandhi  institute of dental college and hospital,3
Kakatiya Institute Of Technology And Science For Women,3
M.H SABOO SIDDIK COLLEGE OF ENGINEERING ,3
jims kalkaji,3
"MPSTME, NMIMS University, Mumbai",2
"N.Y.S.S Datta meghe college of engineering, Navi Mumbai",3
Gitam,2
Vignan Institute Of Technology And Science,3
Tezpur university,2
MESCOE,3
NIT Patna,2
sastra university,2
"Indian Institute of Information Technology, Sricity",2
"Sinhgad Institute Of Technology And Science, Narhe",3
IIT  Dhanbad,1
"California State University, Northridge",3
"St. Andrew's College of Arts, Science and Commerce",3
"Indian Institute of Science Education and Research (IISER), Pune ",1
California State University Northridge ,3
SKNCOE,3
UIC,2
St.Xavier's catholic college of engineering ,3
A. D. Patel Institute of Technology,3
"School of Engineering and Technology, Jain University",3
"Vr Siddhartha Engg College, Vijayawada",3
Agni College Of Technology,3
IITM,1
Army Institute Of Technology,3
Shri Guru Gobind Singhji Institute of Engineering ,3
"Institute of Chemical Technology  , Matunga, Mumbai",1
bojjam narsimhulu college of pharmacy for women,3
vishveshwarya institute of engineering and technology,3
NIT Sikkim,2
RVR&JCCE,3
Balochitan University of Information Technology Engineering and Management Sciences,3
NITMAS,3
Siva Sivani degree college,3
"Sri Chaitanya, hyderabad",3
kec,3
"centurion university of technology and management, andhra pradesh, vizianagaram ",3
Vishwakarma Institute Of Technology,3
Dhruva Institute Of Engineering And Technology,3
St.John College of Engg and Technology,3
"Institute Of Technical Education and Research , Bhubaneswar*",2
Columbus state university ,3
Dr. L B college of engring ,3
LNCT Bhopal,3
Andhra University ,2
National University of Computer and Emerging Sciences,2
M. V. Madali's Colleges of Commerce & Science,3
Delhi Pharmaceutical Sciences and Research University ,2
"ADCET,ASHTA",3
CIIT,2
sreenidhi institute of science and technology ,3
apeejay institute ,3
University of Wisconsin-Madison,1
Tolani Maritime Institute,3
sihngad,3
"Loyola College, Chennai",2
"Amrita Vishwa Vidyapeetham, Coimbatore ",2
Shah And Anchor Kutchhi Engineering College ,3
"International Institute of Information Technology , Bhubaneswar*",2
JSS college Dharwad,3
MBS School of Planning and Architecture,3
"M.V.S.R. Engineering College,Nadergul",3
VESIT MUMBAI,3
"University of Minnesota , Minneapolis",1
Silver oak college of engineering and technology,3
"Samarth Group Of Institutions, Bangarwadi",3
Carmel college of engineering and technology,3
vvp engineering college rajkot,3
oooo,3
Adi Shankara Institute of engineering and technology,3
Fairleigh Dickinson University,3
Sinhagad College Of Engineering,3
"SIES College of Commerce and Economics, Sion",2
channabasaweshwara institute of technology gubbi,3
"Institute Of Technology, Nirma University",2
Ldrp ITR,3
tbilisi state medical university,2
Lendi college of eni,3
Patkar College,3
pondicherry engineering college,2
st lawrence college,3
Punjab university chandigargh,2
chalmeda anandarao institute of medical sciences,3
jawaharlal nehru technological university,2
Unknown,3
Fergusson College ,2
smt indira gandhi college of engineering,3
"IOE,Thapathali Campus,TU Nepal",2
"IIPS,DAVV",2
Chung Yuan Christian University,2
Maharaja Ganga Singh University,3
University of texas at Arlington,2
"ness wadia college of commerce ,pune",2
NIFT,2
Apeejay College of Engineering,3
Sarva Bharatiya Shiksha Peeth,3
Gyan Vihar University,3
University of Hawaii Manoa,2
University College Of Engineering Kariavattom,2
Virginia commonwealth university,2
INDIAN INSTITUTE OF INFORMATION TECHNOLOGY SONEPAT,2
"UIET, Panjab University, Chandigarh",2
Psg college of technology,2
Rachana sansad ,2
Sathyabama Institute of Science and Technology,2
Amity Institute Of Aerospace Engineering,3
Usha Rama College of Engineering and Technology ,3
MS Ramaiah University of Applied Sciences,2
LNCT BHOPAL,3
"SRM University , Ghaziabad, U.P.",2
Prasad v Potluri Siddhartha Institute of Technology ,3
IP University,2
university of new haven,3
CVSR college of engineering,3
"Tirumala engineering college, Narasaraopet",3
Nowrosjee wadia ,2
"SRTTC, VIT, Pune, Kamshet Campus",2
Rajahmahendri Institute Of Engineering And Technology,3
DAVV,2
University of Ilorin,2
KITS-Guntur,2
svit,3
NSHM Knowledge Campus,3
"Bundelkhand Institue of Engineering & Technology, Jhansi",2
Vishwakarma Institute of technology,2
APS College Of Engineering.,3
Indus Institute of Technology and Engineering,3
SUNY POLY ,2
Mgm college of engineering and technology,3
P.M.B. Gujrati Commerce College ,3
jntuh college of engineering sultanpur,3
"MIT WPU, Pune",2
Institute of Engineering and Management,3
Srinivasa ramajuna institute of technology,3
"mgm medical college, kamothe, Navi Mumbai",3
"Narsee Monji Institute of Management Studies, Mumbai",2
bapatla ,3
Guwahati University,2
Merchant engineering college ,3
RGUIIIT,2
K.J Somaiya Institute of Engineering and Information Technology,2
sri sairam collage of engineering,3
Vishwakarma institute of information technology,2
AITAM,3
Dr. M.G.R Educational and Research Institute,3
mit,1
DIT UNIVERSITY,3
Chulalongkorn University,2
Mallareddy college of engineering for women,3
"Konkan Gyanpeeth College Of Engineering, Karjat",3
PEC Chandigarh,2
Bvcits,3
Cmr University,3
M.Kumarasamy College of Engineering,3
university of madras,2
Pdpu,2
SRM Institute Of Technology,2
kalol Institute of research center ,3
vasavi college of Engineering,2
SEAS-AU,2
CSU East bay,2
Khulna University,2
G H RAISONI COLLEGE OF ENGINEERING ,3
Swami Keshwanand Institute of Technology Management & Gramothan,3
SP college,3
Indian Institute of Information Technology Nagpur ,2
annamacharya institute of technology and sciences,3
Bunker Hill Community College ,3
Ku college of engineering and technology,2
"Sipna College Of Engineering And Technology , Amravati .",3
Jaywantrao Sawant College Of Engineering,3
veltech multitech Engg college,3
"Northern India Engineering College, Lu",3
B.V.BHOOMRADDI COLLEGE of ENGINEERING and TECHNOLOGY,2
Stani Memorial College of Engineering & Technology,3
NATIONAL INSTITUTE OF FOUNDRY AND FORGE TECHNOLOGY ,2
Maharashtra institute of technology aurangabad,3
Cochin university of science and technology,2
University of the west of England ,2
Sri Bhagawan Mahaveer Jain College of Engineering,3
Himalayan Whitehouse International College,3
Royal global university,3
Bapatla Engineering College,3
Rama University,3
Hindustan Inst. of Tech. Sc. & Mgmt.,3
Federal University of Agriculture Makurdi,3
"Indian Institute of Information Technology, Bhopal",2
Maharashtra university of health sciences,3
"Chandigarh University,Gharuan",2
VASIREDDY VENKATADRI INSTITUTE OF TECHNOLOGY,3
l.j.institute of engineering and technology,3
sri indu college of engineering and technology,3
mar athana,3
SASTRA University,2
International University - Vietnam National University,2
Matrusri Engineering college hydera,3
kathmandu engineering college,3
"Mukesh Patel School Of Technology Management And Engineering , Mumbai",2
K.K.W.I.E.E.R,3
Nemi Chand College of Engineering,3
Sree Chaitanya College Of Engineering,3
GSSSietw,3
Mount Holyoke College,1
Sree Vaanmayi Institute Of Engineering And Technology,3
MVSR college of engineering,3
Mukesh Patel School of Technology Managament and Engineering,2
Dr.G.Y.pathrikar college of cs &I T,3
vignan Lara's institute of technology ,3
Institute of Aeronautical Engineering ,3
Sinhgad college of Engineering,3
St. PVPPCOE,3
MG university,3
Thapar Institute of Engineering & Technology,2
"National Institute Of Technology, Raipur",2
Rayat and Bahra Institute of Engg and Tech,3
Sri Kottam Tulasi Reddy Memorial College Of Engineering,3
BML MUNJAL UNIVERSITY,2
pvppcoe,3
"Bhavans Vivekananda College, Osmania University",3
Institute of Road and Transport Technology ,3
KL University,2
Jodhpur Institute Of Engineering & Technology,3
"st john college of engineering and technology, Palghar",3
R.V.R. ,3
Government Model Engineering College Thrikkakara ,3
Panimalar engineering college,3
Kalinga Institute Of Technology,2
Gurgaon Institute of Technology ,3
K. S. School of Business Management,3
satyabhama,2
"SRM University, AP - Amaravati",2
Vignan Institute of Technology and Aeronautical Engineering,3
International Institute Of Information Technology,1
National Institute of Technology Goa,2
Auroras Technological And Research Institute,3
Velammal College of Engineering and Technology,3
MVSR Engineering College,3
"VIT,Pune",2
Vedica Institute of Technology,3
Basaveshwara Enginering College,3
Mount Carmel College Bangalore,2
Rizvi College of Architecture,2
Maestro school of planning and architecture,3
navrachana university ,3
M.S. Ramaiah institute of technology,2
"K. J. Somaiya College Of Engineering, Mumbai, Mumbai",2
University of houston clear lake,3
MGM college of engineering,3
LTCE,3
sri vani educational society group of institutions,3
"SASTRA University , Thanjavur",2
School Of Excellence in Law,2
Institute of Chartered Accountants of India,3
SNS College of Engineering,3
Pillai HOC College of Architecture,3
Aurora's degree college ,3
IIST,1
Sardar Vallabhbhai Patel Institute of Technology,3
Usha mittal institute of technology,3
GEC BHARUCH,3
D J SANGHAVI COLLEGE OF ENGINEERING ,2
st marys college,3
Ahmadu Bello University,2
University of technology and management,3
sasi institute of technology and engineering,3
Apeejay School of Architecture and Planning,3
"Vivekanand Education Society's Institute Of Technology , Chembur",2
Jagruti Institute Of Engineering And Technology,3
"MSIT,Janakpuri",2
MNM Jain ,3
Sri Krishna Devaraya University,3
bapatla engineering college,3
London School of Economics,1
School Of Planning And Architecture,1
"Maeer's MIT College Of Engineering, Kothrud",2
Dr MGR Medical University,2
PSG Tech,2
Guindy College of engineering,2
"Dr. D. Y. Patil Biotechnology And Bioinformatics Institute, Pune",3
"Ambedkar university, delhi",2
"College of Engineering - Guindy , Anna University Campus, Guindy",2
K.J Somaiya College of Science and Commerce,3
MIT AOE,3
NIT Silchar,2
"Indian Institute of Information Technology, Allahabad",2
JBIET,3
University of punjab,2
"Pad.Dr. D.Y. Patil Institute Of Engineering And Technology, pimpri, Pune",3
Visvesvaraya College Of Engineering And Technology,3
Amity School of Engg and technology,3
University Institute of Technology,3
B V Bhoomaraddi,3
Chhattisgarh Swami Vivekanand ,3
"College of Technology, Govind Ballabh pant university",2
NBKR institute of science and technology,3
Meenakshi Academy of Higher Education and Research,3
Jodhpur National University,3
jayoti vidyapeeth women's university,3
Geetanjali Institute Of Science And Technology,3
kkwagh,3
Dronacharya College of Engineering,3
Kalinga Institute Of industrial Technology,2
Aditya Silver oak institute of technology,3
CCS university,3
"Cleveland State University, Cleveland",3
The Open University,3
MVR college of engineering and technology,3
new vision school,3
local college,3
Green valley public school,3
VESIT,3
"university institute of engineering and technology,kurukshetra university,kurukshetra",2
"PCET's Pimpri Chinchwad college of engineering, pune",3
Pontificia Universidad Católica de Chile,2
Uttarakhand Technical University,3
Mahaveer Institute Of Science And Technology,3
People's college of dental science and research centre,3
"Fr. Conceicao Rodrigues College Of Engineering, Bandra",3
"Thangavelu Engineering College , Karapakkam, OMR",3
Vignan university,3
Atmiya ,3
Sri venkateshwara college of engineering and technology,3
Guru nanak Dev university Amritsar,2
Hindusthan College Of Engineering And Technology,3
"Indian Maritime University , Visakhapatnam",2
B N M Institute of Technology ,3
Sardar patel institute of technology,3
Sri venkateswara engineering college for women,3
Rajkiya Engineering College,3
Nandhi Institute of Technology And Management Studies,3
Manglore Institute of Technology and Engineering,3
St. Joseph Engineering College,3
Govt. Rajiv Gandhi Institute of Technology,3
St.Martins Engineering College,3
Ravenshaw University,3
Ymt Dental College And Hospital,3
NUST,2
mallareddy Institute of pharmaceutical sciences,3
svuce,3
Goa engineering college,3
government engineering college modasa,3
...........,3
University of Benin,2
"Nirma University, Ahmedaba",2
Jesus and mary college,3
Poojya Dodappappa College Of Engineering,3
"Annamacharya Institute of Technology, Rajampet, Rajampet",3
kJSIEIT,3
K. J. Somaiya Institute of Engineering and Information Technology,3
"Nirma University, Ahmedabad",2
West Bengal University of Technology,3
St.josephs college of Engineering,3
lakkireddy ballireddy college of engineering,3
itmu,3
Christu Jyothi Institute Of Technology And Science,3
kansas state university,2
babaria institute of technology,3
Narasaraopeta engineering college ,3
KJSCE,2
SSIPMT,3
Academy of Maritime Education and Training,3
University of Central Lancashire,2
PHCET RASAYANI,3
Priyatam Institute of Technology & Management,3
ATSS College of BS & CA,3
"Bharat Institute of Technology,Meerut",3
Bhavans New Science College,3
L. D. College Of Engineering,2
ritumbara college,3
....,3
"Maeer's MIT School Of Management,Pune",3
kalol institute of technology,3
sal institute of technology and research ,3
RGM College of engineering and technology,3
terna engineering college,3
"Dr. T Thimaiah Institute Of Technology,  Oorgaum",3
"Anil Surendra Modi School of Commerce, NMIMS University",2
"Govt. college of Engineering, Karad",2
a.p shah institute of technology,3
Maharishi Dayanand University,3
"Sharadchandra Pawar College of Engineering, Dumbarwadi",3
K.E. society's Rajarambapu Institute of Technology,3
G. Narayanamma Institute of Technology & Science,3
thapathali engineering campus,3
Jnana Vikas Institute Of Technology,3
SGSITS,2
National Taipei University of Education,3
sri prakash college of engineering,3
Vesit Chembur,2
K J Somaiya Institute of Engineering ,2
Krishna Institute of Engineering and Technology,3
"malineni lakshmaiah engineering college, Ongole",3
Gayathri Vidya Parishad College of Engineering,2
Federal University Oye Ekiti,3
Mahavir Swami College of Engineering and Technology,3
Siddhartha institute of technology and sciences,3
School of Planning and Architecture,2
TKM College of Engineering,2
"Matrusri Engineering College, Saidabad",3
Manipal college of dental sciences,2
MIT COLLEGE OF FOOD TECHNOLOGY,3
Government College Of Engineering Karad ,2
JNTUHCEJ,2
St Xavier's college ,2
Calicut university ,3
L.D.College Of Engineering,2
father agnel,2
Shram Sadhana College of Engineering and Technology,3
"Dr.D.Y.Patil College Of Engineering, Akurdi",2
RV Dental College,2
"Easwari Engineering College, SRM Ramapuram Campus, Chennai",2
SDMIT COLLEGE UJIRE,3
nagarjuna college of engineering and technology,3
Symbiosis University of Applied Sciences,3
Avantika University ,3
"Indian Institute of Information Technology, kottayam",2
VBIT,2
Lj institute of engineering and technology,3
"UIET, CSJM university ",2
SRI RAMACHANDRA MEDICAL COLLEGE AND RESEARCH INSTITUTE,2
Institute for Excellence in Higher Education,3
"college of engineering,guindy",2
Maharaja institute of technology,3
Missouri State University,3
RGMCET ,3
AAR Mahaveer Engineering colllege,3
"Purdue University, West Lafayette",1
Vignans university ,3
Shree L. R. Tiwari College of Engineering,3
Mallarddy  college  of engineering  and technology ,3
itm universe,3
Gayatri vidhya parishad college of engineering ,3
Shaheed Zulfikar Ali Bhutto Institute of Science & Technology,2
"Government Engineering College, Bilaspur, Chhattisgarh",3
QIS College of engineering and technology ,3
university of management and technology ,2
G H Patel College Of Engineering & Technology,2
Bapuji Institute Of Engineering And Technology,3
"Maharishi Markandeshwar Engineering College, Mullana",3
Meghnad Saha Institute of Technology,3
svbit,3
Nova College of Engineering and Technology,3
Seoul National University,1
Shadan Women's College of Engineering and Technology,3
sns college of technology,3
GNA UNIVERSITY,3
R.M.K Engineering college ,3
HITEC University,2
college not listed,3
APJ Abdul Kalam Technical University,3
Monash University,1
Indian Maritime University ,2
PES UNIVERSITY,2
Gurunanak institute of technology ,3
St.Peter's Engineering College,3
"Vidyavardhini's College Of Engineering And Technology, Vasai",3
Symbiosis Institute of Technology,2
Acropolis Technical Campus,3
"Dr. D. Y. Patil Institute Of Technology, Pimpri, Pune",2
Narnarayan Shastri Institute Of Technology,3
BNMIT,2
Visvesvaraya Tech,3
Baba Institute of technology and sciences v,3
SM Shetty collg powai,3
"MIT School of Engineering, MIT-ADT University",3
The Bishops School,3
"lakireddy balireddy college of engineering, Vijayawada",3
Nagindas Khandwala College of Commerce ,3
"University college of Engineering, Osmania university",2
J.G. College of Commerce,3
MES PILLAI,2
"DJ Sanghvi College Of Engineering, Vile Parle",2
"Pune Institute Of Computer Technology, Dhakavdi",2
"Chitkara university,Punjab",2
institute of aeronautical engineering ,3
Ctiemt,3
ihm Shri shakti,3
Malla Reddy engineering college and management science,3
SVR college of engineering,3
Universidade de São Paulo,1
"Guru Nanak Dev Engineering College, Ludhiana",2
university of Rome tor vergata,2
L J Institute of Engineering and Technology,3
Basavaraju Krishna Bai Laxmi Educational Society Group Of Institutions,3
ekiti State University ,3
sri venkateshwara University college of engineering,2
Ahsanullah University of Science and Technology,2
Anurag University,3
Queens College,2
Jagannath Gupta Institute of Engineering & Technology,3
Acharya Institute of Technology,3
Avanthi Institute Of Engineering And Technology,3
MGIT,3
"Govt. Engineering College, Thrissur",2
"SVIT, Vasad",3
JECRC UDML College of Engineering (Former Uttam Devi,3
Universal college of engineering kaman,3
Viswajyothi College of Engineering ,3
Sastra University Tanjore,2
duisberg essen,2
Gitarattan international Business school,3
ACPCE,3
gurukul kangri university,3
Acharya Deshabhushan Ayurvedic Medical College,3
"SVCE, Bangalore ",3
bkbiet,3
sphoorthy engineering college ,3
Pacific Institute of Engineering,3
SRIT,3
sir crr college of engineering,3
sri Krishna college of engineering and technology,3
MVSR Engg College,3
BMS INSTITUTE OF TECHNOLOGY AND MANAGEMENT,3
Kumaraguru College of Technology,2
R.M.D Engineering College,3
"St Martin's engineering college, Hyderabad",3
M H saboo siddik college of engineering,3
university of Regina,2
Cal Poly Pomona,2
A c patil college of engineering,3
"Sipna college of Engineering and Technology, Amravati",3
KK WAGH COLLEGE OF ENGINEERING,3
"UIET, Panjab University",2
Maharashtra University of Health Science ,3
Iiit vadodara ,2
"NIE, Mysore",2
"cet,bbsr",2
Vyas Institute of Engineering & Technology,3
Saveetha School of Engineering - Saveetha University,3
Narayana dental college and hospital ,3
"shivaji university,kolhapur",3
Macquarie University,2
GNIT,3
California State University Fresno,3
SVNIT Surat,2
mgm school of physiotherapy,3
"A.C.Patil college of engineering, KHARGHAR",3
Aurora's scientific technological and research academy,3
Sushant School of Art and Architecture,3
University of Victoria,2
B v raju institute of technology,3
Sri aurobindo institute of medical sciences ,3
University School of Architecture and Planning,3
"Mar Baselios College of Engineering and Technology, Trivandrum",3
"Sinhgad College Of Engineering, Vadgaon",3
"Crescent Engineering College, BS Abdur Rahman University",3
Andhra Mahila Sabha ,3
"S. K. Somaiya College, Vidyavihar",3
garware college of commerce,3
"BSCOER,Narhe",3
Universidad de los Andes,2
p.s g.v.p.m d n patel collage of engineering shahada disfrict nandurbar,3
"Shiv Nadar university, chennai",2
Yashwantrao Chavan College of Engineering,3
pvpsit,3
oklahoma state university,2
Shrimati Kashibai Navale College of Engineering,3
H R College of Commerce & Economics,3
IIITA,2
"Amrita School of Engineering,kollam",2
MHSSCOE,3
Malla Reddy Insitute Of Engineering And Technology,3
KLE Technological University / B. V. Bhoomaraddi College of Engineering & Technology,2
GCT,3
"College of Engineering Perumon, Kollam",3
Sridevi Womens Engineering College,3
Dnr College of Engineering and technology ,3
SCR Engineering College,3
D Y Patil college of architecture,3
DBACER,3
St.  Wilfred's Institute of Engineering & Technology,3
A.C.Patil college of engineering,3
guru nanak khalsa,3
Nepal Engineering College,3
sun international institute of tourism and management ,3
Sastra University,2
"Department of Engineering and Technological Studies, University of Kalyani",3
Bharati Vidyapeeth College of Pharmacy,3
Kkr &Ksr Institute Of Technology And Science s,3
IIM,1
S R Engineering college,3
Srm university ,2
Nirmala Niketan college,3
Jawaharlal Nehru National College Of Enginering,3
Yashwantrao Chavan Dental College ,3
"National Institute of Technology, Calicut",2
Visvodaya institute of technology and sciences,3
acme degree college,3
Vishwakarma government engineering college ,3
MGM Jawaharlal Nehru Engineering College,3
"Sigma engineering college, matar",3
A.B.E.S Engineering College,3
KAKATIYA INSTITUTE OF TECHNOLOGY AND SCIENCES ,3
Bharati Vidyapeeth College Of Engineering Lavale ,3
VIF College Of Engineering And Technology,3
pillai institute and information technology,3
Gokaraju Rangaraju Institute Of Technology,3
Sri Bhagawan Mahaveerji Jain College of Engineering,3
itm gwalior,3
Osaka Prefecture University,2
kathmandu university,2
"IIEST,Shibpur",2
Rayat Bahra Institute of Engineering and Biotechnology ,3
K J Somaiya college of engineering ,2
Ambedkar institute of advance communication technologies and research,3
vnrhyd,2
"VPM's Maharshi Parshuram College Of Engineering, Velneshwar, Ratnagiri",3
Northumbria university ,2
bengal engg college,3
"Ram Lal anand College, University of Delhi",2
pvpit,3
Datta meghe college of engineering,3
SDM Institute Of technology,3
pillais college of engineering ,3
dps at Ruby park,3
Government college of Engineering Nagpur,3
unknown,3
IUBAT,3
Anil Neerukonda Institute of Technology and Sciences,3
"J.P Dawer Institute of Information Technology, VNSGU",3
Siddharth Institute of Engineering and Technology,3
Prof Jayashankar Telangana State Agricultural University,3
Ramdeobaba college of Engineering and Management ,2
"Saraswati College Of Engineering, Kharghar",3
Jain Deemed to be University,2
"chalapathi institute of technology, Guntur",3
"Malviya National Institute of Technology, Jaipur",2
University Of Petroleum And Energy Studies,2
Amrita Vishwa vidyapeetham,2
"Government Engineering College, Patan",3
Tirumala Engineering College ,3
gayatri vidya parishad college of engineering,3
"College of Basic Sciences and Humanities, G.B. Pant University of Agriculture and Technology",3
Kaushik College Of Engineering,3
JNTUA COLLEGE OF ENGINEERING KALIKIRI,3
"Lakshmi Narain College of Technology, Bhopal",3
"Sagar Institute of Research, Technology & Science",3
"Don Bosco Institute Of Technology, Kurla",3
CHENNAI INSTITUTE OF TECHNOLOGY ,3
Sri Krishna institute of technology,3
"PDPM Indian Insititute of Information Technology Design and Manufacturing, Jabalpur",2
Indian Institute of Information Technology,2
P.E.S. College of Engineering,2
RV College of Engineering,2
"sri venkateswara college of engineering and technogy , chittoor",3
M. S. Ramaiah Institute of Technology,2
Pune university,2
"Meenakshi Sundararajan Engineering College , Kodambakkam, Chennai",3
North South University,2
"St. Francis Institute Of Technology , Borivali",3
INDUS UNIVERSITY,3
Amrutha Institute Of Engineering And Mgmt. Sciences,3
PSNACET,3
bit,2
kamineni institute of dental sciences,3
sandip univeristy nashik,3
Vignan's Nirula Institute of Science and Technology for Women,3
Jyothishmathi Institute Of Technology and Science,3
"Jerusalem College of Engineering, Narayanapuram, Pallikaranai, Velachery",3
Santhiram Engineering College ,3
"Anurag University, Hyderabad",3
jntuk,2
snist,3
"Vaagdevi College Of Engineering, Warangal",3
"Loyola Academy degree and PG Collage
",3
Canara Engineering College,3
IOE Nepal,2
vemana institute of technology,3
KS School of Architecture,3
Vishwa Vishwani business school ,3
University college of engineering osmania university ,2
zaporozhye state medical university,2
nmims,2
SSN College of Engineering,2
IES IPS ACADEMY ,3
"Government Dental College and Hospital, Hyderabad ",3
Terna College Of Engineering ,3
Panjab university regional centre ,2
University of Southeastern Philippines,3
"PES College Of Engineering, Aurangabad",3
San Diego State University,2
Matrusri Engineering College ,3
Taibah University,3
K.I.T. COLLEGE OF ENGINEERING KOLHAPUR,3
GOVERNMENT COLLEGE OF ENGINEERING AND TECHNOLOGY JAMMU,3
PSG College of Technology,2
"SVIT,VASAD",3
"RAIT,Nerul",3
Globus Engineering College,3
BMSCE,2
VEERMATA JEEJABAI TECHNOLOGICAL INS...,2
LUMS,2
"MDU, Rohtak",3
"college of engineering,pandharpur",3
"Institute of information technology and management, Janakpuri industrial area",3
Rajiv Gandhi Institute of Petroleum Technology,2
Institute Of Technical Education ,3
Swami Vivekanand College of Science ,3
Keystone School Of Engineering,3
anil neerukonda,3
Western Michigan University,2
BVRIT Narsapur,3
Bharati Vidyapeeth college of engineering,3
UC Berkley,1
shree swaminarayan institute of technology ,3
Bhagwan Parshuram Institute Of Technology,3
Vivekananda Institute Of Technology,3
"School of Engineering, CUSAT",2
KKWIEER,3
Dhirubhai Ambani Institute of Information & Communication Technology,2
Birganj Public College,3
Dayananda sagar University,3
Malineni Perumallu Edicational Society,3
CHHATRAPATI SHIVAJI INSTITUTE OF TECHNOLOGY DURG,3
Acharya nagarjuna university,3
PA College Of Engineering,3
Indiana tech ,3
KLE College Of Eng. And Technology,3
Universidad de Navarra,2
"Dhole Patil College Of Engineering, Wagholi",3
charusat university ,3
JNTUV,2
Indian Law Society Law College,2
Indian Maritime University,2
Sahaja Institute Of Technology And Sciences For Women,3
sree sai dental college and research institute,3
yonsei university,1
mallareddy engineering college and management science,3
St.Francis Institute of Technology,3
"Bahauddin Zikaria University , Multan.",3
Indore Institute of Science & Technology,3
SRKR Engineering college,3
Coorg Institute Of Technology,3
"Sri Venkateshwara College Of Engineering , Bengalooru",3
Yeshwantrao chavan college of engineering,3
NIT Arunachal Pradesh,2
Sun international institute for technology and management,3
Institute of Technical Education and Research,3
Appa Institute Of Engineering And Technology,3
"Techno India,Salt Lake",3
QIS COLLEGE OF PHARMACY,3
B. P. Poddar Institute of Management & Technology,3
Mukesh Patel School Of Technology Management & Engineering ,2
National Institute of Industrial Engineering,1
NMAMIT,3
St.Francis College For Women,3
"NMIMS, Sunandan Divatia School of Science, Mumbai ",2
"Biju patnaik university of technology, Baripada",3
SRI SHAKTHI INSTITUTE OF ENGINEERING ,3
"Thadomal Shahani Engineering College , Bandra",3
UC riverside,2
"Priyadarshini college Of engineering And Technology, nellore",3
"st. martin,s engineering college",3
Kerala University,3
vidhya jyothi institute of technology,3
Kiit,2
Dr. Bhanuben Nanavati College of Architecture for women,3
UICT ,1
Sunandan Divatia School of Science,2
Colorado State University,2
DDU,3
saint Joseph College of engineering ,3
THDC Institute of Hydropower Engineering and Technology,3
"Birla Vishvakarma Mahavidyalaya Engineering College, Anand",3
"sri venkateswara college of engineering, chennai ,sriperumbudur",3
Rajiv Gandhi University of Knowledge Technologies - Basar,3
NIT Nagaland,2
gurunanak institute of engineering and technology,3
"Chennai Institute of Technology, Anna University",3
S.V.College of Engineering,3
Koc University,2
King Fahd University of Petroleum and Minerals,2
National Engineering College,3
California state university ,2
guru gobind singh indraprastha university,3
"nformation Technology, National Institute Of Technology Karnataka Surathkal",1
Guru Nanak Dev University Regional Campus,3
air university,2
"Faculty Of Engineering and Technology, Gurukula Kangri Vishwavidyalaya, Haridwar",3
HBTI,2
government dental college,3
Rajarambapu institu,3
NTR degree college for women ,3
J.B INSTITUTE,3
government engineering college ; gandhinagar,2
Universidad Nacional de Colombia,2
texas tech university ,2
Gec gandhinagar,2
sinhgad institute,3
"Bharati Vidyapeeth College of Engineering, Pune",3
dallas Baptist university ,3
Graphic Era University ,3
Dr. Babasaheb Ambedkar Marathwada University,3
"College of Engineering,  Pune",2
keshav mahavidyalaya,3
VIVA INSTITUTE OF TECHNOLOGY,3
Wadia College,3
Ies College of architecture ,3
Loyola academy Hyderabad,3
Silver Oak College Of Engineering ,3
A. P. Shah Institute of Technology,3
Seth GSMC,2
A. P. Shah institute of technology ,3
Sri Vasavi Engineering College,3
IISER Bhopal,1
Veltech University ,3
BVM Engineering College,2
THDC Institute of hydropower engineering and technology,3
Lords Institute Of Engineering And Technology,3
"Saranathan College of Engineering, Tiruchirapally",3
vignan institute of technology and aeronautical engineering,3
Vemu Institute of Technology ,3
"BRACT's Vishwakarma Institute Of Information Technology , Kondhwa",3
University of Texas at Austin,1
M S Ramaiah institute of technology,2
Dr D. Y. Patil School of Engineering ,3
BRCM college of Engineering and Technology,3
Jorhat Engineering College,2
CMR College of Engineering and Technology,3
"Dr DY Patil School Of Engineering Academy, Ambi",3
Usha Rama college of engineering,3
"IIITDM Kancheepuram, Chennai",1
"Thakur College Of Engineering And Technology, Kandivali",3
Gujarat Technological University,3
MIT WPU,3
IERT,2
Visveswaraya college of engineering and technology ,3
"Cambridge Institute Of Technology, Bengaluru",3
"J.k college of science and commerce, ghansoli",3
"Texas A&M University, College Station",2
shantilal shah engineering collage,3
BMSIT,3
"Dnyanganga College Of Engineering & Reserch, Narhe",3
Anna sHaheb chudaman patil college of eng,3
"MCT's Rajiv Gandhi Institute of Technology, University of Mumbai",3
Skncoe,3
vit-ap,2
Mksss cummins college of engineering for women,3
"National institute of Technology, Kurukshetra",2
RMD Sinhgad College of Engineering,3
"PVPSIT, Vijayawada",3
Institute of Engineering & Management,3
NIT Durgapur ,2
Nagpur Institute Of Technology ,3
"Raghu engineering college, Visakhapatnam",3
University Visvesvaraya College of Engineering,3
BSMU,3
 S V  college of engineering and technology,3
sct collegenof enhh,3
Narsimha Reddy Engineering College,3
JNTUHCEH ,2
university of Arkansas,2
Rajarajeswari College Of Engineering,3
...,3
OP Jindal University,2
Jabalpur Engineering College,3
"Pad.Dr DY Patil Institute of Engineering,Management and Research,Akurdi,Pune",3
BNCA,3
Reva University,3
Sydenham College of Commerce ,2
NDMVP college of pharmacy,3
Symbiosis Skills and Open University,3
Shri Vaishnav Institute Of Technology and Science ,3
Sathyabama University,3
KVN naik,3
government college of engineering aurangabad,3
Delhi University,2
western illinois university,3
Sagi Ramakrishnam Raju Engineering College,3
IIT Gandhinagar,1
JIMS engineering management technical campus ,3
"Amity University Rajasthan, Jaipur",3
Kalpataru Institute Of Technology,3
MET,3
"RISE Krishna Sai Prakasam Group Of Instutions, Ongole",3
dhaka university,2
Bhabha Institute of Technology,3
Dr. Babasaheb Ambedkar College of Engineering and Research,3
"G.S.M College of Engineering, Pune",3
Maharaja Agrasen College ,2
villa marie,3
ymca university of science and ,2
Hanuman Vyam Prasarak Mandal,3
GMR Institute of Technology,3
DATTAJIRAO KADAM TEXTILE AND ENGINEEING COLLEGE,3
Jai Narain College of Technology & Science,3
jntu,2
jawaharlal nehru fine arts and architecture university,2
 Vasantdada Patil  College of Engineering,3
SAL Institute of Technology and Engineering Research,3
vrec,3
"Jawaharlal nehru Institute of Technology,kakinada",3
IEM,3
Government College of Engineering Pune,2
"Maharashtra Institute of Technology,Pune",2
Mumbai university,2
S G Balekundri institute of technology ,3
Ramaiah ,2
Manipal Institute Of Technology,2
"Bhartiya Vidyapeeths college of engineering,mumbai",3
gbpant institute of engineering and technology,2
Mallareddy institute of pharmaceutical sciences,3
Wadiyar Centre for Architecture,3
DKTES,3
DePaul University,2
D J Sanghvi College of Engineering,2
"Zakir Husain College of Engineering and Technology, AMU",2
Avanthi Research and Technological Academy,3
"Hyderabad Public School , Begumpet",3
SAL college of engineering ,3
"Guru Nanak Institutions Technical Campus, Hyderabad",3
walchand college of engineering,2
shivajirao h. jondhle college of engineering  asangaon,3
SVEC,3
csu long beach,2
Women's Christian college ,2
Rajdhani college,2
Jeppiaar Institute of Technology,3
University of Oklahoma,2
M.A COLLEGE OF ENGINEERING,3
All india shri shivaji memorial society college of engineering pune,3
Kirti M. Doongursee College,3
Aiht,3
Dr. D.Y Patil Vidyapeeth Deemed University,2
Hitkarni College of Engineering & Technology,3
International Institute of Information Technology - IIIT Naya Raipur,2
Faculty of Engg. Global Nature Care Sangathan Group of Instt.,3
Easwari engineering college,3
"Dr.D.Y.Patil School Of Engineering, Ambi, Pune, Pune",3
"Institute of Chartered Accountants of India, New Delhi",3
Government College of Engineering Kannur ,2
GVP,2
Amrita Vishwa Vidhyapeetham,2
saveetha college of physiotherapy ,3
ITM Group of Institutions,3
Sri Durga Malleswara Siddhartha Mah...,3
Vivekanand Institute of Technology,3
Bharati Vidyapeeth college of engineering Pune,2
University of North texas,2
"Dr DY Patil School Of Engineering, Lohegaon",3
"MGM's College Of Engineering And Technology, Kamothe",3
"Sinhgad College of Engineering, Pune",2
"PES Modern College Of Engineering, Pune",2
mgiter,3
L S Raheja School of Architecture,3
Aarupadi Veedu Institute of Technology ,3
Motilal Nehru national Institute of technology,2
"Pillai HOC College of Engineering and Technology, Rasayani, Mumbai",3
Atharva college of engineering,3
GITAM School of Technology,2
University of Balochistan ,3
United International University,3
Birla Institute of Technology,2
"Saraswati college of engineering, kharghar",3
K.K. Wagh Institute,2
BITS Pilani Hyderabad Campus,1
Kathmandu University School of Engineering,2
RMK College of Engineering and Technology,3
iiit Delhi,2
School of Engineering and Technology jain university,2
Shri Govindram Seksaria Institute of Technology and Science,2
"Thadomal Shahani Engineering College, Bandra",3
Shri Sant Gajanan Maharaj College of engineering Shegaon,3
iem kolkata,3
Bharati vidhyapeeth college of engineering,2
Maharashtra Academy Of Engineering,2
College Of Engineering Chengannur,2
ksrmce,3
AVCOE SANGAMNER,3
Krishna Chaitanya Institute of Science & Technology,3
UIT HPU,2
K J Somaiya college of Engineering,2
Kurukshetra institude of technology and management,3
Siksha O Anusandhan,2
swarna Bharathi institute of science and technology,3
"Indian Institute of Information Technology Design and Manufacturing, Kurnool",2
Sagar Institute of Science & Technology,3
Veltech Hightech Dr.Rangarajan Dr.Sakunthala Engineering College,3
Fergusson College,2
"Jawaharlal Nehru technological university, kalikiri",3
"National Institute Of Technology,warangal",2
"National Institute of technology raipur,raipur, Rourkela",2
vaish college of engineering,3
University of surrey,2
sri ram degree College,3
"qiscet, Ongole ",3
Visvesvaraya technological University,3
"Jawaharlal Nehru Technological University , Kakinada",2
Rajalakshmi School of Architecture,3
Netaji Shubas Institute of Technology,2
University of Bridgeport,3
"Mahatma Gandhi Mission College of Engineering And Technology, Mumbai",3
Maharashtra National Law University,2
"Shaheed bhagat singh state technical campus, ferozepur",3
Reva university,3
Raghu engineering college,3
S B Patil college of Architecture,3
Korea University,1
Gandhi Institute Of Engineering and Technology,3
Mangalore Institute Of Technology And Engineering,3
Sri Venkateswara college of engineering ,2
ASN Pharmacy College,3
Bapatla Engineering Colleage,3
"NMIMS Mukesh Patel School of Technology and Management, Shirpur",3
Ljiet,3
Arulmigu Mennakshi Amman College of Engineering,3
university of lagos,2
P.V.P.I.T.,3
chandigarh group of colleges,3
Vijayam Arts and Science degree college,3
"engineering college, bikaner ",3
"R.M.K COLLEGE OF ENGINEERING  AND TECHNOLOGY, Thiruvallur",3
M. M. Engineering College ,3
cspit,3
"Delhi public school , Gurgaon",3
Sunrise University,3
"Prince Shri Venkateshwara Padmavathy Engineering College , Ponmar",3
"Atharva College Of Engineering, Malad",3
Pashchimanchal Campus,3
"B.V.Raju Institute Of Technology, Narsapur",2
lady shri ram college for women,2
NIT Hamirpur,2
University of Pretoria,2
Vivekanand Education Society`s Institute Of Technology,3
jssate,2
St. Olaf College,2
MIT ACSC,3
Talla Padmavathi College Of Engineering,3
"Vellore Institute of Technology (VIT), Vellore",2
"Amrita Vishwa Vidyapeetham, Coimbatore",2
M S Engineering Coleege,3
MSU Baroda,2
college of technology and engineering,3
presidency university ,2
"NMAM Institute of Technology, Nitte",2
"SRM University,Andhra Pradesh",2
Kavitha memorial degree college,3
Vellore Institute of Technology,2
Uttar Pradesh ,3
Indira school ,3
University of Missouri- Columbia,2
South Indian Institute of Technology,3
"ramrao adik institute of technology nerul,navi mumbai",2
"Dr DY Patil School Of Engineering & Technology, Charholi",3
bharti vidyapeeth dental college,3
chanakya national law uiversity,2
bvc engineering college odalarevu,3
institute of technical education ,3
St Francis Institute of technology,2
Mar Baselios Christian College of Engineering and Technology,3
Hassaram Rijhumal College ,3
Ahmedabad University,2
BDSomani,3
St. Joseph’s Degree and PG College,3
"jntu college of engineering ,anantapur",2
Florida State University,2
Jai Hind College,2
uka tarsadia University,2
Sankalchand Patel College of Engineering,3
GURUNANAK INSTITUTIONS TECHNICAL CAMPUS,3
L.N.Gumilyov Eurasian National University,2
Sahrdaya College of Engineering ,3
Gulbarga University,3
"Panimalar Engineering College,chennai tamilnadu",3
kleit,3
Ansal Institute of Techonology,2
vishwakarma government engineering college,2
Uttaranchal university,2
L.J.I.E.T,3
Federal University of Technology Owerri ,2
SDMCET,2
"Mount Carmel College, Bengaluru",2
M.H. Saboo Siddik College of Engineering,3
"ses goi foe, karjat",3
NRI Institute of Medical Sciences,3
Regent University College of Science and Technology,2
Techno India University ,2
NIT Delhi,2
Indian Institute of Information Tec...,2
Jawaharlal institute of engineering and technology,3
Basava International School,3
St. Joseph's Institute of Technology ,3
ANITS,3
Hindustan aviation academy,3
cmrtc,3
JSPM Hadapsar,3
jajdjcv,3
Technocrat Institute of Technology,3
"Dr D Y Patil School Of Engineearing Lohegaon , pune",3
 KVSR Siddhartha college of Pharmaceutical sciences,3
sir M visvesvaraya institute of technology,3
Walchand College of Engineering,2
" Hindi Seva Mandal's Shri Sant Gadgebaba College of Engineering & Technology, ",3
UNIVERSITY FOR DEVELOPMENT STUDIES,2
Gokaraju Rangaraju Institute Of Engineering And Technology,3
Institute of engineering and managemenet,3
graphic era hill unversity dehradun,3
Sree Chaitanya Institute Of Technological Sciences,3
Netaji Subhash Engineering College,3
Universiti Teknologi PETRONAS,2
"Vignan University, Guntur",3
Central Institute of Plastics Engineering and Technology,2
badruka,3
East West Institute of Technology,3
"Dhanekula Institute of engineering and technology, Vijayawada",3
vignan institue of technology and science,3
Bhartiya Vidyapeeths college of engineering,3
"Kakatiya University College of engineering and technology,warangal, Warangal",2
"Zeal College of Engineering and Research, Narhe",3
singhania university,3
jai Narain Vyas university,2
guess my college,3
SRM Institute od Science & Technology,2
Dr L Bullayya college of engineering,3
"University of Engineering and Technology, Lahore, Pakistan ",2
Shree L.R.Tiwari college of Engineering,3
MBICT,3
IIT Delhi,1
"New Horizon Institute Of Technology & Management, Thane",3
Atria Institute Of Technology,3
VIVA institute of technology,3
SJ,3
Patkar,3
Bhilai Institute of Technology,3
IUBAT-International University of Business Agriculturr and Technology,3
A.P.Shah institute of technology,3
"Government College of Technology, coimbatore",2
"Rajalakshmi Institute of Technology , Kuthambakkam, Sriperumbudur",3
University of engineering and management Kolkata,3
IIT Dhanbad,1
Sir Syed University of Engineering and Technolgy,3
PIIT,3
Indian Institute of Space Science and Technology,1
Technical University of Munich,1
Chaitanya bharathi institute of technology,3
BHASKAR MEDICAL COLLEGE,3
D G Ruparel,3
gcet,3
Model College ,3
"Pillai's Institute Of Information Technology , New Panvel, Mumbai",3
"M.S Bidve Engineering college ,Latur",3
krishna institute of engineering and technology,3
Vivekananda Institute Of Professional Studies,3
"GTU, Ahmedabad",3
Sanghvi Innovative Academy,3
University of Mysore,2
Shri S'ad Vidya Mandal Institute of Technology,3
Coimbatore Institute of Engineering and Technology,3
KCCOE,3
Gyan ganga institute of science and technology,3
Sri Krishna college of technology ,3
"JNTU, Kakinada",2
Dr.lankapalli Bullayya collage of engineering,3
Malla Reddy Institute Of Technology and Science,3
Dr Ambedkar institute of technology,3
The Oxford Dental College,3
inderprastha engineering college,3
"College Of Technology, GBPUAT",2
"Medi-Caps University, Indore",3
ideal institute of technology,3
kl University,2
Shiv Nadar University,2
Karnavati university,3
Amrita vishwa vidyapeetha,2
Government Engineering College Kozhikode,2
Malineni lakshmaiah women's engineering college,3
JSS Academy Of Technical Education,3
Aditya College Of Engineering and Technology,3
Aurora's degree & PG college ,3
RNSIT,3
saint john,3
Veermata jijabai technical institute,2
"T john institute of Technology, Bangalore",3
Chapman University,2
Vardhaman College of Engineering,3
Dr M G R Educational and Research Institute ,3
"Pune University, Pune",2
pandit deendayal petroleum university,2
Hindustan Institute of Technology and Science,3
IIT Patna,1
"SRM University , Chennai, Chennai",2
Sanghavi Collage of Engineering,3
sarvajanik college of engineering and technology,3
Pune Vidyarthi Griha's College of Engineering,3
George Mason University,2
"Fr. Conceicao Rodrigues Institute of Technology, Vashi",3
"Birla institute of technology,mesra",2
"uiet,mdu",3
MIT ADT University,3
"Indian Institute of Information Technology, Lucknow",2
J.B. Institute of Engineering and Technology,3
"Indian Institute of Information Technology Design and Manufacturing, Jabalpur",2
K.J.Somaiya college of engineering,2
A. D. Patel Institute Of Technology,3
BMS Institute of Technology and Management ,2
SRTIST,3
Medicaps University,3
G.B. Pant Govt. Engineering College,3
"Annamacharya Institute of Technology, Rajampet",3
"Amrit Campus, Tribhuvan University",2
Sri Sairam engineering college,3
Iet Lucknow,2
siliguri institute of technology,3
karunya instute of technilogy and sciences,3
"Al Habeeb College Of Engineering And Technology, Chevalla",3
Pravara college of Pharmacy,3
Dr B R Ambedkar National Institute Of Technology,2
PYDAH COLLEGE OF ENGG AND TECH,3
Sree chaitanya Degree college ,3
Mahatma Jyoti Rao Phoole University ,3
GNITS ,2
Velagapudi Ramakrishna Siddhartha Engineering College,2
"Glocal University Mirzapur, Saharanpur, UP",3
"International Institute of professional studies, DAVV",2
Sciences Po and UCL,1
"Shanmugha Arts, Science, Technology and Research Academy",2
Sanghvi Institute of Management & Science,3
"Meenakshi Sundararajan Engineering College , Kodambakkam",3
"Kaveri College of Arts, Science and Commerce",3
"National Institute of Technology, Karnataka",2
Angadi Institute Of Technology And Mgmt.,3
"Institute of Engineering, Pulchowk Campus",2
DNR college,3
DWARKADAS J. SANGHVI COLLEGE OF ENGINEERING,2
"Hansraj college, University of Delhi, New Delhi",2
The University of Auckland,1
panimalar engineering college,3
MITCOE ,2
intell engineering college,3
Fr. Conceicao Rodrigues College of Engineering,3
bhagwan parshuram,3
KBP COLLEGE OF ENGG. SATARA,3
Matoshri college of engineering and research centre ,3
Presidency university,2
VVIT,3
Dr.mahalingam College Of Engineering And Technology,2
the LNM institute,2
Rashtriya Vidyala College of Engineering,2
Vallurupalli Nageshwar Rao Vignana Jyothi Institute of Engineering and Technology,2
"CSPIT,CHARUSAT",2
Madhuben and Bhanubhai Patel Institute of Technology - CVM University,3
Trp Engineering College,3
pune district education association college of engineering,3
Trinity Institute of Technology & Research,3
bhanuben nanavati college of architecture,3
G H PATEL COLLEGE OF ENGINEERING ,2
ACE Engineering College,3
Vidyavardaka college of engineering,3
Sethu Institute of Technology,3
mats university,3
Suresh Gyan Vihar University,3
"St Andrew's College of Art's, Science and Commerce ",3
Dr.MGR Educational and research university,3
"Yadavrao Tasgaonkar College Of Engineering And Management , Bhivpuri",3
Texas & M University ,1
"University of Lagos, Akoka",2
Sri Venkateswara Engineering College,3
"university of texas A & M university - kingsville 
",3
University of Arizona,2
RMD Sinhgad ,3
Gujarat technological university,3
sample,3
GNITS,2
Kl University,2
Government Dental college and hospital ,3
Government Science College,3
university of engineering and technology,3
Laki Reddy Bali Reddy Collage of Egineering,3
Arihant School Of Pharmacy &BRI,3
King Saud University ,2
St. Berchmans college,3
"Sandip Institute Of Technology And Research Centre, Nashik.",3
"Mahatma gandhi University, nalgonda",3
gh raisoni college of engineering nag,2
military institute of science and technology,2
Pacific dental college & hospital,3
Padamasri Dr B V Raju Institute of technology,2
"NATIONAL INSTITUTE OF TECHNOLOGY, SRINAGAR",2
"College of Technology, Govind Ballabh Pant University of Agriculture & Technology, Pantnagar",2
"Dr.Babasaheb Ambedkar College of Engineering and Research,Wanadongri,Nagpur",3
Ace engineering college,3
Indian Institute of Information Technology Sricity,2
priyadarshini college of enginneering an technology,3
sri venkateswara,3
vignana bharathi institute of technology,3
MKHS gujrati girls college indore ,3
"KC College Of Engineering And Management Studies And Research, Kopri",3
"Dr. B. C. Roy Engineering College, Durgapur",3
CMR Engineering College,3
wichita state university,2
PB Siddhartha College of Arts and Science ,3
Karpagam University,3
Gandhi institute of technology and management,2
sinhgad institute of technology,3
SAIMS medical college & PG institue,2
Maharishi Arvind College of Engineering & Research Centre,3
Ramanand Arya D.A.V college,3
Jaipur Dental College,3
RMD ENGINEERING COLLEGE,3
Nottingham Trent University,2
School of engineering and applied science,3
university of calicut,2
A.P.SHAH INSTITUTE,3
BHASKAR PHARMACY COLLEGE,3
"national institute of engineering,mysore",2
G. B. Pant Engineering College,2
Visvesvaraya National Institute Of Technology,2
P.T.V.A Sathaye College,3
university of New Haven,2
LATE SHRI VISHNU WAMAN HARI VIVA INSTITUTE OF TEHNOLOGY,3
Sikkim Manipal Institute of Technology,2
Kirori Mal College,1
"Sri Sunflower College of Engineering and Technology, Machilipatnam",3
Nawab Shah Alam Khan College Of Engineering And Technology,3
Devi Ahilya Vishwavidayalaya,2
middle east technical university,2
pranveer singh institute of technology kanpur uttar pradesh,3
Murdoch University,2
St. Vincent Pallotti College of Engg. and Tech.,3
Florida Atlantic University,2
K. J. Somaiya College of Science and Commerce,2
Sidharata Women's degree college,3
Cotton College,2
srm university,2
Manipal Academy of Higher Education- Dubai,2
Galgotias University,2
allana college of architecture,3
sri ramswaroop memorial college of engineering and management ,3
Baldev Ram Mirdha Institute of Technology,3
"vishnu institute of technology,bhimavaram",3
Miranda House,2
"College Of Engineering,Chengannur",3
Asmita College of Architecture,3
dr.batu,2
"Shri Gulabrao Devkar College Of Engineering, Jalgaon",3
rajiv gandhi institute of pe,3
School of engineering and applied Sciences,3
"MGM college of engineering and technology,kamothe,navi mumbai",3
Comsats institute of information technology,2
"bapurao deshmukh college of engg, sewaram",3
SSDGCT's Sanjay Ghodawat Group of Institutions,3
Aurora's Design Academy ,3
Dr MGR EDUCATIONAL AND RESEARCH UNIVERSITY,3
NMAM Institute of Technology ,2
Sri venkatewsara university college of engineering,2
km agarwal college,3
Maria College Of Engineering and Technology,3
Acharya Institute of technology Bangalore ,3
Sri Satya Sai College of Engineering,3
Manipal college of pharmaceutical sciences,2
Coventry University,2
Smt. Sulochanadevi Singhania School,3
kallam haranadhreddy institute of technology,3
Jhulelal Institute of Technology,3
G Narayanamma Institute Of Technology And Science For Women,3
SRI SAI JYOTHI ENGINEERING COLEGE,3
Gayatri Vidya Parishad College of Engineering(A),2
L. D. College of Engineering,2
"amity university rajasthan, Jaipur",2
Acharya Institute of technology,3
Gayatri Vidya Parishad College For Degree And PG,3
"st marys college , yusufguda ",3
JBREC,3
DSCE,2
svpcet,3
carnegie mellon university,1
UIET panjab university,2
The icfai university,2
K J Somaiya Institute of Engineering and Information Technology,2
iiser kolkata,1
Deogiri Institite of engineering and management studies,3
College of Technology,3
kamaraj college of engineering and technology,3
"RAjiv Gandhi Institute of Technology, Kottayam",3
Future Inst of Engg and Mgmt,3
Amity university lucknow ,2
Bits Pilani Dubai Campus,2
Symbiosis School Of Economics ,2
Sinhgad College of Commerce,3
ICFAI TECH SCHOOL,2
PB siddhathrtha Arts and Science ,3
Texas A&M University-Commerce,3
SJC Institute Of Technology,3
"Dr. Babasaheb Ambedkar Technological University, Lonere",2
Vigana bharathi institute of technology,3
Lowry memorial college,3
National Institute of Technology Warangal ,2
xxii,3
VIIT,2
NBN SINHGAD COLLEGE OF ENGINEERING,3
Jayamukhi Institute Of Technological Sciences,3
MIT School of Bioengineering Sciences and Research,3
New Jersey Institute of Technology,2
JNTUH-CEJ,2
Vidya Pratishthan's Kamalnayan Bajaj Institute of Engineering and Technology,3
Gyan Ganga Institute of Technology & Management,3
K S School of Business Management,3
karmavir dadasaheb kannamwar ,3
Mahathma Gandhi University ,2
Islamic University of Technology,2
"University college of engineering,osmania university",2
Annie besant Womnens College ,3
RCC Institute of Information Technology,2
"Sardar Vallabhbhai Patel Institute of Technology, Vasad",3
Vishveshwarya Institute of Technology,3
"Sri Venkateswara University, Tirupati",2
VCET,3
Sri Chandrasekharendra Saraswathi Viswa Mahavidyalaya,3
saint luois university ,2
Zhejiang University of Science and Technology,2
Swami vivekanand education society institute of technology,3
Visvesveraya Technological University Bangalore ,2
saraswati dental college,3
Anna University,2
PVP Siddhartha Institute Of Technology,3
"Manipal U, Jaipur",2
khulna university of engineering & technology,2
Delhi Public School,3
MS Ramaiah College of Arts Science and Commerce,2
Shankara International School of Management & Research,3
"Faculty of Engineering, Ain Shams University",2
mrec,3
Faculty of Engineering & Technology  JRN Rajasthan Vidyapeeth,3
"University Institute of Technology, RGPV",2
srkr engineering college ,3
Osmania university ,2
VIGNAN INSTITUTE OF PHARMACEUTICAL TECHNOLOGY ,3
Modi Institute of Technology,3
san francisco state university,2
"bhilai institute of technology,durg",2
Amirkabir university of technology,2
harvard,1
Shankersinh Vaghela Bapu Institute of technology,3
Indian Institute of Information Technology Dharwad ,2
Sri padmavati mahila University,3
"QIS college of Engineering and Technology, Ongole",3
Sreenidhi Institute Of Science And Technology,3
Pandit Deendayal Petroleum University,2
Indraprastha Institute of Information Technology,2
"college of engineering, trivandrum",2
uncc,2
gitam university,2
university of kerala,3
"Atharva College Of Engineering, Malad, Mumbai",3
"Jawaharlal Nehru Institute Of Technology, Hyderabad",3
University of New Hampshire,2
NUCES FAST,2
SSJ Engineering College,3
gayatri vidya parishad college of engineering for womens,3
sreendhi institute of science and technology ,3
vivekand education society's institute of technology,3
"padmashree dr. DY patil institute of engineering, management and research",3
"Government dental college and hospital, vijayawada",3
university of Leeds,1
gmit davangere,3
Technical University of Varna,3
Vivekananda Global University,3
"Sardar Vallabhbhai Institute of Technology , Vasad",3
Sammilani Mahavidyalaya,3
MIT Institute of Design,3
KS school of engineering and management,3
R.R dental college and hospital ,3
s.r engineering college,3
Gandhi Institute for Technological Advancement,3
mahatama gandhi collage of engineering and technology,3
Rmd engineering college,3
A.B.U,2
Sinhgad institute of technology,3
RBVRR WOMEN'S COLLEGE,3
Terna Engineering College,3
"Birla Institute of Technology & Science, Pilani - Dubai Campus",2
The national institute of engineering,2
University of The Gambia,3
Marudhar Engineering College,3
Sanjay ghodawat university ,3
M.S.Ramaiah Institute Of Technology ,2
Institute of Information Technology & Management,3
"ICFAI , Hyderabad",2
DVR&Dr.HS mic college of technology ,3
Vishweshwaraya Technological Universuty,2
Sri Krishna college of engineering and technology,3
Indian institute of Science,1
Hislop College,3
MH Saboo Siddik College Of Engineering,3
"d y patil college of pharmacy,akurdi,pune",3
bharati vidyapeeth medical college ,2
Fr.Conceicao Rodrigues College Of Engineering,2
Cvr College Of Engineering,3
maharshi dayanand university,2
S.J.C.Institute of Technology,3
Mamata medical college ,3
Dr Dy Patil Dental college and Hospital Pimpri Pune,3
St. Francis College for Women,3
RVCE,2
"Gujarat University , Ahmedabad",2
Indian institute of Information Information technology Pune ,2
choudhary charan singh university,2
Symbiosis Centre for Management Studies,2
DAVAO MEDICAL SCHOOL FOUNDATION,3
"gharda Institute of Technology,khed",3
Malla reddy institute of dental sciences,3
"SSPM College Of Engineering, Kankavli",3
"Faculty of technologies and engineering, the maharaja sayajirao university of baroda.",2
Krishna Institute of Medical Sciences Deemed University,2
ballarpur instute of technology,3
Al Akhawayn University,2
pdm group of institutions,3
FALTU,3
IIT Ropar,1
Sakar English School,3
NSV Degree College,3
Rajiv gandhi pr,3
CET,3
"Government College of Engineering, Karad",2
"Govt. Engineering College, Aurangabad",2
JNTUHUCEH,2
Ckpithawala engineering and technology ,3
"National  Institute  of Technology, Trichy",2
NIT Mizoram,2
Maeers College of PhysioTherapy,3
S.P.B Patel Institute of Technology,3
 Itm university,2
Bharati Vidyapeeth Dental College,2
Poornima Institute of Engineering & Technology,3
"University Of California, Santa Cruz",2
birla college of arts commerce and science,3
The LNM Institute of Information Technology,2
Ramnarain Ruia college,2
Sinhgad Institute of Pharmaceutical sciences ,3
"Alvas pu college,moodbidri",3
Sri Indu Institute of Engineering and Technology,3
R.V. College Of Engineering,2
ADITYA INSTITUTE OF TECHNOLOGY AND MANAGEMENT,3
Arjun College Of Technology And Sciences,3
Kavikulguru Institute of technology and science,3
Nirmala College Of Pharmacy,3
Chaudhary Charan Singh University,3
MADANAPALLE INSTITUTE OF TECHNOLOGY AND SCIENCE,3
"JNTU College of Engineering, Hyderabad",2
St Joseph degree college,3
bharatiya Vidya bhavans ,3
"Audisankara College of Engineering & Technology, Gudur",3
Royal School Of Engineering and Technology,3
peoples educational society college of engineering,3
Jntuk uce vizianagaran,2
"GITAM, Hyderabad ",2
Kalyani Government Engineering College,2
R.A.Podar College of Commerce and Economics,2
c k pthawala,3
government college of engineering and research avasari,2
Sri Ramakrishna dental college and hospital ,3
"The Maharaja Sayajirao University, Baroda",2
"Dr. D. Y. Patil School Of Engineering and Technology, Charholi, lohegaon, pune., Pune",3
Maharashtra institute Of Technology - WPU ,2
"Government institute of forensic science, nagpur",2
Srichaitanya Technical Campus,3
Haldia Institute of Technology,2
BITS Pilani- Dubai,2
University of illinois springfield,2
LJIET,3
siddhpur dental college,3
PVPPCOE,3
The University of North Carolina at Charlotte,2
IGNOU,3
University of engineering and technology lahore,2
"Guru Nanak Institute Of Technology, Hyderabad",3
mrcet,3
Mahatma Gandhi Institute Of Technology,3
"Prof. Ram Meghe Institute Of Technology And Research, Badner",3
Vel Tech Rangarajan Dr. Sagunthala R&D Institute of Science and Technology,2
Gayatri Vidya parishad school of engineering,3
Rajasthan Institute of Engineering & Technology,3
School Of Technology-GSFC University,3
SRM University ,2
Federal institute of sciene and technology,3
Dr.D Y Patil college of engineering,3
Channa Basaveshwara Institute Of Technology,3
Nitte Meenakshi institute of technology,2
Sri Indu College Of Engineering And Technology,3
"UNIVERSITY COLLEGE OF ENGINEERING, OSMANIA UNIVERSITY, Hyderabad",2
IIT Indore,1
C.V. Raman College of Engineering,2
"SNDT's Usha Mittal Institute of Technology , Santacruz",2
Poornima Group of Institutions - Faculty of Engineering & Faculty of Management,3
Vizag Institute of Technology,3
Maharani Lakshmi Ammanni College for Women,3
marist college,2
JSS Medical college ,2
Priyadarshini college of engineering nagpur,3
K.L.E. Institute of Technology,2
"MARINE ENGINEERING AND RESEARCH INSTITUTE, KOLKATA",2
SVCE,3
sam higginbotom,3
southeast university,1
Rastrasant Tukodoji Maharaj Nagpur University,2
G.H.PATEL COLLEGE OF ENGINEERING ,2
"L.J.I.E.T., Ahmedabad",2
Govt. Mahila Engineering College,2
"Ramniranjan, jhunjhunwala",2
dav college Jalandhar,2
shivajirao jhondle,3
Sinhgad college of architecture,3
Brindavan Institute of Technology & Science,3
"Misrimal Navajee Munoth Jain Engineering College , Thoraipakkam",3
J.J. Coll,3
"Ashoka University, Sonipat",1
V.J.T.I.,2
Amity University Haryana,2
RIMT IET,3
B.H.Gardi Collage of engineeringand technology Rajkot,3
D G Vaishnav ,2
vignan pharmacy college,3
SJB School of Architecture and Planning ,3
"Sinhagad Institute Of Technology, Lonavala",3
R.M.K.Engineering College ,2
Rajarajeshwari Dental College and Hospital,3
Brindavan college of Engineering,3
Padm.dr.dy patil college of pharmacy pimpri,3
Sv College of Engineering,3
rcoem,2
IPSA,3
"K L S Gogte Institute Of Technology, Belgaum",2
Ashoka University,1
Acharya NG Ranga agricultural University,2
DJ Sanghvi college of engineering ,2
CMP Homeopathic Medical Collegea,3
University Arts and Science ,3
Apex Group of Institutions,3
Sai Spurthi Institute Of Technology,3
st pious X degree college for women,3
Heritage Institute of Technology,2
Sardar Patel university anand,2
DATTA MEGHE COLLEGE OF ENGINEERING,3
Malnad College of Engineering Hassan,2
RUSTAMJI INSTITUTE OF TECHNOLOGY,3
Government Engineering College Barton Hill,2
VISHWAKARMA GOVERNMENT ENGINEERING COLLEGE,2
G.H.Raisoni Academy Of Engineering And Technology,3
Vidyavardhaka College of Engineering,3
St. Mary's College,3
Balaji Institute Of Technology And Science,3
NIE institute of technology ,3
gate degree & pg college,3
Uka Tarsadia University,3
Thiagarajar college of Engineering,2
Narsee Monjee College of Commerce and Economics,2
"Modern College , Shivajinagar",3
harcourt butler technological institute,2
Mvsr Engineering college,2
qassim,3
meenakshi sundarararajan,3
Jayaprakash Narayan College Of Engineering,3
"bapatla engineering college,bapatla",2
khulna university of engineering & technology ,2
Sagar Institute of Research & Technology,3
"Govt. engineering college,bikaner",2
sir c r reddy college of engineering,2
Gokraju rangaraju institute of engineering and technology,2
Portland state university ,2
UNIVERSITY OF JAMMU,2
Srinivasa Ramanujan Institute of Te...,3
Sir J.J College Of Architecture,2
Vinayaka Mission University,3
university of pune,2
"Padmashri Dr. vithalrao vikhe patil college of engineering ,Ahmednagar ",3
Tamil Nadu Agricultural University ,2
Pace Institute Of Technology & Sciences,3
Pallavi engineering college,3
konaseema institute of medical sciences and RF,3
MANAV RACHNA INTERNATIONAL UNIVERSITY,3
dav institute of engineering and technology,3
Syracuse University,2
d.j.sanghvi college of engggineering,2
KAMALA NEHRU COLLEGE ,2
KLE BMK Ayurvedic College and Research Centre,3
Madras Institute Of Technology,2
CGC College of Engineering,3
University of Memphis,3
"MKSSS's Cummins College Of Engineering For Women, Karvenagar",2
Andhra University College of Engineering,2
MGMCET,3
Shri Shankracharya group of institutions ,3
"GITAM University , Visakhapatnam",2
Abc,3
Arya College of Engineering & Information Technology,3
Maeer's arts commrce and science college,3
osmanina University,2
GEETHANJALI COLLEGE OF ENGINEERING AND TECHNOLOGY.,3
University of Adelaide,1
"Shivnagar Vidya Prasarak Mandal's College Of Engineering, Malegaon-Baramati",3
perdue university,1
"Adekunle Ajasin University, Akungba-Akoko, Ondo State, Nigeria",3
St.Mary's college of engineering and technology ,3
SEMCOM ,3
MLR Institute Of Technology,3
"Marathwada Institute of Technology,Aurangabad",3
Amity University Madhya Pradesh,3
aissms coe pune,2
fr agnel,2
AISSMS COE,2
KIT's College Of Engineering,2
indian institute of information technology vadodara,2
"University of Calgary, Calgary",2
CBIT,2
kmit,2
Chatrapati Shahuji University ,3
Mahatama Jyoti Rao Phoole University ,3
ABV-Indian Institute of Information Technology and Management Gwalior,2
Mount Zion college of Engineering,3
Regional College for Education  Research & Technology,3
wesley degree college,3
symbiosis skills and professional university,3
Cochin University College Of Engineering Kuttanad,2
NIIT University,2
Marri Laxman Reddy  Institute Of Technology And Management,3
"government college of engineering, salem",2
"Indian Institute of Information Technology, Chittoor",2
shri vishnu engineering college for women,2
Northwest Missouri state university,3
VIT Chennai ,2
Kandula srinivasa reddy memorial college,3
"Government engineering college, Gandhinagar",2
VNIT Nagpur,2
"Shree Ramchandra College Of Engineering, Lonikand",3
DY Patil Navi mumbai ,2
WBUT,3
Ballari Institute Of Technology and Management ,3
M. S Ramaiah Institute of Technology ,2
"SSN College of Engineering , Chennai",2
Krishna Institute of En,3
"J T MAHAJAN COLLEGE OF ENGINEERING, FAIZPUR",3
Dr.B.V.Raju institute of technology,2
Universiti Tenaga Nasional,2
College of Architecture Trivandrum,3
Indian Institute of Information Technology Allahabad,1
the oxford college of engineering,3
Sri Ramakishna Engineering College . ,3
Kathmandu Engineeirng College,3
lokmanya tilak jan sanstha shiksha priyadarshini college of engineering,3
LDRP-ITR,3
Saroj Mohan Institute Of Technology ,3
BANGLADESH UNIVERSITY OF ENGINEERING AND TECHNOLOGY,1
Shree Rayeshwar Institute of Engineering and Information technology ,3
Garden City University College,3
Gojan School Of Business and Technology,3
rivier university ,3
"Gayatri vidya parishad college of engineering for women,visakhapatnam",3
NIT Durgapur,2
B. V. Raju Institute of Technology,2
Dharamsinh Desai University,2
Lokmanya Tilak College of Engineering ,3
"Nowrosjee Wadia  College, PUNE",3
MIT,1
adi kavi Nannaya university,3
WIT Solapur,3
Indian Institution of industrial engineering,3
"SRM institute of science and technology, Chennai",2
"AC Patil College Of Engineering, Kharghar",3
Avanthi institute of pharmaceutical sciences ,3
Dr Mahalingam college of engineering and technology,3
pace university ,2
Pandit Deendayal Energy University ,2
Vels University,3
Shri gujrati Innovative College of Commerce and Science,3
Thapar University ,2
"college of engineering, guindy",1
Pimpri Chinchwad College of engineering,3
FR CONCEICAO RODRIGUES INSTITUTE 0,3
korea national open university,3
Dibrugarh university,3
parul,3
"Indian Institute of Technology,Varnasi",1
Rajasthan Technical University,3
Vidyalankar Institute of Technology,3
UNIVERSITY OF DELHI,1
Maulana Azad National Institute of ...,2
MSS public school,3
Vindhya Institute of Technology & Science,3
Invertis University Bareilly,3
shaheed udham singh college of engineering and technology,3
vip international school,3
Texas State University,2
Hindustan University - Hindustan Institute of Science & Technology,3
The Aeronautical Society Of India,3
Imperial College,1
"ideal institute of technology,kakinada",3
B.V.B. College of Engineering and Technology,2
ideal degree college for women,3
Yellamma Dasappa Institute Of Technology,3
National University of Sciences & Technology Islamabad Pakistan,2
"L.D. College of Engineering, Ahmedabad",2
Fr.c Rodrigues institute of technology ,3
SRM Institute of Science and Technology,2
gdbj,3
Genba Sopanrao Moze College Of Engineering,3
Purdue University,1
SRM ,2
Federal University of Technology Akure,2
P. R. Patil college of Architecture,3
kk wagh college nashik,3
st josephs college of engineering,3
SIST,3
President University,3
YMCA University of Science and Technology,2
KL University Hyderabad,2
"Government Tool Room And Training Centre, Bengalooru",3
"Sinhgad Institute of Technology, Lonavala",3
Avanthis Scientific Technological And Research Academy,3
SRK UNIVERSITY,3
"Shivajirao S. Jondhale College Of Engineering & Technology, Asangaon",3
National Rail and Transportation Institute,2
padmashree dr vitthalrao vikhe patil college a.nagar,3
Bhojia Dental College & Hospital,3
Professor Jayashankar Telangana State Agricultural University,2
Symbiosis Institute Of Technology & Science,2
Bharti Vidyapeeth College of Engineering,3
Rajshahi University of Enginnering & Technology,2
sfit,3
"JSPM's Imperial College Of Engineering And Research, Wagholi",3
"APJ abdul kalam technological University, Kerala ",2
"MPSTME, NMIMS University",2
"Dayananda Sagar College of Engineering, Bangalore",2
Bharti Vidyapeeth college ,3
"Federal polytechnic, Ilaro",3
The National Institute of Engineering Mysore ,2
"California State University, Los Angeles",2
university school of chemical technology,3
Gurgaon Institute Of Technology And Management,3
Skn sinhgad college of engineering pandharpur ,3
kaloji Narayan Rao University of Health sciences,3
"Institute of Engineering, Tribhuvan University",2
"Govt Rajiv Gandhi Institute Of Technology , Kottayam",3
"Indian school of mines,Dhanbad",1
R V College of Engineering,2
shobhit institute of engineering and technology,3
jsps govt homoeo medical college,3
Krishnamurthy Institute Of Technology And Engineering,3
Khaja Banda Nawaz College Of Engineering,3
SSBT COET,3
"Indian Institute of Information Technology ,",2
IIITDM KURNOOL,2
centurion university of technology and management,3
"Delhi Public School, Vasant Kunj",3
NNN ,3
D.E.S. College of Physiotherapy,3
jnafau,3
"ViMEET, khalapur",3
"College of Engineering , Trivandrum",2
Swinburne University of Technology ,2
Lakireddy Bali Reddy College Of Engineering,3
University of Ghana,2
kishinchand chellaram college,3
National Institute of Technology Tiruchirappalli,1
LJ INSTITUTE OF ENGINEERING AND TECHNOLOGY,3
Mahindra Ecole Centrale,2
Janki Devi Memorial College ,3
"siddarth institute of engineering and technology,puttur",3
"Pondicherry University, Pondicherry ",2
NIT Jamshedpur,2
guru nanak dev engineering college,3
NIEIT,3
Sophia College For Women,3
Saint Francis ,3
Alpha College Of Engineering,3
K J Somaiya college of engineering vidyavihar,2
"Mallareddy College Of Engineering and technology, Hyderabad",3
B M S College of engineering,2
"Gharda Institute Of Technology, lavel, ratnagiri",3
Gandhi institute of engineering and technology,3
state university of Bangladesh,3
hindusthan college of engineering and technology.,3
"Dhaanish Ahmed College of Engineering , Padappai",3
The University of Alabama in Huntsville,2
Sri Sai Aditya Institute Of science and technology,3
Sree Sakthi Engineering College ,3
NRI Institute Of Technology,3
University of Engineering and Technology Lahore,2
Marwadi University,3
B.V.R,3
JIET School of Engineering & Technology for Girls,3
amity university rajasthan,3
Pillais college of Engineering and Technology,3
KLS Gogte Institute Of Technology,3
university of North Texas,3
yadavrao tasgaonkar institute of engineering and technology,3
University of New South Wales,1
"Maeer's Arts, Commerce and Science College",3
Mahatma Gandhi Mission College of Engineering And Technology,3
JIIT,2
King Mongkut's University of Technology Thonburi,2
Chitkara University ,3
Dhanalakshmi Srinivasan College of Engineering and Technology,3
Panineeya dental college ,3
Lokmanya Tilak institute of architecture and design studies,3
Univ of Myongji,2
"Dr. D Y Patil, School of Engineering and Technology.",3
pace,3
Shobhit University,3
Sardar Patel Inst. of Tech. & Mgmt.,3
ABES Institute of Technology,3
"Universal College Of Engineering ,kaman road,vasai",3
ISDI PARSONS ,1
BVCOEW,3
IIT Jammu,1
Mohamed Sathak A.J. Academy of Architecture,3
Sri Krishna College of Engineering and Technology,3
Prof.Ram Meghe Institutions Of Technology And Research,3
Mahatma Gandhi Institute of Engineering & Management,3
Sri Krishnadeveraya University College of Engineering And Technology,3
"JNTU college of engineering,jagtial",3
"institute of technology and management,gwalior",3
GSSS Institute Of Engineering And Technology For Women,3
PDPM IIITDM Jabalpur,2
"Brihan Maharashtra College of Commerce, Pune",3
Maharaja Vijayaram Gajapathi Raj College of  Engineering,3
"mit,manipal",2
Loyola college ChennaI,2
Loyola Institute Of Technology And Management,3
SRK institute of technology,3
Sinhgad College Of Science,3
NIT Agartala,2
Neil Gogte Institute of Technology,3
Sir C.R REDDY College of Engineering ,3
BIET,3
G. H. Patel college of engineering and technology,3
University of Massachusetts Boston ,3
"Maharastra Institute of Technology , Pune",3
New Prince Shri Bhavani College of Engineering & Technology,3
Indian Institute of Management and Commerce ,3
Cochin University of Science and Technology ,2
IIITDM ,2
M B M Engineering College,2
Dharamsi Desai institute of technology,3
PVPSIT,3
aliet,3
devi ah,3
kkw collge of engineering ,3
King Faisal University,2
SNDT Shreemati Nathibai Damodar Thackersey Women's University,2
jawaharlal Nehru Technological University Hyderabad,2
Southern International Hotel Management Academy,3
Tier 3 College ,3
walchand Institute of Technology,2
U V PATEL COLLEGE OF ENGINEERING,3
Sage University,3
"Choithram School, Manik Baugh",3
Medicaps Institute of Technology and Management ,3
CT University,3
Vignan's Institute Of Information Technology,3
Suryadatta Institute of vocational and advanced studies,3
Parsons School of Design,1
jss,3
Indian Institute of Information Technology and Management,2
Malnad College Of Engineering,3
St vincent Pallotti college of engineering and technology,3
"JSCOE,Hadapsar ,Pune",3
Tata Institute of Social Sciences,1
"mahindra ecole centrale, Hyderabad",2
Thakur college ,3
Anand commerce college,3
BVRIT Hyderabad College of Engineering for Women,3
does it matter,3
Sandip School Of Commerce and Management Studies,3
"aditya college of engineering,madanapalle",3
Auroras Engineering College,3
RNS Institute of Technology,3
SSN College of Engineering ,2
"Bharati Vidyapeeth's College Of Engineering For Women, Katraj",3
"Vignans institute of information technology, Visakhapatnam",3
"KCG College of Technology , Karapakkam, OMR",3
Swarnandhra college of engineering and technology,3
Mukesh Patel School of Technology and Management Engineering,2
sri venkateawara college ,3
"St Joseph college of Engineering, Vamanjoor",3
"Prof. Ram Meghe College of Engineering & Management, Badnera",3
Svit vasad,3
"California State University, East Bay",2
Sal college of engineering ,3
Thakur College of Engineering and Technology,3
National Insitute of Technology,2
Sree Vidyanikethan Engineering College,3
"Rajarambapu Institute of Technology, Islampur",3
Technocrats Institute of Technology & Science,3
parshvanath college of engineering,3
"Sri Madhwa Vadiraj Institute Of Technology And Management, Bantakal ",3
college of engineering and technolo...,3
Alliance School of Law,2
Indian Institute of Technology Tirupati ,1
amity university,2
IIT BHU,1
K.K Wagh ,3
J.B.Institute of Engineering ,3
"Pearl Academy, Mumbai",2
Jis University,3
University of Dhaka,2
St. Francis Institute of Technology ,3
University of Delhi,2
velammal institute of technolog,3
DAIICT,2
p.e.s modern college,3
G. Narayanamma Instutute of Technology ans Science for,3
Vivekanand Education Society's College of Pharmacy ,3
Tolani College of Commerce,3
university of Illinois at Chicago,2
GM institute of technology DVg,3
Vignan Institute of Information Technology,3
Lakireddy Balireddy College of Engineering,3
Gautam Buddha University,2
Jaypee University of Information Technology,2
University of Houston - Clear Lake,3
university of south alabama,3
KSIT ,3
Atmiya Institute of Technology and Science,3
"TSSM's Bhivarabai Sawant College Of Engineering And Research, Narhe",3
JSPM Narhe Technical Campus,3
R M D ENGINEERING COLLEGE,3
shiv nadar university,2
IIIT Sricity,2
"hemchandracharya north gujarat university, patan, Patan",3
SRK INSTITUTE OF TECHNOLOGY,3
Nalla Malla Reddy Engineering college ,3
limkokwing university of creative technology,3
university of Khartoum,2
"Government College of Engineering, Tirunelveli",2
SIES GST,3
MBSCET,3
JECRC University,3
Chittagong University of Engineering and Technology,2
Suprabhath College of Engineering and Technology,3
Progressive education society Modern college of engineering,3
eastern Illinois University,3
The New College ,3
Pune International School,3
Joshi bedekar college,3
Cummins college of engineering,3
SVKM Usha Pravin Gandhi College of management,3
Mnr dental college and hospital,3
Assam Engineering College,2
Sri Krishnadevaraya University,3
godavari institute of engineering ,3
"Jawaharlal Nehru technological university, Kakinada",2
himalyan university,3
Anant Institute of Architecture,3
R.M.K COLLEGE OF AND TECHNOLOGY,3
Pillai College Of Architecture,3
seacom engineering college,3
Dr. Akhilesh Das Gupta Institute Of Technology and Management,3
APIED,3
rimt maharaja aggarsen engineering college mandigobindgarh,3
Surya school of engineering and technology,3
Kathmandu University School of Management ,2
Siddaganga Institute Of Technology,3
SRM UNIVERSITY Amaravati ,2
Osmania University  ,2
Swami Vivekanand College of Science & Technology,3
Terna Public Charitable Trust Collage of Enggineering Osmanabad ,3
university institute of chemical technology ,1
"Dr.D.Y.Patil Institute of Engineering Management and Research, Akurdi",3
Gurukul Institute of Engineering & Technology,3
NYU,1
UCSD,1
University of Hyderabad,2
Nagindas Khandwala,3
IISER Mohali,1
"St. Joseph's College Of Engineering, Anna University",3
RMK Engineering College,3
"Indian Institute of Information Technology, Bhagalpur",2
msrit,2
University of Sharjah,2
RN Modi Engineering College,3
CSIR-CECRI,3
Sree Vidyaniketan Engineering College,3
St.Vincent Pallotti College of Engineering & Technology,3
Mahakal Institute of Technology & Management,3
Savitribai Phule Pune University,2
Teegala Krishna Reddy Engineering College,3
STATE INSTITUTE OF ENGINEERING AND TECHNOLOGY,3
PRIST U,3
K. R. Mangalam University ,3
Uiet ,3
Greater Kolkata college of engineering and management ,3
k.j somaiya,2
Charotar University of Technology Changa,3
"National Institute of Advanced Manufacturing Technology, Ranchi",2
Shri G. S. Institute Of Technology And Science,2
Nyss Datta Meghe College Of Engineering,3
"Jawaharlal Nehru Institute Of Technology, Pulivendula",3
Lahore School of Economics,2
"DY Patil Institute Of Engineering & Technology, Pimpri",3
DIT University,3
AVN Instituteof Engineering And Technology,3
Marthwada mitra Mandal college of engineering,3
PRMIT,3
govt s k sj t i,3
random,3
Rajarambapu Institute of Technology,3
Vaishnavi School Of Architecture And Planning,3
Kingston Engineering College,3
Annasaheb Chudaman patil college of engineering,3
west bengal university of technology,2
"bharati vidhyapeeth college of engineering, navi mumbai",2
Government Dental College and Hospital. ,2
"D.Y.Patil College of Engg,Akurdi, Pune",2
Scsvmv university,3
"Sri Ram Engineering College , Veppampattu",3
College Of Engineering Adoor,3
Northeastern university,1
"Sri Sairam Engineering College , West Tambaram, Chennai",3
Podar International School,3
Seattle University,2
Clarkson University,2
LD College of Engineering,2
"Government Engineering College,Thrissur,Kerala,India, Thrissur",2
St. Josephs college of engineering,3
University of Mines and Technology,2
"G. N. KHALSA COLLEGE , MATUNGA",3
Duquesne University ,2
"Sri Ramanujar Engineering College , Vandalur",3
Guru Nanak Institutions Technical Campus ,3
johns hopkins,1
Anna Adarsh College,3
IIT Palakkad,1
jawaharlal nehru memorial school,3
SVITS,3
Puranchandra,3
MIT Pune,2
JSSATE,2
Rajiv Gandhi College of Engineering and Technology,3
universal college,3
Embry Riddle Aeronautical University ,2
Viswanadha institute of technology and management,3
ITER,2
gec modasa,3
University if Dayton,2
Vidya Academy Of Science and technology,3
jntuh college of engineering sulthanpur,3
Noakhali Science and Technology university  ,3
SIES,2
Illinois institute of technology,2
PICT,2
Vignan’s Foundation of Science technology and research ,3
National institute of technology Andhra pradesh,2
st.peters engineering college hyderabad,3
texas A&M University commerce ,3
CMR College of Engineering & Technology,3
TJIT,3
rajagiri,3
Sri Harshini Degree College,3
Maharaja Agrasen Institute of Technology,2
sigma institute of technology,3
Amina Institute Of Technology,3
"laxminarayan institute of technology, nagpur, Nagpur",2
IIT Bhubaneshwar,1
IIITDM Kancheepuram,2
A.I.S.S.M.S college Of Engineering,3
"Vivekanand education society of institute technology, chembur",2
Renaissance college of commerce and management ,3
Koneru Lakshmaiah Education Foundation,3
Dr. A.P.J Abdul Kalam Technical University,2
"College of Engineering and Technology ,Akola",3
st. peters institute of Pharmaceutical sciences,3
"National Institute of Technology, Uttarakhand",2
sri mittapalli college of engineering,3
BMS INSTITUTE OF TECHNOLOGY,2
jntu anantapur ,2
K.J.Somaiya,2
YMCAUST ,2
Stanford,1
Keshav Memorial Institute Of Technology,3
Vesit,2
Vaagdevi Engineering College,3
National Kaohsiung University of Science and Technology,2
Dayananda Sagar College of engineering,2
"Government Engineering College, Barton Hill",3
Vignan Nirula Institute of Technology and Science for Women,3
GGSIPU,2
pulchowk engineering,2
G.narayanamma institute of technology and science,3
Nagarjuna University,3
Vignan’s Lara Institute of Technology,3
Trinity academy,3
"Dhanlakshmi College of Engineering , Manimangalam",3
"Dr. D. Y. Patil College of Engineering, Akurdi, Pune",3
Manipal Institute of Technology,2
Gudlavalleru Engineering College,3
Netaji Subhas University of Technology,2
"Sri padmavathi mahila visvavidyalayam, tirupati",3
klu,2
Maharaja Krishnakumarsinhji Bhavnagar University,3
"Lokmanya Tilak College of Engineering , Koparkhairane",3
KLU,2
McGill University,1
university bdt college of engineering,3
"Indian Institute of Information Technology , Sri city",2
Uttarakhand technical university,3
Dr Apj Abdulkalam University Indore,3
"C K Pithawala College of Engineering and Technology, Surat",3
Kj Somaiya college of engineering,3
STJ Institute Of Technology,3
Pune University,2
"Ramrao Adik Institute of Technology,nerul",3
MIT Manipal,2
"DY Patil College Of Engineering, Akurdi",3
Pillai college of arts commerce and science ,3
O.P. JINDAL GLOBAL UNIVERSITY ,2
"GD Goenka university, Sohna",3
Stmartins engineering college,3
Thadomal Shahani Engineering College,3
QIS Institute Of Technology,3
Dhanekula Institute of Engineering & Technology ,3
Rutgers Business School,2
Assam Don Bosco University,3
"PICT, Pune",3
Carmel Convent School ,3
"IOE, Western Region Campus, TU",2
Gandhinagar Institute Of Technology,3
l r tiwari college of engineering,3
The National Institute of Engineering,3
Bharati Vidyapeeth College of Architecture,3
"pillais college of hoc college of engineering,rasayani",3
Ambala College Of Engineering And Applied Research,3
Annamalai University,3
Hindustan Institute of Technology,3
Hindustan College of Engineering and Technology,3
jagarlamudi kuppuswamy chowdary college,3
Vedica College Of Pharmacy,3
Future Institute of Engineering ,3
Rai University,3
IIT ISM Dhanbad,1
L.D.R.P.-I.T.R.,3
s r k r engineering college,3
Sai vidya institute of technology ,3
FR CONCEICAO RODRIGUES INSTITUTE OF TECHNOLOGY,3
Vignan's Institute of Information Technology,3
"NAGESH KARAJGI ORCHID COLLEGE OF ENGINEERING AND TECHNOLOGY,SOLAPUR",3
NSS College of Engineering,3
khulna university of engineering and technology ,2
"Institute of technology and management universe, Vadodara",3
BV Bhoomaraddi College Of Engineering And Technology,3
Keshav Memorial Institute of Technology,3
The Northcap University,3
National Tsing Hua University,1
Goa University,3
vidyavardhaka college of engineering,3
skct,3
IGIT Sarang,3
University of Alabama at Huntsville,2
Sreyas Institute of Engineering and Technology,3
P.R patil college of engg and technology,3
Shri Sad Vidya Mandal Institute Of Technology,3
Lynn University ,3
"KJ's Trinity College Of Engineering And Research, Pisoli",3
KSRM College of Engineering,3
kakinada institute of engineering and technology,3
Prof Ram Meghe Institute of Technology and Research Badnera,3
"rural dental college , Loni",3
"Government Engineering College, Aurangabad",3
"N.C.College of Engineering, Israna,Panipat,Haryana",3
Ahmedabad Management Association,3
"K.J Somaiya college of Engineering,Vidyavihar",3
Sree Kavitha Engineering College,3
New Horizon College of Engineering,3
KIIT UNIVERSITY,2
Javaharlal nehru techincal univerity,2
Rajiv Gandhi Technical University ,2
LNCT-S Bhopal ,3
Guru Nanak Institute Of Technology,3
Apex International Institute of Technology,3
MGM's Jawaharlal Nehru Engineering College,3
MVSR engineering college,3
"K K WAGH INSTITUTE OF ENGINEERING EDUCATION AND RESEARCH, NASIK, Nashik",3
Maulana Abul Kalam Azad University of Technology,2
SS AGRAWAL COLLAGE NAVSARI,3
prestige institute  of management and research,3
Medicaps Institute of Science & Technology,3
Holymary Institute Of Technology And Science,3
university of south florida,2
"Dr. B R Ambedkar National Institute of Technology, Jalandhar",2
university of Cincinnati,2
 DR D.Y. patil college of Physiotherapy,3
Sacred Heart College Kochi,3
"Srinivasa Institute Of Engineering  And Technology, Amalapuram",3
The Tamilnadu Dr. MGR Medical university,3
SASTRA University ,2
Sri krishna college of technology,3
"Gitanjali School , Hyderabad",3
Goa College of Engineering,3
Zakir Hussain College Of Engineering ,3
"Mahatma Gandhi Missions College of Engineering and Technology, Kamothe, Navi Mumbai",3
Birla Institute of Technology ,2
vidya vardhaka college of engineering mysooru,3
"Srishti Institute of Art, Design and Technology",3
"DYPCOE, Akurdi",3
Delhi Technological University,2
IET Lucknow,3
University of Pennsylvania,1
Institute of Engineering and Technology - Ahmedabad University ,3
Indian Institute of Information Technology Kottayam ,2
Oriental Institute of Science & Technology,3
United college of engineering and research,3
railway degree college,3
Indian Institute of Technology Bhubaneswar ,1
Sreyas institute of engineering and technology,3
sreenivasa institute of technology and management studies,3
Chandigarh University,2
Alliance University,3
Vellore Institute of Technology  - Bhopal,3
Indian Institute of Technology Delhi,1
SZABIST,2
Deogiri college,3
Koustuv Institute of Self Domain,3
College of Engineering Guindy,2
V.V.P. ENGINEERING COLLEGE,3
FR CONCEICAO RODRIGUES INSTITUE OF TECHNOLOGY,3
Lendi Institute Of Engineering & Technology,3
"Maharashtra Institute Of Technology , Aurangabad",3
JNEC,3
thadomal shahani xollege,3
"KKWIEER,",3
Vel tech engineering college,3
Nanhi Pari Seemant Engineering Institute ,3
Yeshwantrao Chavan College of Engineering,3
"NMIMS Mukesh Patel School of Technology and Management, Vile Parle, Mumbai",2
Sri Venkateshwara college of engineering and technology,3
IOE Pulchowk Campus,2
JNTUH COLLEGE OF ENGINEERING SULTHANPUR,2
Nannapaneni Venkat Rao engineering college,3
Fast-Nu Isb,2
Dms svh,3
Universidad Católica ,2
"K J Somaiya College of Engineering, Mumbai",2
Vijaya Vittala Institute Of Technology,3
Sikkim Manipal Institute DE,3
University College of Engineering  RTU  Kota,2
pragati engineering college,3
chhatrapati shahu ji maharaj university,3
Dayananda Sagar College of Engineering,2
Gurunanak Institute Of Technology ,3
"bapatla engineering college,baptla",3
SV University,2
JAWAHARLAL NEHRU ARCHITECTURE AND FINE ARTS UNIVERSITY ,2
BMS school of architecture,2
Atharva,3
"Smt. Indira Gandhi College Of Engineering, Koparkhairane",3
Symbiosis Institute of Computer Studies and Research,2
St. Xavier's School,3
Dr.D.Y.PATIL School Of Engineering Lohegaon Pune,3
UMass Dartmouth ,2
Central University of Tamil Nadu,2
James Cook University,2
Andhra University,2
ramarao adik institute of technology,2
"Jain Degree College, Belgaum",3
Believers church Caarmel engineering college,3
Valparaiso,2
Chameli Devi Group of Institutions,3
"Amity University, Mumbai",2
"BR Harne College Of Engineering & Technology, Ambernath",3
North west missouri state,2
D Y Patil University School of Biotechnology and Bioinformatics,3
Sengunthar College of engineering,3
SHRI G.S. INSTITUTE OF TECHNOLOGY & SCIENCE,2
CARE DENTAL COLLEGE,3
George college ,3
"Smt. Indira Gandhi college Of Engineering, Koparkhairane, Mumbai",3
Sree Venkateswara College Of Engineering,3
Kocaeli University,2
Symbiosis Skill and Professional University ,2
SAL Institute of Technology And Engineering Research,3
Adams Engineering College,3
queen mary university of london,1
P.V.P.I.T- Budhgaon,3
vidhyavardhin,3
Jeppiaar Engineering College,3
"ytiet,karjat",3
Vellore Institute of Technology  - Amravati,2
Fcrit vashi,2
Hemwati Nandan bahuguna garhwal university ,3
Vidyalankar VSIT,3
"Dr DY Patil Institute Of Engineering And Technology, Ambi",3
Charotar University of Science and Technology,2
National Institute of Technology Hamirpur,2
Neotech institute of technology,3
"Apeejay School, Noida",3
LBRCE,3
vedanta college of management and Information Technology,3
Dr. APJ Abdul Kalam Technical University,2
B.V.Raju Institute Of Technology,3
Stafforshire University,2
Sant Rawool Maharaj Mahavidyalay,3
"Government College of Engineering, Amravati",2
Malla Reddy College Of Engineering For Women,3
Govind Ballabh Pant Engineering College,2
K.D.K. College of Engineering,3
Sapthagiri College Of Engineering,3
Bapatla Womens Engineering College,3
B.S.A.Crescent Institute of Science and Technology ,2
Guru ghasidas vishwavidyalaya,3
Amritsar College of Engineering and Technology,3
L.d. college of engineering,2
EURO TECH MARITIME ACADEMY,3
apollo instute of engineering and technology,3
"Bharati Vidyapeeth College Of Engineering, ",2
Indian institute of engineering science and technology Shibpur,2
"MET Institute of Engineering , Nashik",3
P P Savani University,3
R C Patel Institude of Technolgy,3
Banasthali Vidyapeeth,2
venus institute of physiotherpay,3
All India Shri Shivaji Memorial Society's  College Of Engineering,3
Heriot Watt University,2
St Joseph's Institute of technology ,3
Jeppiaar maamallan engineering college ,3
Genesis institute of dental sciences and research ,3
"Shri Ramdeobaba college of engineering and management., Nagpur",3
SS Institute Of Technology,3
"Sardar Patel Institue of Technology , mumbai",2
G H Raisoni institute Of Engineering ,3
Anna University Guindy: ACTech ,2
LS RAHEJA SCHOOL OF ARCHITECTURE,3
sagi rama krishnam raju engineering college,3
Shri Ramswaroop Memorial College Of Engineering and Management,3
"Chalapathi Institute Of Pharmaceutical Sciences
",3
"Sri Vishnu institute of technology, BHIMAVARAM",3
"V.V & M Aided Degree College, Ongole , Andhrapradesh",3
Raja Mahendra College Of Engineering,3
Shri Dwarkadas J Sanghvi College Of Engineering,2
Shoolini University ,3
rtuk,3
LJ institute engineering and technology,3
Pokhara university,3
Modern Institute of Technology & Research Centre,3
Indian Institute of Information and ,3
Maulana Abul Azad University of Technology,3
Shaheed Bhagat Singh College,2
kottam college of engineering,3
"B V Raju institute of technology, Narsapur, Medak",3
Gurunank institute of technology,3
Deogiri Institute of engineering and management studies,3
"sanjivani college of engineering, Kopargaon",3
GEC Gandhinagar Sector 28,3
Acharaya Institute Of Technology,3
andhra university college of engineering,2
"Sri Venkateswara University College of Engineering, Tirupati, Tirupati",2
"Maharastra Institute of Technology, World Peace University",2
Vasavi College of Engineering,2
Vidyavardhini's College of Engineering and Technology,3
"Himachal Pradesh University , University Institute of Information and Technology",3
"Dr.D Y Patil Institute Of Engineering, Management and Research.",3
G.B. Pant Engineering College,3
AMC Engineering College,3
"JC Bose University of Science and Technology, YMCA",2
MGM Institute Of Management,3
Annamacharya College of Pharmacy,3
"K. J. Somaiya College Of Engineering, Mumbai",2
"G H Raisoni College of Engineering, PUNE",3
NIT Trichy,1
Symbiosis Law School,2
Saveetha Engineering College,3
A.C. Patil College Of Engineering,3
azerbaijan state oil and industry university,3
Jagadambha college of engineering and technology,3
Sri Manakula Vinayagar Engineering College,3
Maharashtra Academy of Naval Education and Training ,3
College of Engineering Pune,2
medicaps institute of science and technology,3
Doon Valley Institute of Engineering and Technology,3
Malla reddy college of pharmacy ,3
Jaypee university,2
d y patil college of engineering and technology kolhapur,3
B.P. Poddar Institute of Management and Technology ,3
University of Texas at Dallas,2
Indus Institute of technology and engineering,3
Amrita University,2
Meghna institute of dental sciences,3
BITS Pilani- Hyderabad,1
Uttar Pradesh technical university,3
culinary academy of India ,3
"Pimpri Chinchwad College Of Engineering And Research, Ravet",3
G narayanamma institute of technology and science,3
VEERMATA JEEJABAI TECHNOLOGY INSTITUTE,2
S.I.E.S. GST,3
C.U.SHAH COLLEGE OF ENGINEERING AND TECHNOLOGY,3
BPUT,2
Kannur University,3
ABES ,3
Poojya Dodappa Appa College Of Engineering,3
Vijaya Engineering College,3
Vtu Bengaluru,2
"Bharath University, Selaiyur, Tambaram",3
bharath university ,3
Dr D Y Patil School of Physiotherapy,3
Aditya College of Engineering and Technology,3
GOVt engineering college thrissur,2
singhad academy of engineering,3
Shri shankara college of engineering and technology,3
Vignan's nirula institute of technology and science for women,3
telangana state aviation academy,3
"Padre Conceicao College of Engineering, Verna, Goa",3
sinhgad institute of technology and science ,3
Acharya Nagarjuna University,3
American International University - Bangladesh,3
The University of Nottingham ,1
Rajarshi Shahu College Of Engg,3
Moradabad Institute Of Technology,3
C. S. Patel Institute of Technology,3
Shaheed Sukhdev College of Business Studies ,2
Jain college ,3
St Joseph Engineering College,3
Chittagong University of Engineering & Technology,2
Feroze Gandhi institute Of Engineering Technology,3
velllore institutions of  technology,2
"Saraswati Education Society, Group Of Institutions, Diksal",3
TATVA INSTITUTE OF TECHNOLOGICAL  STUDIES,3
"Global Academy Of Technology, Bengaluru",3
kongu engineering college Perundurai,2
Gandhi Institute of Technology and Management,2
Aurora's Scientific And Technological Institute,3
Global Academy of Technology,3
GB PANT GOVERNMENT ENGINEERING COLLEGE,2
Hidayatullah National Law university,1
N.I.T Kurukshetra,1
VEMANA INSTITUTE OF TECHNOLOGY,3
techno main saltlake,2
School of Environment and Architecture,3
college of engineering guindy,2
Rajiv Gandhi institute of Technology Kottayam,2
Sri venkateswara veterinary university ,3
Indira College of Enggineering amd Management,3
KBNCE ,3
"St Josephs Institute of Technology,Sholinganallur",3
Rungta College of Engineering and Technology,3
St. Martin's Engineering College,3
Jawaharlal Nehru Technological University Hyderabad,2
"SS College of Engineering, Udaipur",3
"Govt. College of engineering, Aurangabad",2
Advanced College of engineering and management,3
Sejong University,2
Frcrit Vashi,3
techno india college of technology,3
"AISSMS COE, Pune",3
vidya jyothi institute of technology,3
